minute,hh:mm,name,age,gender,occupation,prefecture,income_jpy,channel,category,sku,price_jpy,impulse,reason
430,07:10,林 桜,55,女,会社員,千葉県,5770000,Uniqlo online,アパレル,感動パンツ ウルトラライト ストレッチ ストレート (ブラック 32inch),3990,0,朝の準備中ふと / 通勤新調
455,07:35,林 桜,55,女,会社員,千葉県,5770000,Amazon,コーヒー,STARBUCKS ハウス ブレンド ホール 250g,1321,1,通勤中ふと思い出して / 切らした
1200,20:00,林 桜,55,女,会社員,千葉県,5770000,Uniqlo online,アパレル,リネンブレンド オープンカラー シャツ 半袖 (オフホワイト L),3990,1,夜のリラックス中に / 週末カジュアル
1235,20:35,林 桜,55,女,会社員,千葉県,5770000,Uniqlo online,アパレル,リネンブレンド オープンカラー シャツ 半袖 (オフホワイト L),3990,1,夜のリラックス中に / 安心のリピート
1305,21:45,林 桜,55,女,会社員,千葉県,5770000,Uniqlo online,アパレル,ヒートテック クルーネックT 極暖 (グレー M),1990,1,夜のリラックス中に / 冬支度
1120,18:40,佐々木 陽翔,47,男,主婦・主夫,東京都市部,1440000,Uniqlo online,アパレル,感動パンツ ウルトラライト ストレッチ ストレート (ブラック 32inch),3990,0,夕食後にカートを処理 / 通勤新調
1375,22:55,佐々木 陽翔,47,男,主婦・主夫,東京都市部,1440000,楽天市場,化粧品,ETUDE ティアアイライナー 限定色,1609,0,家族の話題から / 新作
1070,17:50,森 綾,19,女,販売員,神奈川県,2220000,Amazon,日用品,アタック ZERO 抗菌プラス 詰替 720g,448,0,勤務中こっそり / ストック切れ
1250,20:50,森 綾,19,女,販売員,神奈川県,2220000,SHEIN,雑貨,SHEIN シルバーチェーンネックレス 3点セット,652,1,夜のリラックス中に / Y2Kコーデ
1270,21:10,森 綾,19,女,販売員,神奈川県,2220000,Uniqlo online,アパレル,感動パンツ ウルトラライト ストレッチ ストレート (ブラック 32inch),3990,1,夜のリラックス中に / 通勤新調
1295,21:35,森 綾,19,女,販売員,神奈川県,2220000,SHEIN,雑貨,SHEIN シルバーチェーンネックレス 3点セット,585,1,夜のリラックス中に / Y2Kコーデ
1135,18:55,佐々木 綾,32,女,主婦・主夫,東京都23区,1210000,メチャカリ,アパレル,メチャカリ ベーシックプラン 月額,3278,0,夕食後にカートを処理 / サブスクで色々試したい
1145,19:05,佐々木 綾,32,女,主婦・主夫,東京都23区,1210000,iHerb,食品,California Gold ナッツミックス 907g,2795,0,夕食後にカートを処理 / 間食用
1315,21:55,清水 雄太,76,男,パート,千葉県,1800000,Yahoo!ショッピング,日用品,レノア 本格消臭 詰替 1320ml,909,1,夜のリラックス中に / PayPayキャンペーン
1055,17:35,木村 克彦,55,男,会社員,東京都23区,5000000,Uniqlo online,アパレル,エアリズム コットン クルーネックT 半袖 (ネイビー L),1290,0,勤務中こっそり / 夏前リピート
1185,19:45,木村 克彦,55,男,会社員,東京都23区,5000000,MUJI passport,日用品,無印良品 化粧水 敏感肌用 高保湿 200ml,690,0,夕食後にカートを処理 / リピート
1230,20:30,木村 克彦,55,男,会社員,東京都23区,5000000,Amazon,電子書籍,Kindle 三体III 死神永生 上,1820,1,夜のリラックス中に / 話題のSF
1295,21:35,木村 克彦,55,男,会社員,東京都23区,5000000,honto,電子書籍,hontoポイント 1000円分,1000,1,夜のリラックス中に / 次回用ポイント購入
1370,22:50,木村 克彦,55,男,会社員,東京都23区,5000000,楽天市場,日用品,除菌できるウェットティッシュ 100枚 x 8パック,1733,1,寝る前に思い立って / ポイント10倍
675,11:15,石川 智也,53,男,経営者・役員,東京都市部,19050000,楽天市場,日用品,除菌できるウェットティッシュ 100枚 x 8パック,1547,0,勤務中こっそり / ポイント10倍
970,16:10,石川 智也,53,男,経営者・役員,東京都市部,19050000,Yahoo!ショッピング,日用品,除菌洗剤 業務用 4L,3208,0,勤務中こっそり / PayPay祭
1125,18:45,石川 智也,53,男,経営者・役員,東京都市部,19050000,Amazon,コーヒー,UCC ザ ブレンド 114 レギュラーコーヒー 360g x 6,4553,0,夕食後にカートを処理 / 在宅用ストック
1300,21:40,石川 智也,53,男,経営者・役員,東京都市部,19050000,BUYMA,アパレル,【正規品】POLO Ralph Lauren ケーブルニット 紺 M,28752,1,夜のリラックス中に / クラシック
1310,21:50,石川 智也,53,男,経営者・役員,東京都市部,19050000,楽天市場,食品,北海道産 ホタテ貝柱 1kg 訳あり,7408,1,夜のリラックス中に / ポイント10倍
390,06:30,佐藤 凛,51,女,看護師,埼玉県,5810000,メルカリ,アパレル,MUJI 90s ヴィンテージ チノパン 31inch,3227,0,朝の準備中ふと / 古着趣味
415,06:55,佐藤 凛,51,女,看護師,埼玉県,5810000,MUJI passport,家具,無印良品 ポリエステル 綿フランネル こたつ布団,9990,0,朝の準備中ふと / 冬支度
965,16:05,佐藤 凛,51,女,看護師,埼玉県,5810000,MUJI passport,アパレル,無印良品 オーガニックコットン Vネック 半袖T 白 M,1490,0,勤務中こっそり / 夏定番
1390,23:10,佐藤 凛,51,女,看護師,埼玉県,5810000,Uniqlo online,アパレル,ヒートテック クルーネックT 極暖 (グレー M),1990,1,寝る前に思い立って / 冬支度
445,07:25,松本 孝雄,38,男,会社員,神奈川県,6870000,honto,書籍,THE THREE-BODY PROBLEM (English),2980,0,朝の準備中ふと / 原書チャレンジ
770,12:50,松本 孝雄,38,男,会社員,神奈川県,6870000,Uniqlo online,アパレル,ヒートテック クルーネックT 極暖 (グレー M),1990,0,ランチ食べながら / 冬支度
940,15:40,松本 孝雄,38,男,会社員,神奈川県,6870000,Uniqlo online,アパレル,エアリズム コットン クルーネックT 半袖 (ネイビー L),1290,0,勤務中こっそり / 夏前リピート
1080,18:00,松本 孝雄,38,男,会社員,神奈川県,6870000,Yahoo!ショッピング,日用品,レノア 本格消臭 詰替 1320ml,1003,1,通勤中ふと思い出して / PayPayキャンペーン
1110,18:30,松本 孝雄,38,男,会社員,神奈川県,6870000,Uniqlo online,アパレル,リネンブレンド オープンカラー シャツ 半袖 (オフホワイト L),3990,1,通勤中ふと思い出して / 週末カジュアル
1130,18:50,松本 孝雄,38,男,会社員,神奈川県,6870000,Yahoo!ショッピング,日用品,レノア 本格消臭 詰替 1320ml,965,0,夕食後にカートを処理 / 安心のリピート
1140,19:00,松本 孝雄,38,男,会社員,神奈川県,6870000,Amazon,日用品,LION クリニカ アドバンテージ ハミガキ 130g x 3,1166,0,夕食後にカートを処理 / まとめ買い
915,15:15,長谷川 大翔,51,男,会社員,東京都23区,5970000,honto,書籍,夜は短し歩けよ乙女 (角川文庫),770,0,勤務中こっそり / 安心のリピート
1085,18:05,長谷川 大翔,51,男,会社員,東京都23区,5970000,Uniqlo online,アパレル,リネンブレンド オープンカラー シャツ 半袖 (オフホワイト L),3990,1,通勤中ふと思い出して / 週末カジュアル
1405,23:25,長谷川 大翔,51,男,会社員,東京都23区,5970000,Yahoo!ショッピング,日用品,レノア 本格消臭 詰替 1320ml,892,1,寝る前に思い立って / PayPayキャンペーン
490,08:10,橋本 節子,74,女,退職,千葉県,1950000,楽天市場,化粧品,KOSE 雪肌精 化粧水 200ml,2938,1,朝のゆっくり時間に / 安心のリピート
885,14:45,橋本 節子,74,女,退職,千葉県,1950000,MUJI passport,日用品,無印良品 アロマオイル ラベンダー 10ml,1190,1,午後のくつろぎ中に / 安心のリピート
1185,19:45,橋本 節子,74,女,退職,千葉県,1950000,Amazon,コーヒー,猿田彦珈琲 大吉ブレンド ドリップバッグ 10個,1891,0,夕食後にカートを処理 / 気分転換
1120,18:40,長谷川 彩,71,女,退職,東京都23区,2440000,MUJI passport,アパレル,無印良品 縦横ストレッチ 細身パンツ 黒 32inch,3990,0,夕食後にカートを処理 / 通勤用
1240,20:40,長谷川 彩,71,女,退職,東京都23区,2440000,MUJI passport,日用品,無印良品 アロマオイル ラベンダー 10ml,1190,1,TVショッピング見て / リラックス
1150,19:10,松本 智也,35,男,販売員,神奈川県,2810000,メルカリ,ホビー,ポケモンカード SV6a スカーレットex 1BOX,7767,0,夕食後にカートを処理 / 再販分
1185,19:45,松本 智也,35,男,販売員,神奈川県,2810000,MUJI passport,アパレル,無印良品 オーガニックコットン Vネック 半袖T 白 M,1490,0,夕食後にカートを処理 / 夏定番
1215,20:15,松本 智也,35,男,販売員,神奈川県,2810000,メルカリ,アパレル,【美品】UNIQLO x JW Anderson コラボ ニット L,3814,0,夕食後にカートを処理 / 安心のリピート
1245,20:45,松本 智也,35,男,販売員,神奈川県,2810000,honto,電子書籍,hontoポイント 1000円分,1000,1,夜のリラックス中に / 安心のリピート
500,08:20,長谷川 蓮,72,男,パート,千葉県,2190000,Uniqlo online,アパレル,リネンブレンド オープンカラー シャツ 半袖 (オフホワイト L),3990,0,朝の準備中ふと / 週末カジュアル
965,16:05,長谷川 蓮,72,男,パート,千葉県,2190000,honto,電子書籍,hontoポイント 1000円分,1000,0,勤務中こっそり / 次回用ポイント購入
435,07:15,加藤 智子,38,女,教員,茨城県,6070000,Amazon,電化製品,Logicool MX Master 3S ワイヤレスマウス,15673,0,朝の準備中ふと / 新調
590,09:50,加藤 智子,38,女,教員,茨城県,6070000,iHerb,食品,California Gold ナッツミックス 907g,2797,0,勤務中こっそり / 安心のリピート
1080,18:00,加藤 智子,38,女,教員,茨城県,6070000,Amazon,電子書籍,Kindle 三体III 死神永生 上,1820,1,通勤中ふと思い出して / 話題のSF
1100,18:20,加藤 智子,38,女,教員,茨城県,6070000,楽天市場,化粧品,資生堂 マキアージュ ドラマティック ジェリー BB,3680,1,通勤中ふと思い出して / 安心のリピート
1155,19:15,加藤 智子,38,女,教員,茨城県,6070000,Uniqlo online,アパレル,ヒートテック クルーネックT 極暖 (グレー M),1990,0,夕食後にカートを処理 / 安心のリピート
1235,20:35,加藤 智子,38,女,教員,茨城県,6070000,楽天市場,食品,北海道産 ホタテ貝柱 1kg 訳あり,7473,1,夜のリラックス中に / ポイント10倍
1335,22:15,加藤 智子,38,女,教員,茨城県,6070000,Oisix,食品,Kit Oisix 牛肉と野菜のチンジャオロース 2人前,1580,1,夜のリラックス中に / 安心のリピート
1000,16:40,山口 莉子,76,女,退職,栃木県,2950000,iHerb,化粧品,Burt's Bees リップ バーム ハニー,631,1,午後のくつろぎ中に / リピート
1235,20:35,山口 莉子,76,女,退職,栃木県,2950000,honto,書籍,夜は短し歩けよ乙女 (角川文庫),770,1,TVショッピング見て / 再読
485,08:05,山田 雅人,73,男,パート,茨城県,1030000,Yahoo!ショッピング,日用品,除菌洗剤 業務用 4L,2853,0,朝の準備中ふと / PayPay祭
1170,19:30,山田 雅人,73,男,パート,茨城県,1030000,Yahoo!ショッピング,日用品,レノア 本格消臭 詰替 1320ml,930,0,夕食後にカートを処理 / PayPayキャンペーン
980,16:20,長谷川 智也,70,男,退職,千葉県,3200000,メルカリ,中古品,【動作確認済】Sony WH-1000XM4 黒 中古,21354,1,午後のくつろぎ中に / 新品より安い
1125,18:45,長谷川 智也,70,男,退職,千葉県,3200000,楽天市場,日用品,除菌できるウェットティッシュ 100枚 x 8パック,1613,0,夕食後にカートを処理 / ポイント10倍
400,06:40,森 孝雄,79,男,退職,東京都市部,2050000,MUJI passport,食品,無印良品 素材を生かしたカレー グリーン,350,0,朝の準備中ふと / ストック補充
1250,20:50,森 孝雄,79,男,退職,東京都市部,2050000,Amazon,電子書籍,Kindle 三体III 死神永生 上,1820,1,TVショッピング見て / 話題のSF
495,08:15,石川 大翔,58,男,飲食店,神奈川県,4550000,Yahoo!ショッピング,日用品,除菌洗剤 業務用 4L,2889,0,朝の準備中ふと / PayPay祭
1000,16:40,石川 大翔,58,男,飲食店,神奈川県,4550000,Yahoo!ショッピング,日用品,レノア 本格消臭 詰替 1320ml,910,0,勤務中こっそり / PayPayキャンペーン
1020,17:00,石川 大翔,58,男,飲食店,神奈川県,4550000,Amazon,サブスク,Amazon Prime 年会費 (1年),5900,0,勤務中こっそり / 年次自動更新
1210,20:10,石川 大翔,58,男,飲食店,神奈川県,4550000,楽天市場,食品,北海道産 ホタテ貝柱 1kg 訳あり,7663,0,夕食後にカートを処理 / ポイント10倍
1235,20:35,石川 大翔,58,男,飲食店,神奈川県,4550000,Amazon,電化製品,ELECOM USB-C ハブ 7-in-1 4K HDMI,5614,1,夜のリラックス中に / 在宅環境
485,08:05,石川 亮,65,男,パート,神奈川県,940000,Yahoo!ショッピング,日用品,レノア 本格消臭 詰替 1320ml,928,0,朝の準備中ふと / PayPayキャンペーン
1225,20:25,石川 亮,65,男,パート,神奈川県,940000,楽天市場,食品,讃岐うどん 半生 太麺 1kg,1394,0,夕食後にカートを処理 / 在庫補充
810,13:30,井上 千尋,49,女,工場勤務,群馬県,5010000,Amazon,日用品,アタック ZERO 抗菌プラス 詰替 720g,438,0,ランチ食べながら / ストック切れ
1110,18:30,井上 千尋,49,女,工場勤務,群馬県,5010000,Uniqlo online,アパレル,ヒートテック クルーネックT 極暖 (グレー M),1990,0,勤務中こっそり / 冬支度
1145,19:05,井上 千尋,49,女,工場勤務,群馬県,5010000,Uniqlo online,アパレル,ヒートテック クルーネックT 極暖 (グレー M),1990,0,夕食後にカートを処理 / 冬支度
1250,20:50,井上 千尋,49,女,工場勤務,群馬県,5010000,楽天市場,日用品,コストコ カークランド トイレットペーパー 30ロール,4128,1,夜のリラックス中に / まとめ買いお得
1275,21:15,井上 千尋,49,女,工場勤務,群馬県,5010000,Amazon,電子書籍,Kindle ハイキュー!! 文庫版 1-3巻セット,1980,1,夜のリラックス中に / 懐かしい
735,12:15,松本 彩花,35,女,会社員,東京都23区,3460000,ZOZOTOWN,シューズ,New Balance 327 グレー x ホワイト 24cm,12100,0,ランチ食べながら / 安心のリピート
980,16:20,松本 彩花,35,女,会社員,東京都23区,3460000,ZOZOTOWN,シューズ,CONVERSE All Star OX 黒 25cm,6600,0,勤務中こっそり / 定番補充
1080,18:00,松本 彩花,35,女,会社員,東京都23区,3460000,honto,書籍,THE THREE-BODY PROBLEM (English),2980,1,通勤中ふと思い出して / 安心のリピート
1190,19:50,松本 彩花,35,女,会社員,東京都23区,3460000,メルカリ,中古品,【動作確認済】Sony WH-1000XM4 黒 中古,19873,0,夕食後にカートを処理 / 新品より安い
1210,20:10,松本 彩花,35,女,会社員,東京都23区,3460000,Uniqlo online,アパレル,感動パンツ ウルトラライト ストレッチ ストレート (ブラック 32inch),3990,1,夜のリラックス中に / 通勤新調
630,10:30,佐々木 拓海,47,男,会社員,茨城県,4220000,Amazon,電子書籍,Kindle ハイキュー!! 文庫版 1-3巻セット,1980,0,勤務中こっそり / 懐かしい
1095,18:15,佐々木 拓海,47,男,会社員,茨城県,4220000,MUJI passport,家具,無印良品 ポリエステル 綿フランネル こたつ布団,9990,1,通勤中ふと思い出して / 冬支度
1140,19:00,佐々木 拓海,47,男,会社員,茨城県,4220000,MUJI passport,食品,無印良品 不揃いバウム メープル 5袋,1390,0,夕食後にカートを処理 / おやつストック
1165,19:25,佐々木 拓海,47,男,会社員,茨城県,4220000,honto,電子書籍,hontoポイント 1000円分,1000,0,夕食後にカートを処理 / 次回用ポイント購入
1210,20:10,佐々木 拓海,47,男,会社員,茨城県,4220000,メルカリ,ホビー,ポケモンカード SV6a スカーレットex 1BOX,8133,1,夜のリラックス中に / 再販分
560,09:20,小林 彩花,53,女,ITエンジニア,茨城県,9840000,MUJI passport,食品,無印良品 不揃いバウム メープル 5袋,1390,0,仕事の合間に / 安心のリピート
570,09:30,小林 彩花,53,女,ITエンジニア,茨城県,9840000,iHerb,サプリ,California Gold ビタミンC 1000mg 240粒,2228,0,仕事の合間に / 風邪予防
1080,18:00,小林 彩花,53,女,ITエンジニア,茨城県,9840000,楽天市場,食品,北海道産 ホタテ貝柱 1kg 訳あり,7129,0,夕食後にカートを処理 / ポイント10倍
1190,19:50,小林 彩花,53,女,ITエンジニア,茨城県,9840000,BUYMA,アパレル,【関税送料込】MM6 Maison Margiela ジャパニーズバッグ S,41402,1,夜のリラックス中に / 海外限定色
1220,20:20,小林 彩花,53,女,ITエンジニア,茨城県,9840000,iHerb,サプリ,マイプロテイン Impact ホエイ 1kg バニラ,4362,1,夜のリラックス中に / 筋トレ補給
1265,21:05,小林 彩花,53,女,ITエンジニア,茨城県,9840000,楽天市場,化粧品,ETUDE ティアアイライナー 限定色,1404,1,夜のリラックス中に / 新作
570,09:30,清水 杏,55,女,会社員,東京都23区,3450000,Uniqlo online,アパレル,リネンブレンド オープンカラー シャツ 半袖 (オフホワイト L),3990,0,勤務中こっそり / 週末カジュアル
900,15:00,清水 杏,55,女,会社員,東京都23区,3450000,Uniqlo online,アパレル,感動パンツ ウルトラライト ストレッチ ストレート (ブラック 32inch),3990,0,勤務中こっそり / 通勤新調
1130,18:50,清水 杏,55,女,会社員,東京都23区,3450000,Amazon,日用品,エリエール 消臭+ トイレットペーパー 12ロール ダブル,627,0,夕食後にカートを処理 / ストック切れ
1225,20:25,清水 杏,55,女,会社員,東京都23区,3450000,honto,電子書籍,hontoポイント 1000円分,1000,1,夜のリラックス中に / 次回用ポイント購入
535,08:55,前田 蓮,53,男,工場勤務,埼玉県,6450000,Yahoo!ショッピング,日用品,除菌洗剤 業務用 4L,2755,0,勤務中こっそり / 安心のリピート
585,09:45,前田 蓮,53,男,工場勤務,埼玉県,6450000,MUJI passport,アパレル,無印良品 縦横ストレッチ 細身パンツ 黒 32inch,3990,0,勤務中こっそり / 安心のリピート
880,14:40,前田 蓮,53,男,工場勤務,埼玉県,6450000,楽天市場,食品,台湾カステラ 6個セット,2819,0,勤務中こっそり / 安心のリピート
1200,20:00,前田 蓮,53,男,工場勤務,埼玉県,6450000,MUJI passport,食品,無印良品 素材を生かしたカレー グリーン,350,0,夕食後にカートを処理 / ストック補充
1265,21:05,前田 蓮,53,男,工場勤務,埼玉県,6450000,Uniqlo online,アパレル,エアリズム コットン クルーネックT 半袖 (ネイビー L),1290,1,夜のリラックス中に / 夏前リピート
390,06:30,後藤 芽依,77,女,退職,千葉県,1900000,Amazon,コーヒー,UCC ザ ブレンド 114 レギュラーコーヒー 360g x 6,4671,0,朝の準備中ふと / 在宅用ストック
795,13:15,後藤 芽依,77,女,退職,千葉県,1900000,楽天市場,化粧品,ETUDE ティアアイライナー 限定色,1596,1,お昼のひと息に / 新作
465,07:45,中村 杏,40,女,会社員,東京都23区,4170000,Uniqlo online,アパレル,感動パンツ ウルトラライト ストレッチ ストレート (ブラック 32inch),3990,1,通勤中ふと思い出して / 通勤新調
1140,19:00,中村 杏,40,女,会社員,東京都23区,4170000,Amazon,食品,KIRIN 自然が磨いた天然水 2L x 9本,1380,0,夕食後にカートを処理 / 備蓄
1235,20:35,中村 杏,40,女,会社員,東京都23区,4170000,楽天市場,化粧品,資生堂 マキアージュ ドラマティック ジェリー BB,3305,1,夜のリラックス中に / ポイント祭
1245,20:45,中村 杏,40,女,会社員,東京都23区,4170000,Amazon,日用品,Mr.CLEAN マジックリン キッチン用 400ml,314,1,夜のリラックス中に / 切らしそう
1280,21:20,中村 杏,40,女,会社員,東京都23区,4170000,iHerb,化粧品,Burt's Bees リップ バーム ハニー,601,1,夜のリラックス中に / リピート
600,10:00,山本 拓海,41,男,販売員,神奈川県,3780000,Amazon,電化製品,ELECOM USB-C ハブ 7-in-1 4K HDMI,5643,0,勤務中こっそり / 在宅環境
950,15:50,山本 拓海,41,男,販売員,神奈川県,3780000,Amazon,食品,KIRIN 自然が磨いた天然水 2L x 9本,1380,0,勤務中こっそり / 備蓄
1150,19:10,山本 拓海,41,男,販売員,神奈川県,3780000,Amazon,コーヒー,UCC ザ ブレンド 114 レギュラーコーヒー 360g x 6,4705,0,夕食後にカートを処理 / 在宅用ストック
1275,21:15,山本 拓海,41,男,販売員,神奈川県,3780000,楽天市場,化粧品,ETUDE ティアアイライナー 限定色,1422,1,夜のリラックス中に / 新作
1305,21:45,山本 拓海,41,男,販売員,神奈川県,3780000,MUJI passport,アパレル,無印良品 オーガニックコットン Vネック 半袖T 白 M,1490,1,夜のリラックス中に / 夏定番
1250,20:50,渡辺 綾,64,女,パート,東京都市部,1630000,Uniqlo online,アパレル,感動パンツ ウルトラライト ストレッチ ストレート (ブラック 32inch),3990,1,夜のリラックス中に / 通勤新調
1255,20:55,渡辺 綾,64,女,パート,東京都市部,1630000,メルカリ,中古品,【動作確認済】Sony WH-1000XM4 黒 中古,22038,1,夜のリラックス中に / 新品より安い
1105,18:25,山口 克彦,77,男,飲食店,神奈川県,3060000,Amazon,食品,カルビー フルグラ 800g x 3,2856,0,勤務中こっそり / 計画通り
1235,20:35,山口 克彦,77,男,飲食店,神奈川県,3060000,Uniqlo online,アパレル,ヒートテック クルーネックT 極暖 (グレー M),1990,1,夜のリラックス中に / 冬支度
420,07:00,佐藤 亮,53,男,販売員,栃木県,2400000,Yahoo!ショッピング,日用品,除菌洗剤 業務用 4L,3052,0,朝の準備中ふと / PayPay祭
595,09:55,佐藤 亮,53,男,販売員,栃木県,2400000,MUJI passport,食品,無印良品 素材を生かしたカレー グリーン,350,0,勤務中こっそり / ストック補充
820,13:40,佐藤 亮,53,男,販売員,栃木県,2400000,楽天市場,食品,台湾カステラ 6個セット,2808,0,ランチ食べながら / 話題スイーツ
1155,19:15,佐藤 亮,53,男,販売員,栃木県,2400000,メルカリ,中古品,【動作確認済】Sony WH-1000XM4 黒 中古,20210,0,夕食後にカートを処理 / 新品より安い
505,08:25,斎藤 麻衣,79,女,パート,神奈川県,1640000,Uniqlo online,アパレル,リネンブレンド オープンカラー シャツ 半袖 (オフホワイト L),3990,0,朝の準備中ふと / 週末カジュアル
1220,20:20,斎藤 麻衣,79,女,パート,神奈川県,1640000,Uniqlo online,アパレル,感動パンツ ウルトラライト ストレッチ ストレート (ブラック 32inch),3990,0,夕食後にカートを処理 / 通勤新調
1235,20:35,斎藤 麻衣,79,女,パート,神奈川県,1640000,MUJI passport,家具,無印良品 やわらかフィットソファ 1人掛け 用 カバー,4990,1,夜のリラックス中に / 気分転換
740,12:20,小林 貴志,49,男,公務員,東京都23区,5720000,Amazon,コーヒー,STARBUCKS ハウス ブレンド ホール 250g,1428,0,ランチ食べながら / 切らした
1085,18:05,小林 貴志,49,男,公務員,東京都23区,5720000,楽天市場,化粧品,KOSE 雪肌精 化粧水 200ml,2960,1,通勤中ふと思い出して / リピート
1090,18:10,小林 貴志,49,男,公務員,東京都23区,5720000,Amazon,サブスク,Amazon Prime 年会費 (1年),5900,1,通勤中ふと思い出して / 年次自動更新
1190,19:50,小林 貴志,49,男,公務員,東京都23区,5720000,Uniqlo online,アパレル,ヒートテック クルーネックT 極暖 (グレー M),1990,0,夕食後にカートを処理 / 冬支度
1210,20:10,小林 貴志,49,男,公務員,東京都23区,5720000,Amazon,食品,KIRIN 自然が磨いた天然水 2L x 9本,1380,1,夜のリラックス中に / 備蓄
1325,22:05,小林 貴志,49,男,公務員,東京都23区,5720000,Uniqlo online,アパレル,リネンブレンド オープンカラー シャツ 半袖 (オフホワイト L),3990,1,夜のリラックス中に / 週末カジュアル
1375,22:55,小林 貴志,49,男,公務員,東京都23区,5720000,Amazon,サブスク,Kindle Unlimited 3ヶ月分,2940,1,寝る前に思い立って / 読み放題
1155,19:15,高橋 拓海,45,男,会社員,東京都市部,4440000,楽天市場,日用品,コストコ カークランド トイレットペーパー 30ロール,3841,0,夕食後にカートを処理 / まとめ買いお得
1180,19:40,高橋 拓海,45,男,会社員,東京都市部,4440000,楽天市場,化粧品,KOSE 雪肌精 化粧水 200ml,3203,0,夕食後にカートを処理 / リピート
1225,20:25,高橋 拓海,45,男,会社員,東京都市部,4440000,honto,電子書籍,hontoポイント 1000円分,1000,1,夜のリラックス中に / 次回用ポイント購入
1320,22:00,高橋 拓海,45,男,会社員,東京都市部,4440000,Amazon,電化製品,Anker PowerLine III USB-C ケーブル 1.8m,1290,1,夜のリラックス中に / ケーブル断線
1345,22:25,高橋 拓海,45,男,会社員,東京都市部,4440000,メルカリ,ホビー,【美品】鬼滅の刃 全巻セット 1-23巻,11773,1,夜のリラックス中に / 一気読み用
530,08:50,田中 翔,77,男,工場勤務,埼玉県,2250000,Amazon,日用品,ピジョン 親子で使える泡シャンプー 詰替 350ml,815,0,勤務中こっそり / リピート
1210,20:10,田中 翔,77,男,工場勤務,埼玉県,2250000,honto,電子書籍,hontoポイント 1000円分,1000,0,夕食後にカートを処理 / 次回用ポイント購入
1170,19:30,山本 ハル,77,女,退職,東京都23区,3620000,Yahoo!ショッピング,日用品,除菌洗剤 業務用 4L,2804,0,夕食後にカートを処理 / PayPay祭
1240,20:40,山本 ハル,77,女,退職,東京都23区,3620000,MUJI passport,アパレル,無印良品 オーガニックコットン Vネック 半袖T 白 M,1490,1,TVショッピング見て / 夏定番
1230,20:30,佐々木 雄太,78,男,飲食店,埼玉県,2560000,Uniqlo online,アパレル,感動パンツ ウルトラライト ストレッチ ストレート (ブラック 32inch),3990,1,夜のリラックス中に / 通勤新調
1365,22:45,佐々木 雄太,78,男,飲食店,埼玉県,2560000,MUJI passport,食品,無印良品 不揃いバウム メープル 5袋,1390,1,夜のリラックス中に / おやつストック
495,08:15,木村 雄太,48,男,飲食店,茨城県,4620000,Amazon,書籍,ジェイソン流お金の増やし方,1430,0,朝の準備中ふと / 投資勉強
525,08:45,木村 雄太,48,男,飲食店,茨城県,4620000,Amazon,日用品,クイックル ワイパー 立体吸着 ウェット 32枚,890,0,勤務中こっそり / リピート
1180,19:40,木村 雄太,48,男,飲食店,茨城県,4620000,楽天市場,食品,讃岐うどん 半生 太麺 1kg,1448,0,夕食後にカートを処理 / 安心のリピート
1290,21:30,木村 雄太,48,男,飲食店,茨城県,4620000,MUJI passport,アパレル,無印良品 縦横ストレッチ 細身パンツ 黒 32inch,3990,1,夜のリラックス中に / 安心のリピート
1355,22:35,木村 雄太,48,男,飲食店,茨城県,4620000,Amazon,食品,カゴメ 野菜一日これ一本 200ml x 24本,2566,1,夜のリラックス中に / 朝の野菜
450,07:30,高橋 芽依,39,女,ITエンジニア,茨城県,9650000,Amazon,食品,カゴメ 野菜一日これ一本 200ml x 24本,2841,0,朝の準備中ふと / 朝の野菜
530,08:50,高橋 芽依,39,女,ITエンジニア,茨城県,9650000,楽天市場,日用品,除菌できるウェットティッシュ 100枚 x 8パック,1730,0,朝の準備中ふと / ポイント10倍
1125,18:45,高橋 芽依,39,女,ITエンジニア,茨城県,9650000,BUYMA,ブランド品,【関税送料込】Hermès Twilly スカーフ 復刻柄,24322,0,夕食後にカートを処理 / ギフト用
1235,20:35,高橋 芽依,39,女,ITエンジニア,茨城県,9650000,楽天市場,日用品,コストコ カークランド トイレットペーパー 30ロール,4058,1,夜のリラックス中に / まとめ買いお得
1315,21:55,高橋 芽依,39,女,ITエンジニア,茨城県,9650000,MUJI passport,日用品,無印良品 アロマオイル ラベンダー 10ml,1190,1,夜のリラックス中に / リラックス
875,14:35,後藤 美穂,47,女,会社員,千葉県,3500000,Uniqlo online,アパレル,ヒートテック クルーネックT 極暖 (グレー M),1990,0,勤務中こっそり / 冬支度
1095,18:15,後藤 美穂,47,女,会社員,千葉県,3500000,楽天市場,化粧品,KOSE 雪肌精 化粧水 200ml,3173,1,通勤中ふと思い出して / リピート
1130,18:50,後藤 美穂,47,女,会社員,千葉県,3500000,Amazon,書籍,達人プログラマー 第2版 (オーム社),3520,0,夕食後にカートを処理 / 技術書
1145,19:05,後藤 美穂,47,女,会社員,千葉県,3500000,Yahoo!ショッピング,日用品,除菌洗剤 業務用 4L,2861,0,夕食後にカートを処理 / PayPay祭
1360,22:40,後藤 美穂,47,女,会社員,千葉県,3500000,楽天市場,化粧品,ETUDE ティアアイライナー 限定色,1637,1,寝る前に思い立って / 新作
775,12:55,加藤 桜,35,女,販売員,東京都23区,2920000,Oisix,食品,Kit Oisix 牛肉と野菜のチンジャオロース 2人前,1580,0,勤務中こっそり / 今夜の献立
1235,20:35,加藤 桜,35,女,販売員,東京都23区,2920000,Yahoo!ショッピング,日用品,除菌洗剤 業務用 4L,2939,1,夜のリラックス中に / PayPay祭
1305,21:45,加藤 桜,35,女,販売員,東京都23区,2920000,Amazon,サブスク,Amazon Prime 年会費 (1年),5900,1,夜のリラックス中に / 年次自動更新
1345,22:25,加藤 桜,35,女,販売員,東京都23区,2920000,メルカリ,ホビー,プラモデル HG ガンダムエアリアル 未組立,2233,1,夜のリラックス中に / 積みプラ追加
480,08:00,山田 大翔,68,男,退職,埼玉県,2030000,MUJI passport,日用品,無印良品 化粧水 敏感肌用 高保湿 200ml,690,1,朝のゆっくり時間に / 安心のリピート
1185,19:45,山田 大翔,68,男,退職,埼玉県,2030000,MUJI passport,食品,無印良品 素材を生かしたカレー グリーン,350,0,夕食後にカートを処理 / ストック補充
895,14:55,木村 浩二,55,男,公務員,東京都23区,3940000,楽天市場,食品,北海道産 ホタテ貝柱 1kg 訳あり,8229,0,勤務中こっそり / ポイント10倍
1005,16:45,木村 浩二,55,男,公務員,東京都23区,3940000,楽天市場,化粧品,ETUDE ティアアイライナー 限定色,1466,0,勤務中こっそり / 新作
1190,19:50,木村 浩二,55,男,公務員,東京都23区,3940000,Amazon,電子書籍,Kindle 三体III 死神永生 上,1820,0,夕食後にカートを処理 / 話題のSF
1260,21:00,木村 浩二,55,男,公務員,東京都23区,3940000,楽天市場,日用品,コストコ カークランド トイレットペーパー 30ロール,3906,1,夜のリラックス中に / まとめ買いお得
1360,22:40,木村 浩二,55,男,公務員,東京都23区,3940000,楽天市場,日用品,コストコ カークランド トイレットペーパー 30ロール,3798,1,寝る前に思い立って / まとめ買いお得
1055,17:35,松本 翼,25,男,主婦・主夫,茨城県,850000,ZOZOTOWN,アパレル,steven alan 別注 ボーダー T ホワイト x ネイビー,7700,0,子供の世話の合間に / ZOZO特集
1090,18:10,松本 翼,25,男,主婦・主夫,茨城県,850000,Yodobashi.com,電化製品,シャープ プラズマクラスター イオン発生機 IG-NX15,18800,0,夕食後にカートを処理 / 安心のリピート
1010,16:50,鈴木 麻衣,35,女,主婦・主夫,埼玉県,1230000,ZOZOTOWN,シューズ,CONVERSE All Star OX 黒 25cm,6600,0,子供の世話の合間に / 定番補充
1355,22:35,鈴木 麻衣,35,女,主婦・主夫,埼玉県,1230000,ZOZOTOWN,シューズ,CONVERSE All Star OX 黒 25cm,6600,0,家族の話題から / 定番補充
520,08:40,後藤 智子,54,女,会社員,神奈川県,4560000,Yahoo!ショッピング,日用品,レノア 本格消臭 詰替 1320ml,1074,0,勤務中こっそり / PayPayキャンペーン
1195,19:55,後藤 智子,54,女,会社員,神奈川県,4560000,Amazon,書籍,達人プログラマー 第2版 (オーム社),3520,0,夕食後にカートを処理 / 技術書
1335,22:15,後藤 智子,54,女,会社員,神奈川県,4560000,Uniqlo online,アパレル,リネンブレンド オープンカラー シャツ 半袖 (オフホワイト L),3990,1,夜のリラックス中に / 週末カジュアル
1360,22:40,後藤 智子,54,女,会社員,神奈川県,4560000,MUJI passport,食品,無印良品 不揃いバウム メープル 5袋,1390,1,寝る前に思い立って / 計画通り
1375,22:55,後藤 智子,54,女,会社員,神奈川県,4560000,楽天市場,日用品,コストコ カークランド トイレットペーパー 30ロール,4062,1,寝る前に思い立って / まとめ買いお得
1040,17:20,藤田 節子,30,女,主婦・主夫,埼玉県,1780000,Yodobashi.com,ゲーム,PS5 ソフト 「Final Fantasy XVII」,9680,0,子供の世話の合間に / シリーズ続編
1180,19:40,藤田 節子,30,女,主婦・主夫,埼玉県,1780000,ZOZOTOWN,シューズ,CONVERSE All Star OX 黒 25cm,6600,0,夕食後にカートを処理 / 定番補充
1235,20:35,藤田 節子,30,女,主婦・主夫,埼玉県,1780000,ZOZOTOWN,アパレル,steven alan 別注 ボーダー T ホワイト x ネイビー,7700,0,家族の話題から / ZOZO特集
1375,22:55,藤田 節子,30,女,主婦・主夫,埼玉県,1780000,Uniqlo online,アパレル,感動パンツ ウルトラライト ストレッチ ストレート (ブラック 32inch),3990,0,家族の話題から / 通勤新調
570,09:30,山口 京子,26,女,主婦・主夫,東京都23区,1130000,MUJI passport,家具,無印良品 やわらかフィットソファ 1人掛け 用 カバー,4990,0,家事中スマホで / 気分転換
945,15:45,山口 京子,26,女,主婦・主夫,東京都23区,1130000,メチャカリ,アパレル,メチャカリ ベーシックプラン 月額,3278,0,子供の世話の合間に / サブスクで色々試したい
650,10:50,長谷川 雄太,34,男,ITエンジニア,神奈川県,8680000,メルカリ,ホビー,ポケモンカード SV6a スカーレットex 1BOX,8041,0,仕事の合間に / 再販分
1010,16:50,長谷川 雄太,34,男,ITエンジニア,神奈川県,8680000,楽天市場,日用品,コストコ カークランド トイレットペーパー 30ロール,3608,0,仕事の合間に / まとめ買いお得
1095,18:15,長谷川 雄太,34,男,ITエンジニア,神奈川県,8680000,Amazon,サブスク,Kindle Unlimited 3ヶ月分,2940,0,夕食後にカートを処理 / 読み放題
1110,18:30,長谷川 雄太,34,男,ITエンジニア,神奈川県,8680000,楽天市場,食品,北海道産 ホタテ貝柱 1kg 訳あり,7492,0,夕食後にカートを処理 / ポイント10倍
1165,19:25,長谷川 雄太,34,男,ITエンジニア,神奈川県,8680000,ZOZOTOWN,シューズ,CONVERSE All Star OX 黒 25cm,6600,0,夕食後にカートを処理 / 定番補充
1260,21:00,長谷川 雄太,34,男,ITエンジニア,神奈川県,8680000,Uniqlo online,アパレル,リネンブレンド オープンカラー シャツ 半袖 (オフホワイト L),3990,1,夜のリラックス中に / 週末カジュアル
1275,21:15,長谷川 雄太,34,男,ITエンジニア,神奈川県,8680000,ZOZOTOWN,アパレル,BEAMS HEART リネン ジャケット 7号,14300,1,夜のリラックス中に / コーデ用
795,13:15,山口 拓海,78,男,退職,神奈川県,1990000,Amazon,サブスク,Amazon Prime 年会費 (1年),5900,1,お昼のひと息に / 年次自動更新
800,13:20,山口 拓海,78,男,退職,神奈川県,1990000,Uniqlo online,アパレル,エアリズム コットン クルーネックT 半袖 (ネイビー L),1290,1,お昼のひと息に / 夏前リピート
770,12:50,山田 正樹,77,男,退職,千葉県,2410000,MUJI passport,食品,無印良品 不揃いバウム メープル 5袋,1390,0,ランチ食べながら / おやつストック
1065,17:45,山田 正樹,77,男,退職,千葉県,2410000,メルカリ,中古品,【動作確認済】Sony WH-1000XM4 黒 中古,20301,1,午後のくつろぎ中に / 安心のリピート
390,06:30,山崎 智也,33,男,会社員,茨城県,5950000,Amazon,書籍,世界一流エンジニアの思考法 (文春新書),990,0,朝の準備中ふと / 安心のリピート
520,08:40,山崎 智也,33,男,会社員,茨城県,5950000,MUJI passport,食品,無印良品 不揃いバウム メープル 5袋,1390,0,勤務中こっそり / おやつストック
1000,16:40,山崎 智也,33,男,会社員,茨城県,5950000,honto,書籍,夜は短し歩けよ乙女 (角川文庫),770,0,勤務中こっそり / 再読
1180,19:40,山崎 智也,33,男,会社員,茨城県,5950000,honto,電子書籍,hontoポイント 1000円分,1000,0,夕食後にカートを処理 / 安心のリピート
1190,19:50,山崎 智也,33,男,会社員,茨城県,5950000,楽天市場,食品,台湾カステラ 6個セット,2625,0,夕食後にカートを処理 / 話題スイーツ
925,15:25,伊藤 翼,37,男,会社員,東京都23区,6300000,楽天市場,化粧品,ETUDE ティアアイライナー 限定色,1586,0,勤務中こっそり / 安心のリピート
1165,19:25,伊藤 翼,37,男,会社員,東京都23区,6300000,Yodobashi.com,電化製品,シャープ プラズマクラスター イオン発生機 IG-NX15,18800,0,夕食後にカートを処理 / 安心のリピート
1230,20:30,伊藤 翼,37,男,会社員,東京都23区,6300000,MUJI passport,日用品,無印良品 ポリプロピレン収納ケース 引出式M,1490,1,夜のリラックス中に / 整理用
1380,23:00,伊藤 翼,37,男,会社員,東京都23区,6300000,MUJI passport,家具,無印良品 やわらかフィットソファ 1人掛け 用 カバー,4990,1,寝る前に思い立って / 気分転換
1395,23:15,伊藤 翼,37,男,会社員,東京都23区,6300000,MUJI passport,アパレル,無印良品 オーガニックコットン Vネック 半袖T 白 M,1490,1,寝る前に思い立って / 夏定番
520,08:40,鈴木 芽依,28,女,販売員,神奈川県,2180000,ZOZOTOWN,アパレル,steven alan 別注 ボーダー T ホワイト x ネイビー,7700,0,勤務中こっそり / ZOZO特集
570,09:30,鈴木 芽依,28,女,販売員,神奈川県,2180000,Yodobashi.com,電化製品,シャープ プラズマクラスター イオン発生機 IG-NX15,18800,0,勤務中こっそり / 花粉対策
750,12:30,鈴木 芽依,28,女,販売員,神奈川県,2180000,MUJI passport,日用品,無印良品 化粧水 敏感肌用 高保湿 200ml,690,0,勤務中こっそり / リピート
1190,19:50,鈴木 芽依,28,女,販売員,神奈川県,2180000,メルカリ,アパレル,【美品】UNIQLO x JW Anderson コラボ ニット L,4133,0,夕食後にカートを処理 / コラボ品再入手
570,09:30,山口 翔,37,男,看護師,神奈川県,4160000,メルカリ,中古品,【動作確認済】Sony WH-1000XM4 黒 中古,20306,0,勤務中こっそり / 新品より安い
915,15:15,山口 翔,37,男,看護師,神奈川県,4160000,Uniqlo online,アパレル,ヒートテック クルーネックT 極暖 (グレー M),1990,0,勤務中こっそり / 冬支度
1085,18:05,山口 翔,37,男,看護師,神奈川県,4160000,Uniqlo online,アパレル,感動パンツ ウルトラライト ストレッチ ストレート (ブラック 32inch),3990,1,通勤中ふと思い出して / 通勤新調
1225,20:25,山口 翔,37,男,看護師,神奈川県,4160000,MUJI passport,食品,無印良品 素材を生かしたカレー グリーン,350,1,夜のリラックス中に / ストック補充
1400,23:20,山口 翔,37,男,看護師,神奈川県,4160000,Uniqlo online,アパレル,ヒートテック クルーネックT 極暖 (グレー M),1990,1,寝る前に思い立って / 冬支度
690,11:30,吉田 芽依,72,女,退職,茨城県,2900000,Amazon,コーヒー,Blue Bottle Coffee ベラ ドノヴァン 200g,2067,1,お昼のひと息に / リピート
1270,21:10,吉田 芽依,72,女,退職,茨城県,2900000,楽天市場,食品,北海道産 ホタテ貝柱 1kg 訳あり,8459,1,TVショッピング見て / ポイント10倍
390,06:30,松本 正樹,41,男,会社員,千葉県,6300000,楽天市場,化粧品,ETUDE ティアアイライナー 限定色,1591,0,朝の準備中ふと / 新作
1160,19:20,松本 正樹,41,男,会社員,千葉県,6300000,Apple,サブスク,Apple One 個人プラン 1ヶ月,1200,0,夕食後にカートを処理 / 自動更新
1175,19:35,松本 正樹,41,男,会社員,千葉県,6300000,楽天市場,日用品,コストコ カークランド トイレットペーパー 30ロール,4109,0,夕食後にカートを処理 / まとめ買いお得
1180,19:40,松本 正樹,41,男,会社員,千葉県,6300000,Uniqlo online,アパレル,ヒートテック クルーネックT 極暖 (グレー M),1990,0,夕食後にカートを処理 / 冬支度
1200,20:00,松本 正樹,41,男,会社員,千葉県,6300000,Amazon,食品,カゴメ 野菜一日これ一本 200ml x 24本,2599,1,夜のリラックス中に / 朝の野菜
1230,20:30,松本 正樹,41,男,会社員,千葉県,6300000,MUJI passport,日用品,無印良品 アロマオイル ラベンダー 10ml,1190,1,夜のリラックス中に / リラックス
1255,20:55,松本 正樹,41,男,会社員,千葉県,6300000,Apple,電化製品,MagSafe充電器 (1m),5980,1,夜のリラックス中に / 正規品で揃える
865,14:25,清水 京子,47,女,工場勤務,東京都市部,4910000,MUJI passport,アパレル,無印良品 オーガニックコットン Vネック 半袖T 白 M,1490,0,勤務中こっそり / 安心のリピート
1020,17:00,清水 京子,47,女,工場勤務,東京都市部,4910000,MUJI passport,家具,無印良品 ポリエステル 綿フランネル こたつ布団,9990,0,勤務中こっそり / 冬支度
1030,17:10,清水 京子,47,女,工場勤務,東京都市部,4910000,MUJI passport,食品,無印良品 不揃いバウム メープル 5袋,1390,0,勤務中こっそり / おやつストック
1245,20:45,清水 京子,47,女,工場勤務,東京都市部,4910000,Yahoo!ショッピング,日用品,除菌洗剤 業務用 4L,2794,1,夜のリラックス中に / PayPay祭
1370,22:50,清水 京子,47,女,工場勤務,東京都市部,4910000,Oisix,食品,Oisix おうちレストラン 旬の野菜セット,3980,1,夜のリラックス中に / 週末まとめ
740,12:20,松本 雄太,51,男,公務員,東京都23区,6440000,Uniqlo online,アパレル,リネンブレンド オープンカラー シャツ 半袖 (オフホワイト L),3990,0,ランチ食べながら / 週末カジュアル
1115,18:35,松本 雄太,51,男,公務員,東京都23区,6440000,MUJI passport,日用品,無印良品 ポリプロピレン収納ケース 引出式M,1490,1,通勤中ふと思い出して / 安心のリピート
1145,19:05,松本 雄太,51,男,公務員,東京都23区,6440000,Yahoo!ショッピング,日用品,除菌洗剤 業務用 4L,3062,0,夕食後にカートを処理 / PayPay祭
1330,22:10,松本 雄太,51,男,公務員,東京都23区,6440000,Amazon,サブスク,Amazon Prime 年会費 (1年),5900,1,夜のリラックス中に / 安心のリピート
500,08:20,山田 誠,57,男,会社員,埼玉県,4830000,Amazon,コーヒー,STARBUCKS ハウス ブレンド ホール 250g,1455,0,勤務中こっそり / 切らした
1115,18:35,山田 誠,57,男,会社員,埼玉県,4830000,honto,電子書籍,hontoポイント 1000円分,1000,1,通勤中ふと思い出して / 次回用ポイント購入
1135,18:55,山田 誠,57,男,会社員,埼玉県,4830000,honto,電子書籍,hontoポイント 1000円分,1000,0,夕食後にカートを処理 / 次回用ポイント購入
1260,21:00,山田 誠,57,男,会社員,埼玉県,4830000,Uniqlo online,アパレル,感動パンツ ウルトラライト ストレッチ ストレート (ブラック 32inch),3990,1,夜のリラックス中に / 通勤新調
1335,22:15,山田 誠,57,男,会社員,埼玉県,4830000,Uniqlo online,アパレル,リネンブレンド オープンカラー シャツ 半袖 (オフホワイト L),3990,1,夜のリラックス中に / 週末カジュアル
1120,18:40,山本 由美,42,女,ITエンジニア,埼玉県,9880000,MUJI passport,家具,無印良品 やわらかフィットソファ 1人掛け 用 カバー,4990,0,夕食後にカートを処理 / 安心のリピート
1125,18:45,山本 由美,42,女,ITエンジニア,埼玉県,9880000,Uniqlo online,アパレル,感動パンツ ウルトラライト ストレッチ ストレート (ブラック 32inch),3990,0,夕食後にカートを処理 / 通勤新調
1140,19:00,山本 由美,42,女,ITエンジニア,埼玉県,9880000,iHerb,サプリ,Now Foods マルチビタミン ADAM 90粒,2771,0,夕食後にカートを処理 / 安心のリピート
1230,20:30,山本 由美,42,女,ITエンジニア,埼玉県,9880000,iHerb,食品,California Gold ナッツミックス 907g,2847,1,夜のリラックス中に / 安心のリピート
1250,20:50,山本 由美,42,女,ITエンジニア,埼玉県,9880000,honto,電子書籍,hontoポイント 1000円分,1000,1,夜のリラックス中に / 次回用ポイント購入
1280,21:20,山本 由美,42,女,ITエンジニア,埼玉県,9880000,Amazon,電子書籍,Kindle ハイキュー!! 文庫版 1-3巻セット,1980,1,夜のリラックス中に / 安心のリピート
1295,21:35,山本 由美,42,女,ITエンジニア,埼玉県,9880000,Yahoo!ショッピング,日用品,除菌洗剤 業務用 4L,2799,1,夜のリラックス中に / 安心のリピート
385,06:25,山口 翼,69,男,主婦・主夫,千葉県,1620000,Yahoo!ショッピング,日用品,除菌洗剤 業務用 4L,2932,0,朝の準備中ふと / 安心のリピート
985,16:25,山口 翼,69,男,主婦・主夫,千葉県,1620000,honto,書籍,看護管理2025年4月号,2090,0,子供の世話の合間に / 計画通り
735,12:15,伊藤 桜,52,女,主婦・主夫,埼玉県,1940000,Amazon,食品,カゴメ 野菜一日これ一本 200ml x 24本,2722,0,用事の合間に / 朝の野菜
810,13:30,伊藤 桜,52,女,主婦・主夫,埼玉県,1940000,honto,電子書籍,hontoポイント 1000円分,1000,0,ランチ食べながら / 次回用ポイント購入
1150,19:10,伊藤 桜,52,女,主婦・主夫,埼玉県,1940000,Uniqlo online,アパレル,エアリズム コットン クルーネックT 半袖 (ネイビー L),1290,0,夕食後にカートを処理 / 夏前リピート
1290,21:30,伊藤 桜,52,女,主婦・主夫,埼玉県,1940000,iHerb,サプリ,Now Foods マルチビタミン ADAM 90粒,2605,0,家族の話題から / 夫向け
420,07:00,佐々木 浩二,74,男,工場勤務,神奈川県,4420000,Amazon,電化製品,Anker PowerLine III USB-C ケーブル 1.8m,1290,0,朝の準備中ふと / ケーブル断線
1010,16:50,佐々木 浩二,74,男,工場勤務,神奈川県,4420000,MUJI passport,日用品,無印良品 化粧水 敏感肌用 高保湿 200ml,690,0,勤務中こっそり / 計画通り
790,13:10,藤田 美咲,62,女,会社員,千葉県,3370000,honto,書籍,THE THREE-BODY PROBLEM (English),2980,0,勤務中こっそり / 原書チャレンジ
1245,20:45,藤田 美咲,62,女,会社員,千葉県,3370000,Yahoo!ショッピング,日用品,除菌洗剤 業務用 4L,2794,1,夜のリラックス中に / PayPay祭
990,16:30,伊藤 正樹,68,男,退職,神奈川県,2360000,Amazon,日用品,エリエール 消臭+ トイレットペーパー 12ロール ダブル,629,1,午後のくつろぎ中に / ストック切れ
1090,18:10,伊藤 正樹,68,男,退職,神奈川県,2360000,Yahoo!ショッピング,日用品,レノア 本格消臭 詰替 1320ml,956,0,夕食後にカートを処理 / PayPayキャンペーン
615,10:15,橋本 拓海,45,男,公務員,東京都23区,3620000,honto,書籍,看護管理2025年4月号,2090,0,勤務中こっそり / 仕事用
925,15:25,橋本 拓海,45,男,公務員,東京都23区,3620000,楽天市場,化粧品,KOSE 雪肌精 化粧水 200ml,3037,0,勤務中こっそり / リピート
935,15:35,橋本 拓海,45,男,公務員,東京都23区,3620000,楽天市場,化粧品,資生堂 マキアージュ ドラマティック ジェリー BB,3838,0,勤務中こっそり / ポイント祭
1150,19:10,橋本 拓海,45,男,公務員,東京都23区,3620000,Amazon,食品,KIRIN 自然が磨いた天然水 2L x 9本,1380,0,夕食後にカートを処理 / 備蓄
1405,23:25,橋本 拓海,45,男,公務員,東京都23区,3620000,Uniqlo online,アパレル,感動パンツ ウルトラライト ストレッチ ストレート (ブラック 32inch),3990,1,寝る前に思い立って / 通勤新調
725,12:05,小林 蓮,31,男,工場勤務,神奈川県,3740000,メルカリ,本,【美品】コンサル一年目が学ぶこと,852,0,勤務中こっそり / 後輩から推薦
1180,19:40,小林 蓮,31,男,工場勤務,神奈川県,3740000,iHerb,食品,California Gold ナッツミックス 907g,2596,0,夕食後にカートを処理 / 間食用
1205,20:05,小林 蓮,31,男,工場勤務,神奈川県,3740000,メルカリ,本,【美品】コンサル一年目が学ぶこと,818,0,夕食後にカートを処理 / 後輩から推薦
1260,21:00,小林 蓮,31,男,工場勤務,神奈川県,3740000,ZOZOTOWN,シューズ,New Balance 327 グレー x ホワイト 24cm,12100,1,夜のリラックス中に / 新色気になって
1295,21:35,小林 蓮,31,男,工場勤務,神奈川県,3740000,Amazon,電化製品,Anker PowerLine III USB-C ケーブル 1.8m,1290,1,夜のリラックス中に / ケーブル断線
750,12:30,山口 陽翔,27,男,会社員,東京都市部,1790000,Uniqlo online,アパレル,感動パンツ ウルトラライト ストレッチ ストレート (ブラック 32inch),3990,0,ランチ食べながら / 通勤新調
965,16:05,山口 陽翔,27,男,会社員,東京都市部,1790000,ZOZOTOWN,シューズ,CONVERSE All Star OX 黒 25cm,6600,0,勤務中こっそり / 定番補充
995,16:35,山口 陽翔,27,男,会社員,東京都市部,1790000,MUJI passport,食品,無印良品 素材を生かしたカレー グリーン,350,0,勤務中こっそり / ストック補充
1255,20:55,山口 陽翔,27,男,会社員,東京都市部,1790000,ZOZOTOWN,アパレル,SLY オーバーサイズ スウェット M ベージュ,8800,1,夜のリラックス中に / 韓国っぽい
1135,18:55,山田 京子,61,女,公務員,東京都23区,6010000,Uniqlo online,アパレル,エアリズム コットン クルーネックT 半袖 (ネイビー L),1290,0,夕食後にカートを処理 / 夏前リピート
1350,22:30,山田 京子,61,女,公務員,東京都23区,6010000,Yahoo!ショッピング,日用品,レノア 本格消臭 詰替 1320ml,890,1,寝る前に思い立って / 安心のリピート
795,13:15,山田 和也,18,男,大学生,東京都23区,800000,SHEIN,アパレル,SHEIN プリーツミニスカート 黒 Sサイズ,1581,0,勉強の息抜きに / TikTok で見て
970,16:10,山田 和也,18,男,大学生,東京都23区,800000,Amazon,電子書籍,Kindle 三体III 死神永生 上,1820,0,勉強の息抜きに / 話題のSF
800,13:20,後藤 拓海,68,男,退職,千葉県,1990000,Uniqlo online,アパレル,リネンブレンド オープンカラー シャツ 半袖 (オフホワイト L),3990,1,お昼のひと息に / 週末カジュアル
940,15:40,後藤 拓海,68,男,退職,千葉県,1990000,Yahoo!ショッピング,日用品,レノア 本格消臭 詰替 1320ml,938,1,午後のくつろぎ中に / PayPayキャンペーン
460,07:40,清水 凛,61,女,販売員,東京都23区,2960000,Uniqlo online,アパレル,ヒートテック クルーネックT 極暖 (グレー M),1990,0,朝の準備中ふと / 冬支度
1210,20:10,清水 凛,61,女,販売員,東京都23区,2960000,Amazon,日用品,Mr.CLEAN マジックリン キッチン用 400ml,375,0,夕食後にカートを処理 / 切らしそう
425,07:05,田中 浩二,35,男,飲食店,東京都市部,3260000,MUJI passport,食品,無印良品 不揃いバウム メープル 5袋,1390,0,朝の準備中ふと / おやつストック
1075,17:55,田中 浩二,35,男,飲食店,東京都市部,3260000,ZOZOTOWN,アパレル,steven alan 別注 ボーダー T ホワイト x ネイビー,7700,0,勤務中こっそり / ZOZO特集
1235,20:35,田中 浩二,35,男,飲食店,東京都市部,3260000,Uniqlo online,アパレル,感動パンツ ウルトラライト ストレッチ ストレート (ブラック 32inch),3990,1,夜のリラックス中に / 通勤新調
1255,20:55,田中 浩二,35,男,飲食店,東京都市部,3260000,Uniqlo online,アパレル,リネンブレンド オープンカラー シャツ 半袖 (オフホワイト L),3990,1,夜のリラックス中に / 週末カジュアル
1330,22:10,田中 浩二,35,男,飲食店,東京都市部,3260000,楽天市場,日用品,コストコ カークランド トイレットペーパー 30ロール,3675,1,夜のリラックス中に / まとめ買いお得
985,16:25,橋本 克彦,71,男,退職,東京都市部,1860000,Uniqlo online,アパレル,エアリズム コットン クルーネックT 半袖 (ネイビー L),1290,1,午後のくつろぎ中に / 計画通り
1160,19:20,橋本 克彦,71,男,退職,東京都市部,1860000,MUJI passport,家具,無印良品 やわらかフィットソファ 1人掛け 用 カバー,4990,0,夕食後にカートを処理 / 気分転換
535,08:55,鈴木 樹,34,男,販売員,神奈川県,2530000,Yodobashi.com,電化製品,シャープ プラズマクラスター イオン発生機 IG-NX15,18800,0,勤務中こっそり / 花粉対策
1165,19:25,鈴木 樹,34,男,販売員,神奈川県,2530000,ZOZOTOWN,シューズ,New Balance 327 グレー x ホワイト 24cm,12100,0,夕食後にカートを処理 / 新色気になって
1280,21:20,鈴木 樹,34,男,販売員,神奈川県,2530000,MUJI passport,日用品,無印良品 アロマオイル ラベンダー 10ml,1190,1,夜のリラックス中に / リラックス
1300,21:40,鈴木 樹,34,男,販売員,神奈川県,2530000,楽天市場,化粧品,KOSE 雪肌精 化粧水 200ml,3086,1,夜のリラックス中に / リピート
465,07:45,清水 彩花,62,女,会社員,東京都市部,2940000,楽天市場,化粧品,ETUDE ティアアイライナー 限定色,1598,1,通勤中ふと思い出して / 新作
1300,21:40,清水 彩花,62,女,会社員,東京都市部,2940000,楽天市場,食品,讃岐うどん 半生 太麺 1kg,1453,1,夜のリラックス中に / 在庫補充
690,11:30,森 理恵,48,女,販売員,東京都23区,2590000,楽天市場,日用品,除菌できるウェットティッシュ 100枚 x 8パック,1559,0,勤務中こっそり / 計画通り
730,12:10,森 理恵,48,女,販売員,東京都23区,2590000,MUJI passport,アパレル,無印良品 縦横ストレッチ 細身パンツ 黒 32inch,3990,0,勤務中こっそり / 計画通り
1315,21:55,森 理恵,48,女,販売員,東京都23区,2590000,MUJI passport,アパレル,無印良品 縦横ストレッチ 細身パンツ 黒 32inch,3990,1,夜のリラックス中に / 通勤用
1325,22:05,森 理恵,48,女,販売員,東京都23区,2590000,Amazon,食品,カゴメ 野菜一日これ一本 200ml x 24本,2802,1,夜のリラックス中に / 朝の野菜
680,11:20,田中 和也,40,男,販売員,東京都23区,4180000,Uniqlo online,アパレル,ヒートテック クルーネックT 極暖 (グレー M),1990,0,勤務中こっそり / 冬支度
855,14:15,田中 和也,40,男,販売員,東京都23区,4180000,Uniqlo online,アパレル,感動パンツ ウルトラライト ストレッチ ストレート (ブラック 32inch),3990,0,勤務中こっそり / 通勤新調
1235,20:35,田中 和也,40,男,販売員,東京都23区,4180000,Amazon,電化製品,Anker 737 Power Bank 24000mAh 140W,21265,1,夜のリラックス中に / 出張用
1240,20:40,田中 和也,40,男,販売員,東京都23区,4180000,楽天市場,日用品,除菌できるウェットティッシュ 100枚 x 8パック,1539,1,夜のリラックス中に / ポイント10倍
445,07:25,吉田 浩二,23,男,公務員,神奈川県,3170000,ZOZOTOWN,アパレル,SLY オーバーサイズ スウェット M ベージュ,8800,0,朝の準備中ふと / 韓国っぽい
950,15:50,吉田 浩二,23,男,公務員,神奈川県,3170000,ZOZOTOWN,シューズ,CONVERSE All Star OX 黒 25cm,6600,0,勤務中こっそり / 定番補充
1035,17:15,吉田 浩二,23,男,公務員,神奈川県,3170000,MUJI passport,日用品,無印良品 ポリプロピレン収納ケース 引出式M,1490,0,勤務中こっそり / 整理用
1260,21:00,吉田 浩二,23,男,公務員,神奈川県,3170000,ZOZOTOWN,アパレル,BEAMS HEART リネン ジャケット 7号,14300,1,夜のリラックス中に / コーデ用
1360,22:40,吉田 浩二,23,男,公務員,神奈川県,3170000,iHerb,サプリ,マイプロテイン Impact ホエイ 1kg バニラ,4627,1,寝る前に思い立って / 筋トレ補給
880,14:40,斎藤 理恵,58,女,主婦・主夫,東京都23区,1530000,メルカリ,アパレル,MUJI 90s ヴィンテージ チノパン 31inch,3243,0,ランチ食べながら / 古着趣味
1205,20:05,斎藤 理恵,58,女,主婦・主夫,東京都23区,1530000,MUJI passport,日用品,無印良品 ポリプロピレン収納ケース 引出式M,1490,0,家族の話題から / 整理用
1215,20:15,斎藤 理恵,58,女,主婦・主夫,東京都23区,1530000,MUJI passport,日用品,無印良品 化粧水 敏感肌用 高保湿 200ml,690,0,家族の話題から / リピート
1360,22:40,斎藤 理恵,58,女,主婦・主夫,東京都23区,1530000,iHerb,サプリ,California Gold ビタミンC 1000mg 240粒,2231,0,家族の話題から / 風邪予防
990,16:30,林 拓海,25,男,会社員,神奈川県,4150000,メルカリ,ホビー,プラモデル HG ガンダムエアリアル 未組立,2394,0,勤務中こっそり / 積みプラ追加
1130,18:50,林 拓海,25,男,会社員,神奈川県,4150000,MUJI passport,食品,無印良品 素材を生かしたカレー グリーン,350,0,夕食後にカートを処理 / ストック補充
1205,20:05,林 拓海,25,男,会社員,神奈川県,4150000,楽天市場,日用品,除菌できるウェットティッシュ 100枚 x 8パック,1858,1,夜のリラックス中に / ポイント10倍
1265,21:05,林 拓海,25,男,会社員,神奈川県,4150000,ZOZOTOWN,シューズ,New Balance 327 グレー x ホワイト 24cm,12100,1,夜のリラックス中に / 新色気になって
1345,22:25,林 拓海,25,男,会社員,神奈川県,4150000,iHerb,サプリ,California Gold ビタミンC 1000mg 240粒,2370,1,夜のリラックス中に / 風邪予防
430,07:10,山田 節子,52,女,会社員,東京都23区,5320000,楽天市場,食品,台湾カステラ 6個セット,2635,0,朝の準備中ふと / 話題スイーツ
950,15:50,山田 節子,52,女,会社員,東京都23区,5320000,Yahoo!ショッピング,日用品,レノア 本格消臭 詰替 1320ml,929,0,勤務中こっそり / PayPayキャンペーン
975,16:15,山田 節子,52,女,会社員,東京都23区,5320000,Amazon,書籍,達人プログラマー 第2版 (オーム社),3520,0,勤務中こっそり / 技術書
1190,19:50,山田 節子,52,女,会社員,東京都23区,5320000,Amazon,電化製品,Anker 737 Power Bank 24000mAh 140W,21164,0,夕食後にカートを処理 / 出張用
1220,20:20,山田 節子,52,女,会社員,東京都23区,5320000,楽天市場,食品,台湾カステラ 6個セット,2871,1,夜のリラックス中に / 話題スイーツ
1385,23:05,山田 節子,52,女,会社員,東京都23区,5320000,Yahoo!ショッピング,日用品,レノア 本格消臭 詰替 1320ml,913,1,寝る前に思い立って / PayPayキャンペーン
605,10:05,渡辺 颯太,72,男,主婦・主夫,千葉県,1120000,Amazon,電化製品,Anker PowerLine III USB-C ケーブル 1.8m,1290,0,家事中スマホで / ケーブル断線
1260,21:00,渡辺 颯太,72,男,主婦・主夫,千葉県,1120000,Uniqlo online,アパレル,エアリズム コットン クルーネックT 半袖 (ネイビー L),1290,0,家族の話題から / 夏前リピート
790,13:10,石川 誠,21,男,大学生,群馬県,800000,Uniqlo online,アパレル,感動パンツ ウルトラライト ストレッチ ストレート (ブラック 32inch),3990,0,勉強の息抜きに / 通勤新調
1265,21:05,石川 誠,21,男,大学生,群馬県,800000,Uniqlo online,アパレル,リネンブレンド オープンカラー シャツ 半袖 (オフホワイト L),3990,1,Instagram で広告見て / 週末カジュアル
1230,20:30,加藤 貴志,72,男,退職,栃木県,1070000,Uniqlo online,アパレル,感動パンツ ウルトラライト ストレッチ ストレート (ブラック 32inch),3990,1,TVショッピング見て / 通勤新調
1295,21:35,加藤 貴志,72,男,退職,栃木県,1070000,Uniqlo online,アパレル,エアリズム コットン クルーネックT 半袖 (ネイビー L),1290,1,TVショッピング見て / 夏前リピート
670,11:10,石川 桜,72,女,退職,東京都23区,2270000,Uniqlo online,アパレル,感動パンツ ウルトラライト ストレッチ ストレート (ブラック 32inch),3990,1,お昼のひと息に / 通勤新調
1095,18:15,石川 桜,72,女,退職,東京都23区,2270000,Yahoo!ショッピング,日用品,レノア 本格消臭 詰替 1320ml,985,0,夕食後にカートを処理 / PayPayキャンペーン
565,09:25,森 葵,27,女,会社員,神奈川県,3040000,Amazon,日用品,Mr.CLEAN マジックリン キッチン用 400ml,356,0,勤務中こっそり / 切らしそう
1135,18:55,森 葵,27,女,会社員,神奈川県,3040000,MUJI passport,アパレル,無印良品 オーガニックコットン Vネック 半袖T 白 M,1490,0,夕食後にカートを処理 / 夏定番
1295,21:35,森 葵,27,女,会社員,神奈川県,3040000,Uniqlo online,アパレル,エアリズム コットン クルーネックT 半袖 (ネイビー L),1290,1,夜のリラックス中に / 夏前リピート
1320,22:00,森 葵,27,女,会社員,神奈川県,3040000,メルカリ,アパレル,【美品】UNIQLO x JW Anderson コラボ ニット L,4056,1,夜のリラックス中に / コラボ品再入手
1390,23:10,森 葵,27,女,会社員,神奈川県,3040000,メルカリ,本,【美品】コンサル一年目が学ぶこと,1075,1,寝る前に思い立って / 後輩から推薦
1055,17:35,藤田 悠人,62,男,会社員,神奈川県,5340000,Uniqlo online,アパレル,エアリズム コットン クルーネックT 半袖 (ネイビー L),1290,0,勤務中こっそり / 夏前リピート
1200,20:00,藤田 悠人,62,男,会社員,神奈川県,5340000,MUJI passport,食品,無印良品 素材を生かしたカレー グリーン,350,1,夜のリラックス中に / ストック補充
390,06:30,鈴木 千尋,29,女,会社員,神奈川県,6000000,Uniqlo online,アパレル,感動パンツ ウルトラライト ストレッチ ストレート (ブラック 32inch),3990,0,朝の準備中ふと / 通勤新調
480,08:00,鈴木 千尋,29,女,会社員,神奈川県,6000000,ZOZOTOWN,シューズ,New Balance 327 グレー x ホワイト 24cm,12100,1,通勤中ふと思い出して / 新色気になって
1115,18:35,鈴木 千尋,29,女,会社員,神奈川県,6000000,Uniqlo online,アパレル,感動パンツ ウルトラライト ストレッチ ストレート (ブラック 32inch),3990,1,通勤中ふと思い出して / 通勤新調
1225,20:25,鈴木 千尋,29,女,会社員,神奈川県,6000000,ZOZOTOWN,シューズ,CONVERSE All Star OX 黒 25cm,6600,1,夜のリラックス中に / 定番補充
1375,22:55,鈴木 千尋,29,女,会社員,神奈川県,6000000,Yahoo!ショッピング,日用品,レノア 本格消臭 詰替 1320ml,1057,1,寝る前に思い立って / PayPayキャンペーン
1140,19:00,山口 結衣,20,女,パート,東京都市部,800000,ZOZOTOWN,アパレル,SLY オーバーサイズ スウェット M ベージュ,8800,0,夕食後にカートを処理 / 韓国っぽい
1175,19:35,山口 結衣,20,女,パート,東京都市部,800000,MUJI passport,アパレル,無印良品 オーガニックコットン Vネック 半袖T 白 M,1490,0,夕食後にカートを処理 / 夏定番
830,13:50,石川 翔,76,男,パート,茨城県,2160000,MUJI passport,食品,無印良品 素材を生かしたカレー グリーン,350,0,ランチ食べながら / 新製品が気になって
1180,19:40,石川 翔,76,男,パート,茨城県,2160000,honto,書籍,看護管理2025年4月号,2090,0,夕食後にカートを処理 / 新製品が気になって
475,07:55,鈴木 雄太,46,男,経営者・役員,千葉県,12920000,honto,電子書籍,hontoポイント 1000円分,1000,1,通勤中ふと思い出して / 次回用ポイント購入
800,13:20,鈴木 雄太,46,男,経営者・役員,千葉県,12920000,BUYMA,アパレル,【関税送料込】MM6 Maison Margiela ジャパニーズバッグ S,42517,0,勤務中こっそり / 海外限定色
1130,18:50,鈴木 雄太,46,男,経営者・役員,千葉県,12920000,Yahoo!ショッピング,日用品,除菌洗剤 業務用 4L,3096,0,夕食後にカートを処理 / PayPay祭
1220,20:20,鈴木 雄太,46,男,経営者・役員,千葉県,12920000,Yahoo!ショッピング,日用品,除菌洗剤 業務用 4L,2743,1,夜のリラックス中に / PayPay祭
1380,23:00,鈴木 雄太,46,男,経営者・役員,千葉県,12920000,Uniqlo online,アパレル,ヒートテック クルーネックT 極暖 (グレー M),1990,1,寝る前に思い立って / 冬支度
1255,20:55,山口 麻衣,22,女,大学生,栃木県,980000,Amazon,コーヒー,STARBUCKS ハウス ブレンド ホール 250g,1409,1,Instagram で広告見て / 安心のリピート
1355,22:35,山口 麻衣,22,女,大学生,栃木県,980000,ZOZOTOWN,アパレル,steven alan 別注 ボーダー T ホワイト x ネイビー,7700,1,Instagram で広告見て / ZOZO特集
730,12:10,加藤 心春,50,女,主婦・主夫,東京都市部,1280000,楽天市場,食品,台湾カステラ 6個セット,2528,0,用事の合間に / 話題スイーツ
1090,18:10,加藤 心春,50,女,主婦・主夫,東京都市部,1280000,honto,電子書籍,hontoポイント 1000円分,1000,0,夕食後にカートを処理 / 安心のリピート
895,14:55,橋本 莉子,40,女,主婦・主夫,東京都23区,2000000,Amazon,サブスク,Kindle Unlimited 3ヶ月分,2940,0,ランチ食べながら / 安心のリピート
1130,18:50,橋本 莉子,40,女,主婦・主夫,東京都23区,2000000,Amazon,コーヒー,Blue Bottle Coffee ベラ ドノヴァン 200g,2023,0,夕食後にカートを処理 / リピート
1260,21:00,橋本 莉子,40,女,主婦・主夫,東京都23区,2000000,MUJI passport,日用品,無印良品 化粧水 敏感肌用 高保湿 200ml,690,0,家族の話題から / 安心のリピート
1295,21:35,橋本 莉子,40,女,主婦・主夫,東京都23区,2000000,MUJI passport,アパレル,無印良品 縦横ストレッチ 細身パンツ 黒 32inch,3990,0,家族の話題から / 計画通り
410,06:50,加藤 彩,71,女,退職,千葉県,3210000,楽天市場,化粧品,ETUDE ティアアイライナー 限定色,1453,0,朝の準備中ふと / 新作
1270,21:10,加藤 彩,71,女,退職,千葉県,3210000,Amazon,サブスク,Amazon Prime 年会費 (1年),5900,1,TVショッピング見て / 安心のリピート
720,12:00,井上 節子,35,女,会社員,東京都23区,5760000,ZOZOTOWN,アパレル,steven alan 別注 ボーダー T ホワイト x ネイビー,7700,0,ランチ食べながら / ZOZO特集
770,12:50,井上 節子,35,女,会社員,東京都23区,5760000,メルカリ,本,【美品】コンサル一年目が学ぶこと,1038,0,ランチ食べながら / 後輩から推薦
1145,19:05,井上 節子,35,女,会社員,東京都23区,5760000,Uniqlo online,アパレル,ヒートテック クルーネックT 極暖 (グレー M),1990,0,夕食後にカートを処理 / 冬支度
1225,20:25,井上 節子,35,女,会社員,東京都23区,5760000,Uniqlo online,アパレル,感動パンツ ウルトラライト ストレッチ ストレート (ブラック 32inch),3990,1,夜のリラックス中に / 通勤新調
1230,20:30,井上 節子,35,女,会社員,東京都23区,5760000,ZOZOTOWN,シューズ,CONVERSE All Star OX 黒 25cm,6600,1,夜のリラックス中に / 定番補充
1355,22:35,井上 節子,35,女,会社員,東京都23区,5760000,楽天市場,食品,台湾カステラ 6個セット,2491,1,寝る前に思い立って / 話題スイーツ
445,07:25,藤田 莉子,46,女,公務員,東京都23区,8040000,楽天市場,食品,台湾カステラ 6個セット,2625,0,朝の準備中ふと / 話題スイーツ
450,07:30,藤田 莉子,46,女,公務員,東京都23区,8040000,MUJI passport,家具,無印良品 体にフィットするソファ 用 カバー,5990,1,通勤中ふと思い出して / 汚れ補充
480,08:00,藤田 莉子,46,女,公務員,東京都23区,8040000,楽天市場,日用品,除菌できるウェットティッシュ 100枚 x 8パック,1490,1,通勤中ふと思い出して / ポイント10倍
1225,20:25,藤田 莉子,46,女,公務員,東京都23区,8040000,Yahoo!ショッピング,日用品,レノア 本格消臭 詰替 1320ml,930,1,夜のリラックス中に / PayPayキャンペーン
1265,21:05,藤田 莉子,46,女,公務員,東京都23区,8040000,Yahoo!ショッピング,日用品,除菌洗剤 業務用 4L,2889,1,夜のリラックス中に / PayPay祭
1325,22:05,藤田 莉子,46,女,公務員,東京都23区,8040000,Amazon,日用品,クイックル ワイパー 立体吸着 ウェット 32枚,1145,1,夜のリラックス中に / リピート
600,10:00,藤田 心春,23,女,工場勤務,神奈川県,2960000,Uniqlo online,アパレル,エアリズム コットン クルーネックT 半袖 (ネイビー L),1290,0,勤務中こっそり / 夏前リピート
695,11:35,藤田 心春,23,女,工場勤務,神奈川県,2960000,メルカリ,中古品,【動作確認済】Sony WH-1000XM4 黒 中古,21208,0,勤務中こっそり / 新品より安い
790,13:10,藤田 心春,23,女,工場勤務,神奈川県,2960000,iHerb,化粧品,CeraVe フェイシャル モイスチャライザー 89ml,2593,0,ランチ食べながら / 海外定番
1235,20:35,藤田 心春,23,女,工場勤務,神奈川県,2960000,Amazon,食品,カゴメ 野菜一日これ一本 200ml x 24本,2589,1,夜のリラックス中に / 朝の野菜
395,06:35,後藤 雅人,34,男,会社員,群馬県,4960000,メルカリ,中古品,【動作確認済】Sony WH-1000XM4 黒 中古,21591,0,朝の準備中ふと / 新品より安い
1150,19:10,後藤 雅人,34,男,会社員,群馬県,4960000,MUJI passport,日用品,無印良品 ポリプロピレン収納ケース 引出式M,1490,0,夕食後にカートを処理 / 整理用
1285,21:25,後藤 雅人,34,男,会社員,群馬県,4960000,メルカリ,ホビー,【美品】鬼滅の刃 全巻セット 1-23巻,10214,1,夜のリラックス中に / 一気読み用
1300,21:40,後藤 雅人,34,男,会社員,群馬県,4960000,MUJI passport,日用品,無印良品 ポリプロピレン収納ケース 引出式M,1490,1,夜のリラックス中に / 整理用
1355,22:35,後藤 雅人,34,男,会社員,群馬県,4960000,ZOZOTOWN,アパレル,BEAMS HEART リネン ジャケット 7号,14300,1,寝る前に思い立って / コーデ用
390,06:30,長谷川 彩_103,47,女,主婦・主夫,東京都23区,2350000,Oisix,食品,Kit Oisix 牛肉と野菜のチンジャオロース 2人前,1580,0,朝の準備中ふと / 計画通り
690,11:30,長谷川 彩_103,47,女,主婦・主夫,東京都23区,2350000,楽天市場,日用品,コストコ カークランド トイレットペーパー 30ロール,3613,0,用事の合間に / まとめ買いお得
745,12:25,長谷川 彩_103,47,女,主婦・主夫,東京都23区,2350000,楽天市場,食品,讃岐うどん 半生 太麺 1kg,1439,0,用事の合間に / 在庫補充
1095,18:15,長谷川 彩_103,47,女,主婦・主夫,東京都23区,2350000,Oisix,食品,Kit Oisix 牛肉と野菜のチンジャオロース 2人前,1580,0,夕食後にカートを処理 / 安心のリピート
505,08:25,高橋 京子,53,女,会社員,茨城県,3690000,MUJI passport,アパレル,無印良品 オーガニックコットン Vネック 半袖T 白 M,1490,0,勤務中こっそり / 夏定番
1110,18:30,高橋 京子,53,女,会社員,茨城県,3690000,Amazon,電化製品,ELECOM USB-C ハブ 7-in-1 4K HDMI,6321,1,通勤中ふと思い出して / 在宅環境
1120,18:40,高橋 京子,53,女,会社員,茨城県,3690000,MUJI passport,日用品,無印良品 化粧水 敏感肌用 高保湿 200ml,690,1,通勤中ふと思い出して / リピート
1295,21:35,高橋 京子,53,女,会社員,茨城県,3690000,MUJI passport,家具,無印良品 ポリエステル 綿フランネル こたつ布団,9990,1,夜のリラックス中に / 冬支度
1385,23:05,高橋 京子,53,女,会社員,茨城県,3690000,楽天市場,食品,北海道産 ホタテ貝柱 1kg 訳あり,8060,1,寝る前に思い立って / ポイント10倍
685,11:25,前田 大翔,75,男,工場勤務,群馬県,2390000,Amazon,食品,KIRIN 自然が磨いた天然水 2L x 9本,1380,0,勤務中こっそり / 備蓄
1210,20:10,前田 大翔,75,男,工場勤務,群馬県,2390000,楽天市場,日用品,コストコ カークランド トイレットペーパー 30ロール,3855,0,夕食後にカートを処理 / 安心のリピート
1100,18:20,林 陽翔,35,男,主婦・主夫,東京都23区,930000,Amazon,電化製品,Anker PowerLine III USB-C ケーブル 1.8m,1290,0,夕食後にカートを処理 / ケーブル断線
1150,19:10,林 陽翔,35,男,主婦・主夫,東京都23区,930000,ZOZOTOWN,アパレル,SLY オーバーサイズ スウェット M ベージュ,8800,0,夕食後にカートを処理 / 韓国っぽい
1145,19:05,小林 芽依,73,女,工場勤務,神奈川県,2130000,Yahoo!ショッピング,日用品,レノア 本格消臭 詰替 1320ml,1069,0,夕食後にカートを処理 / PayPayキャンペーン
1215,20:15,小林 芽依,73,女,工場勤務,神奈川県,2130000,Amazon,日用品,ピジョン 親子で使える泡シャンプー 詰替 350ml,844,0,夕食後にカートを処理 / リピート
475,07:55,伊藤 和也,44,男,デザイナー,茨城県,3840000,Yodobashi.com,ゲーム,Nintendo Switch 2 ソフト 「マリオカートワールド」,9980,0,朝の準備中ふと / 発売日購入
530,08:50,伊藤 和也,44,男,デザイナー,茨城県,3840000,Yodobashi.com,ゲーム,Nintendo Switch 2 ソフト 「マリオカートワールド」,9980,0,朝の準備中ふと / 発売日購入
1085,18:05,伊藤 和也,44,男,デザイナー,茨城県,3840000,Amazon,書籍,世界一流エンジニアの思考法 (文春新書),990,0,夕食後にカートを処理 / 話題本
1315,21:55,伊藤 和也,44,男,デザイナー,茨城県,3840000,Amazon,日用品,Mr.CLEAN マジックリン キッチン用 400ml,309,1,夜のリラックス中に / 切らしそう
1350,22:30,伊藤 和也,44,男,デザイナー,茨城県,3840000,Uniqlo online,アパレル,エアリズム コットン クルーネックT 半袖 (ネイビー L),1290,1,夜のリラックス中に / 夏前リピート
730,12:10,高橋 彩花,40,女,会社員,群馬県,8130000,honto,電子書籍,hontoポイント 1000円分,1000,0,ランチ食べながら / 次回用ポイント購入
1080,18:00,高橋 彩花,40,女,会社員,群馬県,8130000,honto,電子書籍,hontoポイント 1000円分,1000,1,通勤中ふと思い出して / 次回用ポイント購入
1220,20:20,高橋 彩花,40,女,会社員,群馬県,8130000,BUYMA,アパレル,【関税送料込】MM6 Maison Margiela ジャパニーズバッグ S,40218,1,夜のリラックス中に / 安心のリピート
1225,20:25,高橋 彩花,40,女,会社員,群馬県,8130000,Uniqlo online,アパレル,ヒートテック クルーネックT 極暖 (グレー M),1990,1,夜のリラックス中に / 冬支度
1285,21:25,高橋 彩花,40,女,会社員,群馬県,8130000,Amazon,電化製品,Anker 737 Power Bank 24000mAh 140W,21105,1,夜のリラックス中に / 出張用
1385,23:05,高橋 彩花,40,女,会社員,群馬県,8130000,Oisix,食品,Kit Oisix 牛肉と野菜のチンジャオロース 2人前,1580,1,寝る前に思い立って / 今夜の献立
1010,16:50,山崎 凛,43,女,販売員,栃木県,2750000,Yahoo!ショッピング,日用品,除菌洗剤 業務用 4L,3073,0,勤務中こっそり / PayPay祭
1265,21:05,山崎 凛,43,女,販売員,栃木県,2750000,Uniqlo online,アパレル,ヒートテック クルーネックT 極暖 (グレー M),1990,1,夜のリラックス中に / 冬支度
1285,21:25,山崎 凛,43,女,販売員,栃木県,2750000,Yodobashi.com,電化製品,シャープ プラズマクラスター イオン発生機 IG-NX15,18800,1,夜のリラックス中に / 花粉対策
1340,22:20,山崎 凛,43,女,販売員,栃木県,2750000,MUJI passport,食品,無印良品 不揃いバウム メープル 5袋,1390,1,夜のリラックス中に / おやつストック
850,14:10,斎藤 心春,75,女,退職,東京都23区,1530000,Uniqlo online,アパレル,リネンブレンド オープンカラー シャツ 半袖 (オフホワイト L),3990,1,午後のくつろぎ中に / 週末カジュアル
1245,20:45,斎藤 心春,75,女,退職,東京都23区,1530000,Amazon,食品,カルビー フルグラ 800g x 3,2825,1,TVショッピング見て / 朝食まとめ
730,12:10,佐藤 拓海,26,男,会社員,東京都市部,3890000,Uniqlo online,アパレル,感動パンツ ウルトラライト ストレッチ ストレート (ブラック 32inch),3990,0,ランチ食べながら / 通勤新調
1180,19:40,佐藤 拓海,26,男,会社員,東京都市部,3890000,メルカリ,中古品,【動作確認済】Sony WH-1000XM4 黒 中古,20049,0,夕食後にカートを処理 / 新品より安い
1230,20:30,佐藤 拓海,26,男,会社員,東京都市部,3890000,Amazon,書籍,ジェイソン流お金の増やし方,1430,1,夜のリラックス中に / 投資勉強
1280,21:20,佐藤 拓海,26,男,会社員,東京都市部,3890000,Uniqlo online,アパレル,リネンブレンド オープンカラー シャツ 半袖 (オフホワイト L),3990,1,夜のリラックス中に / 安心のリピート
1375,22:55,佐藤 拓海,26,男,会社員,東京都市部,3890000,honto,電子書籍,hontoポイント 1000円分,1000,1,寝る前に思い立って / 次回用ポイント購入
610,10:10,小林 心春,73,女,退職,東京都23区,2980000,Uniqlo online,アパレル,感動パンツ ウルトラライト ストレッチ ストレート (ブラック 32inch),3990,1,朝のゆっくり時間に / 通勤新調
1125,18:45,小林 心春,73,女,退職,東京都23区,2980000,Amazon,書籍,成瀬は天下を取りに行く (新潮社),1705,0,夕食後にカートを処理 / 本屋大賞
500,08:20,前田 麻衣,47,女,販売員,神奈川県,4740000,Oisix,食品,Kit Oisix 牛肉と野菜のチンジャオロース 2人前,1580,0,朝の準備中ふと / 安心のリピート
610,10:10,前田 麻衣,47,女,販売員,神奈川県,4740000,楽天市場,日用品,コストコ カークランド トイレットペーパー 30ロール,4110,0,勤務中こっそり / まとめ買いお得
1120,18:40,前田 麻衣,47,女,販売員,神奈川県,4740000,Yahoo!ショッピング,日用品,除菌洗剤 業務用 4L,2745,0,勤務中こっそり / PayPay祭
1225,20:25,前田 麻衣,47,女,販売員,神奈川県,4740000,Oisix,食品,Oisix おうちレストラン 旬の野菜セット,3980,0,夕食後にカートを処理 / 週末まとめ
1375,22:55,前田 麻衣,47,女,販売員,神奈川県,4740000,Uniqlo online,アパレル,感動パンツ ウルトラライト ストレッチ ストレート (ブラック 32inch),3990,1,夜のリラックス中に / 通勤新調
415,06:55,松本 克彦,44,男,会社員,東京都23区,6210000,Uniqlo online,アパレル,エアリズム コットン クルーネックT 半袖 (ネイビー L),1290,0,朝の準備中ふと / 夏前リピート
605,10:05,松本 克彦,44,男,会社員,東京都23区,6210000,Yahoo!ショッピング,日用品,除菌洗剤 業務用 4L,3042,0,勤務中こっそり / PayPay祭
765,12:45,松本 克彦,44,男,会社員,東京都23区,6210000,Amazon,コーヒー,猿田彦珈琲 大吉ブレンド ドリップバッグ 10個,2027,0,ランチ食べながら / 安心のリピート
1080,18:00,松本 克彦,44,男,会社員,東京都23区,6210000,楽天市場,食品,台湾カステラ 6個セット,2507,1,通勤中ふと思い出して / 安心のリピート
1370,22:50,松本 克彦,44,男,会社員,東京都23区,6210000,Uniqlo online,アパレル,リネンブレンド オープンカラー シャツ 半袖 (オフホワイト L),3990,1,寝る前に思い立って / 週末カジュアル
1380,23:00,松本 克彦,44,男,会社員,東京都23区,6210000,honto,電子書籍,hontoポイント 1000円分,1000,1,寝る前に思い立って / 次回用ポイント購入
530,08:50,石川 雄太,48,男,看護師,東京都23区,5090000,メルカリ,アパレル,【未使用】GU リブニットワンピース ベージュ M,1724,0,勤務中こっそり / 試したい色
1135,18:55,石川 雄太,48,男,看護師,東京都23区,5090000,MUJI passport,日用品,無印良品 アロマオイル ラベンダー 10ml,1190,0,夕食後にカートを処理 / リラックス
1285,21:25,石川 雄太,48,男,看護師,東京都23区,5090000,MUJI passport,日用品,無印良品 ポリプロピレン収納ケース 引出式M,1490,1,夜のリラックス中に / 整理用
1345,22:25,石川 雄太,48,男,看護師,東京都23区,5090000,MUJI passport,アパレル,無印良品 オーガニックコットン Vネック 半袖T 白 M,1490,1,夜のリラックス中に / 夏定番
575,09:35,高橋 千尋,50,女,教員,東京都23区,4640000,Oisix,食品,Oisix おうちレストラン 旬の野菜セット,3980,0,勤務中こっそり / 週末まとめ
685,11:25,高橋 千尋,50,女,教員,東京都23区,4640000,Uniqlo online,アパレル,リネンブレンド オープンカラー シャツ 半袖 (オフホワイト L),3990,0,勤務中こっそり / 週末カジュアル
915,15:15,高橋 千尋,50,女,教員,東京都23区,4640000,楽天市場,日用品,コストコ カークランド トイレットペーパー 30ロール,4067,0,勤務中こっそり / まとめ買いお得
1165,19:25,高橋 千尋,50,女,教員,東京都23区,4640000,Amazon,電子書籍,Kindle 進撃の巨人 最終34巻,538,0,夕食後にカートを処理 / シリーズ完結
1295,21:35,高橋 千尋,50,女,教員,東京都23区,4640000,Uniqlo online,アパレル,感動パンツ ウルトラライト ストレッチ ストレート (ブラック 32inch),3990,1,夜のリラックス中に / 通勤新調
1200,20:00,加藤 悦子,79,女,工場勤務,東京都23区,3550000,MUJI passport,家具,無印良品 やわらかフィットソファ 1人掛け 用 カバー,4990,0,夕食後にカートを処理 / 安心のリピート
1285,21:25,加藤 悦子,79,女,工場勤務,東京都23区,3550000,honto,電子書籍,hontoポイント 1000円分,1000,1,夜のリラックス中に / 次回用ポイント購入
1140,19:00,高橋 綾,72,女,飲食店,東京都23区,1450000,Uniqlo online,アパレル,リネンブレンド オープンカラー シャツ 半袖 (オフホワイト L),3990,0,夕食後にカートを処理 / 週末カジュアル
1175,19:35,高橋 綾,72,女,飲食店,東京都23区,1450000,Uniqlo online,アパレル,エアリズム コットン クルーネックT 半袖 (ネイビー L),1290,0,夕食後にカートを処理 / 夏前リピート
740,12:20,山口 悠人,48,男,会社員,千葉県,5940000,MUJI passport,アパレル,無印良品 縦横ストレッチ 細身パンツ 黒 32inch,3990,0,ランチ食べながら / 通勤用
1145,19:05,山口 悠人,48,男,会社員,千葉県,5940000,Yahoo!ショッピング,日用品,除菌洗剤 業務用 4L,2979,0,夕食後にカートを処理 / PayPay祭
1235,20:35,山口 悠人,48,男,会社員,千葉県,5940000,honto,電子書籍,hontoポイント 1000円分,1000,1,夜のリラックス中に / 次回用ポイント購入
1315,21:55,山口 悠人,48,男,会社員,千葉県,5940000,MUJI passport,家具,無印良品 やわらかフィットソファ 1人掛け 用 カバー,4990,1,夜のリラックス中に / 気分転換
1350,22:30,山口 悠人,48,男,会社員,千葉県,5940000,楽天市場,日用品,コストコ カークランド トイレットペーパー 30ロール,4023,1,寝る前に思い立って / まとめ買いお得
1135,18:55,山崎 誠,60,男,ITエンジニア,神奈川県,2930000,楽天市場,日用品,コストコ カークランド トイレットペーパー 30ロール,4235,0,夕食後にカートを処理 / まとめ買いお得
1250,20:50,山崎 誠,60,男,ITエンジニア,神奈川県,2930000,honto,書籍,看護管理2025年4月号,2090,1,夜のリラックス中に / 仕事用
890,14:50,松本 翔,72,男,退職,神奈川県,2000000,Uniqlo online,アパレル,ヒートテック クルーネックT 極暖 (グレー M),1990,1,午後のくつろぎ中に / 冬支度
1085,18:05,松本 翔,72,男,退職,神奈川県,2000000,MUJI passport,食品,無印良品 不揃いバウム メープル 5袋,1390,0,夕食後にカートを処理 / おやつストック
605,10:05,松本 翼_123,65,男,パート,東京都23区,1630000,honto,電子書籍,hontoポイント 1000円分,1000,0,勤務中こっそり / 計画通り
940,15:40,松本 翼_123,65,男,パート,東京都23区,1630000,MUJI passport,家具,無印良品 体にフィットするソファ 用 カバー,5990,0,勤務中こっそり / 計画通り
1090,18:10,松本 翼_123,65,男,パート,東京都23区,1630000,Yahoo!ショッピング,日用品,除菌洗剤 業務用 4L,3126,0,勤務中こっそり / 新製品が気になって
580,09:40,加藤 義男,25,男,会社員,神奈川県,3470000,Uniqlo online,アパレル,ヒートテック クルーネックT 極暖 (グレー M),1990,0,勤務中こっそり / 冬支度
1020,17:00,加藤 義男,25,男,会社員,神奈川県,3470000,iHerb,食品,California Gold ナッツミックス 907g,2643,0,勤務中こっそり / 間食用
1090,18:10,加藤 義男,25,男,会社員,神奈川県,3470000,Amazon,電子書籍,Kindle 三体III 死神永生 上,1820,1,通勤中ふと思い出して / 話題のSF
1110,18:30,加藤 義男,25,男,会社員,神奈川県,3470000,Uniqlo online,アパレル,感動パンツ ウルトラライト ストレッチ ストレート (ブラック 32inch),3990,1,通勤中ふと思い出して / 通勤新調
1140,19:00,加藤 義男,25,男,会社員,神奈川県,3470000,Amazon,書籍,成瀬は天下を取りに行く (新潮社),1705,0,夕食後にカートを処理 / 本屋大賞
1230,20:30,山田 節子_125,66,女,飲食店,神奈川県,3670000,Uniqlo online,アパレル,感動パンツ ウルトラライト ストレッチ ストレート (ブラック 32inch),3990,1,夜のリラックス中に / 新製品が気になって
1345,22:25,山田 節子_125,66,女,飲食店,神奈川県,3670000,honto,電子書籍,hontoポイント 1000円分,1000,1,夜のリラックス中に / 次回用ポイント購入
825,13:45,高橋 麻衣,35,女,主婦・主夫,千葉県,1230000,Oisix,食品,Oisix おうちレストラン 旬の野菜セット,3980,0,ランチ食べながら / 週末まとめ
1185,19:45,高橋 麻衣,35,女,主婦・主夫,千葉県,1230000,メルカリ,ホビー,プラモデル HG ガンダムエアリアル 未組立,2215,0,夕食後にカートを処理 / 積みプラ追加
885,14:45,田中 陽菜,57,女,フリーランス,茨城県,3130000,楽天市場,化粧品,KOSE 雪肌精 化粧水 200ml,2968,0,仕事の合間に / リピート
1135,18:55,田中 陽菜,57,女,フリーランス,茨城県,3130000,Uniqlo online,アパレル,感動パンツ ウルトラライト ストレッチ ストレート (ブラック 32inch),3990,0,夕食後にカートを処理 / 通勤新調
1240,20:40,田中 陽菜,57,女,フリーランス,茨城県,3130000,iHerb,サプリ,California Gold ビタミンC 1000mg 240粒,2142,1,夜のリラックス中に / 風邪予防
1280,21:20,田中 陽菜,57,女,フリーランス,茨城県,3130000,Yahoo!ショッピング,日用品,レノア 本格消臭 詰替 1320ml,978,1,夜のリラックス中に / PayPayキャンペーン
440,07:20,山崎 陽翔,61,男,工場勤務,東京都23区,4380000,Uniqlo online,アパレル,エアリズム コットン クルーネックT 半袖 (ネイビー L),1290,0,朝の準備中ふと / 安心のリピート
1240,20:40,山崎 陽翔,61,男,工場勤務,東京都23区,4380000,Amazon,電子書籍,Kindle 三体III 死神永生 上,1820,1,夜のリラックス中に / 安心のリピート
790,13:10,長谷川 義男,55,男,看護師,東京都23区,2810000,honto,書籍,看護管理2025年4月号,2090,0,勤務中こっそり / 仕事用
810,13:30,長谷川 義男,55,男,看護師,東京都23区,2810000,Uniqlo online,アパレル,ヒートテック クルーネックT 極暖 (グレー M),1990,0,勤務中こっそり / 冬支度
1280,21:20,長谷川 義男,55,男,看護師,東京都23区,2810000,楽天市場,日用品,除菌できるウェットティッシュ 100枚 x 8パック,1790,1,夜のリラックス中に / ポイント10倍
1405,23:25,長谷川 義男,55,男,看護師,東京都23区,2810000,Amazon,電化製品,Anker PowerLine III USB-C ケーブル 1.8m,1290,1,寝る前に思い立って / ケーブル断線
1275,21:15,高橋 智也,20,男,大学生,神奈川県,800000,honto,書籍,THE THREE-BODY PROBLEM (English),2980,1,Instagram で広告見て / 原書チャレンジ
1380,23:00,高橋 智也,20,男,大学生,神奈川県,800000,MUJI passport,アパレル,無印良品 縦横ストレッチ 細身パンツ 黒 32inch,3990,1,Instagram で広告見て / 通勤用
535,08:55,石川 莉子,73,女,退職,千葉県,3890000,Amazon,日用品,ファブリーズ 衣類消臭スプレー 370ml x 2,1041,1,朝のゆっくり時間に / 切らした
735,12:15,石川 莉子,73,女,退職,千葉県,3890000,Uniqlo online,アパレル,ヒートテック クルーネックT 極暖 (グレー M),1990,0,ランチ食べながら / 冬支度
1010,16:50,藤田 美穂,72,女,飲食店,神奈川県,4910000,Uniqlo online,アパレル,リネンブレンド オープンカラー シャツ 半袖 (オフホワイト L),3990,0,勤務中こっそり / 安心のリピート
1200,20:00,藤田 美穂,72,女,飲食店,神奈川県,4910000,メルカリ,中古品,【動作確認済】Sony WH-1000XM4 黒 中古,20069,0,夕食後にカートを処理 / 新品より安い
540,09:00,石川 悠人,62,男,会社員,東京都23区,6290000,Uniqlo online,アパレル,エアリズム コットン クルーネックT 半袖 (ネイビー L),1290,0,勤務中こっそり / 夏前リピート
1340,22:20,石川 悠人,62,男,会社員,東京都23区,6290000,メルカリ,本,【美品】コンサル一年目が学ぶこと,1175,1,夜のリラックス中に / 後輩から推薦
505,08:25,佐々木 雄太_134,64,男,ITエンジニア,東京都23区,5110000,MUJI passport,食品,無印良品 素材を生かしたカレー グリーン,350,0,朝の準備中ふと / ストック補充
1125,18:45,佐々木 雄太_134,64,男,ITエンジニア,東京都23区,5110000,MUJI passport,食品,無印良品 素材を生かしたカレー グリーン,350,0,夕食後にカートを処理 / ストック補充
415,06:55,渡辺 凛,31,女,公務員,埼玉県,6700000,メチャカリ,アパレル,メチャカリ ベーシックプラン 月額,3278,0,朝の準備中ふと / サブスクで色々試したい
650,10:50,渡辺 凛,31,女,公務員,埼玉県,6700000,メルカリ,ホビー,ポケモンカード SV6a スカーレットex 1BOX,8698,0,勤務中こっそり / 安心のリピート
1245,20:45,渡辺 凛,31,女,公務員,埼玉県,6700000,iHerb,食品,California Gold ナッツミックス 907g,2744,1,夜のリラックス中に / 安心のリピート
1305,21:45,渡辺 凛,31,女,公務員,埼玉県,6700000,メルカリ,アパレル,【未使用】GU リブニットワンピース ベージュ M,1494,1,夜のリラックス中に / 試したい色
1385,23:05,渡辺 凛,31,女,公務員,埼玉県,6700000,Amazon,電化製品,Logicool MX Master 3S ワイヤレスマウス,14922,1,寝る前に思い立って / 新調
585,09:45,井上 彩花,53,女,公務員,栃木県,4700000,MUJI passport,家具,無印良品 体にフィットするソファ 用 カバー,5990,0,勤務中こっそり / 汚れ補充
815,13:35,井上 彩花,53,女,公務員,栃木県,4700000,MUJI passport,アパレル,無印良品 縦横ストレッチ 細身パンツ 黒 32inch,3990,0,勤務中こっそり / 通勤用
1090,18:10,井上 彩花,53,女,公務員,栃木県,4700000,Amazon,食品,KIRIN 自然が磨いた天然水 2L x 9本,1380,1,通勤中ふと思い出して / 備蓄
1225,20:25,井上 彩花,53,女,公務員,栃木県,4700000,楽天市場,食品,台湾カステラ 6個セット,2839,1,夜のリラックス中に / 話題スイーツ
1235,20:35,井上 彩花,53,女,公務員,栃木県,4700000,楽天市場,化粧品,KOSE 雪肌精 化粧水 200ml,3237,1,夜のリラックス中に / リピート
1005,16:45,中村 陽菜,78,女,パート,千葉県,1150000,Yahoo!ショッピング,日用品,レノア 本格消臭 詰替 1320ml,927,0,勤務中こっそり / 安心のリピート
1245,20:45,中村 陽菜,78,女,パート,千葉県,1150000,Amazon,書籍,成瀬は天下を取りに行く (新潮社),1705,1,夜のリラックス中に / 本屋大賞
525,08:45,藤田 樹,72,男,退職,栃木県,2030000,Amazon,電化製品,Anker PowerLine III USB-C ケーブル 1.8m,1290,1,朝のゆっくり時間に / ケーブル断線
670,11:10,藤田 樹,72,男,退職,栃木県,2030000,Uniqlo online,アパレル,感動パンツ ウルトラライト ストレッチ ストレート (ブラック 32inch),3990,1,お昼のひと息に / 通勤新調
1060,17:40,藤田 樹,72,男,退職,栃木県,2030000,メルカリ,アパレル,MUJI 90s ヴィンテージ チノパン 31inch,3961,1,午後のくつろぎ中に / 古着趣味
1175,19:35,吉田 ハル,54,女,主婦・主夫,千葉県,820000,Amazon,日用品,ピジョン 親子で使える泡シャンプー 詰替 350ml,848,0,夕食後にカートを処理 / 安心のリピート
1340,22:20,吉田 ハル,54,女,主婦・主夫,千葉県,820000,honto,書籍,看護管理2025年4月号,2090,0,家族の話題から / 仕事用
905,15:05,伊藤 杏,22,女,大学生,東京都市部,800000,ZOZOTOWN,シューズ,CONVERSE All Star OX 黒 25cm,6600,0,勉強の息抜きに / 定番補充
1150,19:10,伊藤 杏,22,女,大学生,東京都市部,800000,楽天市場,化粧品,KOSE 雪肌精 化粧水 200ml,3000,0,夕食後にカートを処理 / リピート
560,09:20,斎藤 結愛,66,女,退職,神奈川県,1130000,Amazon,サブスク,Kindle Unlimited 3ヶ月分,2940,1,朝のゆっくり時間に / 安心のリピート
1140,19:00,斎藤 結愛,66,女,退職,神奈川県,1130000,Amazon,食品,カルビー フルグラ 800g x 3,2837,0,夕食後にカートを処理 / 朝食まとめ
415,06:55,中村 心春,47,女,会社員,茨城県,6610000,楽天市場,日用品,除菌できるウェットティッシュ 100枚 x 8パック,1773,0,朝の準備中ふと / ポイント10倍
430,07:10,中村 心春,47,女,会社員,茨城県,6610000,Amazon,日用品,アタック ZERO 抗菌プラス 詰替 720g,476,0,朝の準備中ふと / ストック切れ
440,07:20,中村 心春,47,女,会社員,茨城県,6610000,honto,電子書籍,hontoポイント 1000円分,1000,0,朝の準備中ふと / 次回用ポイント購入
925,15:25,中村 心春,47,女,会社員,茨城県,6610000,Amazon,サブスク,Kindle Unlimited 3ヶ月分,2940,0,勤務中こっそり / 読み放題
1330,22:10,中村 心春,47,女,会社員,茨城県,6610000,Amazon,コーヒー,猿田彦珈琲 大吉ブレンド ドリップバッグ 10個,2005,1,夜のリラックス中に / 気分転換
1355,22:35,中村 心春,47,女,会社員,茨城県,6610000,Yahoo!ショッピング,日用品,レノア 本格消臭 詰替 1320ml,942,1,寝る前に思い立って / PayPayキャンペーン
455,07:35,小林 颯太,48,男,会社員,茨城県,4890000,MUJI passport,アパレル,無印良品 縦横ストレッチ 細身パンツ 黒 32inch,3990,1,通勤中ふと思い出して / 通勤用
495,08:15,小林 颯太,48,男,会社員,茨城県,4890000,Yahoo!ショッピング,日用品,除菌洗剤 業務用 4L,3046,0,勤務中こっそり / PayPay祭
860,14:20,小林 颯太,48,男,会社員,茨城県,4890000,Uniqlo online,アパレル,エアリズム コットン クルーネックT 半袖 (ネイビー L),1290,0,勤務中こっそり / 夏前リピート
1080,18:00,小林 颯太,48,男,会社員,茨城県,4890000,Yahoo!ショッピング,日用品,除菌洗剤 業務用 4L,3213,1,通勤中ふと思い出して / PayPay祭
1365,22:45,小林 颯太,48,男,会社員,茨城県,4890000,Yahoo!ショッピング,日用品,除菌洗剤 業務用 4L,3060,1,寝る前に思い立って / PayPay祭
915,15:15,林 杏,29,女,主婦・主夫,埼玉県,1020000,MUJI passport,アパレル,無印良品 オーガニックコットン Vネック 半袖T 白 M,1490,0,子供の世話の合間に / 夏定番
1285,21:25,林 杏,29,女,主婦・主夫,埼玉県,1020000,Oisix,食品,Kit Oisix 牛肉と野菜のチンジャオロース 2人前,1580,0,家族の話題から / 今夜の献立
960,16:00,佐々木 達也,18,男,大学生,埼玉県,800000,iHerb,化粧品,Burt's Bees リップ バーム ハニー,638,0,勉強の息抜きに / 安心のリピート
1285,21:25,佐々木 達也,18,男,大学生,埼玉県,800000,Amazon,コーヒー,STARBUCKS ハウス ブレンド ホール 250g,1440,1,Instagram で広告見て / 切らした
450,07:30,石川 貴志,43,男,公務員,埼玉県,6020000,Yodobashi.com,ゲーム,Nintendo Switch 2 ソフト 「マリオカートワールド」,9980,1,通勤中ふと思い出して / 発売日購入
465,07:45,石川 貴志,43,男,公務員,埼玉県,6020000,楽天市場,日用品,コストコ カークランド トイレットペーパー 30ロール,4182,1,通勤中ふと思い出して / まとめ買いお得
510,08:30,石川 貴志,43,男,公務員,埼玉県,6020000,楽天市場,日用品,除菌できるウェットティッシュ 100枚 x 8パック,1541,0,勤務中こっそり / ポイント10倍
530,08:50,石川 貴志,43,男,公務員,埼玉県,6020000,Yodobashi.com,電化製品,シャープ プラズマクラスター イオン発生機 IG-NX15,18800,0,勤務中こっそり / 花粉対策
655,10:55,石川 貴志,43,男,公務員,埼玉県,6020000,Amazon,電子書籍,Kindle ハイキュー!! 文庫版 1-3巻セット,1980,0,勤務中こっそり / 懐かしい
1195,19:55,石川 貴志,43,男,公務員,埼玉県,6020000,メルカリ,中古品,【動作確認済】Sony WH-1000XM4 黒 中古,22590,0,夕食後にカートを処理 / 新品より安い
1260,21:00,石川 貴志,43,男,公務員,埼玉県,6020000,Amazon,食品,カゴメ 野菜一日これ一本 200ml x 24本,2828,1,夜のリラックス中に / 朝の野菜
535,08:55,伊藤 悠人,37,男,フリーランス,千葉県,3770000,Amazon,電化製品,Logicool MX Master 3S ワイヤレスマウス,15955,0,朝の準備中ふと / 新調
1105,18:25,伊藤 悠人,37,男,フリーランス,千葉県,3770000,Yodobashi.com,電化製品,シャープ プラズマクラスター イオン発生機 IG-NX15,18800,0,夕食後にカートを処理 / 花粉対策
1140,19:00,伊藤 悠人,37,男,フリーランス,千葉県,3770000,MUJI passport,日用品,無印良品 アロマオイル ラベンダー 10ml,1190,0,夕食後にカートを処理 / リラックス
1240,20:40,伊藤 悠人,37,男,フリーランス,千葉県,3770000,honto,電子書籍,hontoポイント 1000円分,1000,1,夜のリラックス中に / 次回用ポイント購入
1295,21:35,伊藤 悠人,37,男,フリーランス,千葉県,3770000,Yahoo!ショッピング,日用品,除菌洗剤 業務用 4L,3263,1,夜のリラックス中に / PayPay祭
735,12:15,清水 貴志,59,男,フリーランス,神奈川県,5320000,Uniqlo online,アパレル,リネンブレンド オープンカラー シャツ 半袖 (オフホワイト L),3990,0,ランチ食べながら / 週末カジュアル
780,13:00,清水 貴志,59,男,フリーランス,神奈川県,5320000,honto,書籍,THE THREE-BODY PROBLEM (English),2980,0,仕事の合間に / 原書チャレンジ
1060,17:40,清水 貴志,59,男,フリーランス,神奈川県,5320000,Amazon,電子書籍,Kindle ハイキュー!! 文庫版 1-3巻セット,1980,0,仕事の合間に / 懐かしい
1220,20:20,清水 貴志,59,男,フリーランス,神奈川県,5320000,Yahoo!ショッピング,日用品,レノア 本格消臭 詰替 1320ml,880,1,夜のリラックス中に / PayPayキャンペーン
1355,22:35,清水 貴志,59,男,フリーランス,神奈川県,5320000,Amazon,日用品,ファブリーズ 衣類消臭スプレー 370ml x 2,1016,1,夜のリラックス中に / 切らした
1175,19:35,森 心春,50,女,主婦・主夫,茨城県,1280000,Amazon,食品,カルビー フルグラ 800g x 3,2688,0,夕食後にカートを処理 / 朝食まとめ
1205,20:05,森 心春,50,女,主婦・主夫,茨城県,1280000,honto,電子書籍,hontoポイント 1000円分,1000,0,家族の話題から / 次回用ポイント購入
640,10:40,藤田 拓海,37,男,ITエンジニア,神奈川県,6270000,Yahoo!ショッピング,日用品,レノア 本格消臭 詰替 1320ml,941,0,仕事の合間に / PayPayキャンペーン
1095,18:15,藤田 拓海,37,男,ITエンジニア,神奈川県,6270000,Uniqlo online,アパレル,リネンブレンド オープンカラー シャツ 半袖 (オフホワイト L),3990,0,夕食後にカートを処理 / 週末カジュアル
1100,18:20,藤田 拓海,37,男,ITエンジニア,神奈川県,6270000,MUJI passport,アパレル,無印良品 縦横ストレッチ 細身パンツ 黒 32inch,3990,0,夕食後にカートを処理 / 通勤用
1155,19:15,藤田 拓海,37,男,ITエンジニア,神奈川県,6270000,MUJI passport,日用品,無印良品 アロマオイル ラベンダー 10ml,1190,0,夕食後にカートを処理 / リラックス
1225,20:25,藤田 拓海,37,男,ITエンジニア,神奈川県,6270000,Amazon,食品,カルビー フルグラ 800g x 3,2677,1,夜のリラックス中に / 朝食まとめ
1355,22:35,藤田 拓海,37,男,ITエンジニア,神奈川県,6270000,Amazon,日用品,Mr.CLEAN マジックリン キッチン用 400ml,379,1,夜のリラックス中に / 切らしそう
1290,21:30,中村 結愛,70,女,工場勤務,東京都市部,1880000,Amazon,コーヒー,Blue Bottle Coffee ベラ ドノヴァン 200g,2098,1,夜のリラックス中に / 安心のリピート
1340,22:20,中村 結愛,70,女,工場勤務,東京都市部,1880000,MUJI passport,日用品,無印良品 化粧水 敏感肌用 高保湿 200ml,690,1,夜のリラックス中に / リピート
535,08:55,高橋 麻衣_152,55,女,会社員,群馬県,3810000,Uniqlo online,アパレル,ヒートテック クルーネックT 極暖 (グレー M),1990,0,勤務中こっそり / 安心のリピート
1125,18:45,高橋 麻衣_152,55,女,会社員,群馬県,3810000,楽天市場,日用品,除菌できるウェットティッシュ 100枚 x 8パック,1504,0,夕食後にカートを処理 / ポイント10倍
1225,20:25,高橋 麻衣_152,55,女,会社員,群馬県,3810000,Yahoo!ショッピング,日用品,除菌洗剤 業務用 4L,3011,1,夜のリラックス中に / PayPay祭
1230,20:30,高橋 麻衣_152,55,女,会社員,群馬県,3810000,楽天市場,日用品,コストコ カークランド トイレットペーパー 30ロール,4089,1,夜のリラックス中に / まとめ買いお得
1360,22:40,高橋 麻衣_152,55,女,会社員,群馬県,3810000,MUJI passport,食品,無印良品 素材を生かしたカレー グリーン,350,1,寝る前に思い立って / ストック補充
525,08:45,池田 雅人,59,男,ITエンジニア,千葉県,9150000,MUJI passport,日用品,無印良品 アロマオイル ラベンダー 10ml,1190,0,朝の準備中ふと / リラックス
775,12:55,池田 雅人,59,男,ITエンジニア,千葉県,9150000,MUJI passport,アパレル,無印良品 縦横ストレッチ 細身パンツ 黒 32inch,3990,0,ランチ食べながら / 通勤用
1050,17:30,池田 雅人,59,男,ITエンジニア,千葉県,9150000,メルカリ,アパレル,【美品】UNIQLO x JW Anderson コラボ ニット L,4011,0,仕事の合間に / コラボ品再入手
1120,18:40,池田 雅人,59,男,ITエンジニア,千葉県,9150000,Uniqlo online,アパレル,エアリズム コットン クルーネックT 半袖 (ネイビー L),1290,0,夕食後にカートを処理 / 夏前リピート
1365,22:45,池田 雅人,59,男,ITエンジニア,千葉県,9150000,MUJI passport,食品,無印良品 不揃いバウム メープル 5袋,1390,1,夜のリラックス中に / おやつストック
465,07:45,小林 雅人,54,男,会社員,茨城県,3390000,honto,電子書籍,hontoポイント 1000円分,1000,1,通勤中ふと思い出して / 次回用ポイント購入
840,14:00,小林 雅人,54,男,会社員,茨城県,3390000,Uniqlo online,アパレル,エアリズム コットン クルーネックT 半袖 (ネイビー L),1290,0,勤務中こっそり / 夏前リピート
1180,19:40,小林 雅人,54,男,会社員,茨城県,3390000,Yahoo!ショッピング,日用品,レノア 本格消臭 詰替 1320ml,983,0,夕食後にカートを処理 / PayPayキャンペーン
1185,19:45,小林 雅人,54,男,会社員,茨城県,3390000,Uniqlo online,アパレル,エアリズム コットン クルーネックT 半袖 (ネイビー L),1290,0,夕食後にカートを処理 / 夏前リピート
1320,22:00,小林 雅人,54,男,会社員,茨城県,3390000,Uniqlo online,アパレル,感動パンツ ウルトラライト ストレッチ ストレート (ブラック 32inch),3990,1,夜のリラックス中に / 通勤新調
1140,19:00,池田 悦子,24,女,工場勤務,埼玉県,2090000,Uniqlo online,アパレル,ヒートテック クルーネックT 極暖 (グレー M),1990,0,夕食後にカートを処理 / 冬支度
1165,19:25,池田 悦子,24,女,工場勤務,埼玉県,2090000,メチャカリ,アパレル,メチャカリ ベーシックプラン 月額,3278,0,夕食後にカートを処理 / サブスクで色々試したい
1245,20:45,池田 悦子,24,女,工場勤務,埼玉県,2090000,Amazon,電子書籍,Kindle 進撃の巨人 最終34巻,538,1,夜のリラックス中に / シリーズ完結
1280,21:20,池田 悦子,24,女,工場勤務,埼玉県,2090000,ZOZOTOWN,アパレル,SLY オーバーサイズ スウェット M ベージュ,8800,1,夜のリラックス中に / 韓国っぽい
845,14:05,森 由美,75,女,退職,東京都23区,3000000,honto,電子書籍,hontoポイント 1000円分,1000,1,午後のくつろぎ中に / 次回用ポイント購入
925,15:25,森 由美,75,女,退職,東京都23区,3000000,iHerb,食品,California Gold ナッツミックス 907g,2593,1,午後のくつろぎ中に / 間食用
630,10:30,後藤 湊,45,男,デザイナー,埼玉県,6890000,楽天市場,化粧品,KOSE 雪肌精 化粧水 200ml,3163,0,仕事の合間に / リピート
820,13:40,後藤 湊,45,男,デザイナー,埼玉県,6890000,Yodobashi.com,電化製品,シャープ プラズマクラスター イオン発生機 IG-NX15,18800,0,仕事の合間に / 花粉対策
1000,16:40,後藤 湊,45,男,デザイナー,埼玉県,6890000,Yahoo!ショッピング,日用品,レノア 本格消臭 詰替 1320ml,1034,0,仕事の合間に / PayPayキャンペーン
1160,19:20,後藤 湊,45,男,デザイナー,埼玉県,6890000,MUJI passport,日用品,無印良品 ポリプロピレン収納ケース 引出式M,1490,0,夕食後にカートを処理 / 整理用
1165,19:25,後藤 湊,45,男,デザイナー,埼玉県,6890000,Yodobashi.com,電化製品,シャープ プラズマクラスター イオン発生機 IG-NX15,18800,0,夕食後にカートを処理 / 花粉対策
1245,20:45,後藤 湊,45,男,デザイナー,埼玉県,6890000,Uniqlo online,アパレル,リネンブレンド オープンカラー シャツ 半袖 (オフホワイト L),3990,1,夜のリラックス中に / 週末カジュアル
1375,22:55,後藤 湊,45,男,デザイナー,埼玉県,6890000,楽天市場,化粧品,資生堂 マキアージュ ドラマティック ジェリー BB,3665,1,夜のリラックス中に / ポイント祭
570,09:30,石川 凛,36,女,販売員,埼玉県,2810000,MUJI passport,アパレル,無印良品 縦横ストレッチ 細身パンツ 黒 32inch,3990,0,勤務中こっそり / 通勤用
575,09:35,石川 凛,36,女,販売員,埼玉県,2810000,Uniqlo online,アパレル,感動パンツ ウルトラライト ストレッチ ストレート (ブラック 32inch),3990,0,勤務中こっそり / 通勤新調
700,11:40,石川 凛,36,女,販売員,埼玉県,2810000,Amazon,食品,KIRIN 自然が磨いた天然水 2L x 9本,1380,0,勤務中こっそり / 備蓄
1320,22:00,石川 凛,36,女,販売員,埼玉県,2810000,Amazon,食品,カゴメ 野菜一日これ一本 200ml x 24本,2870,1,夜のリラックス中に / 朝の野菜
940,15:40,高橋 結愛,75,女,退職,東京都23区,1940000,honto,電子書籍,hontoポイント 1000円分,1000,1,午後のくつろぎ中に / 次回用ポイント購入
1305,21:45,高橋 結愛,75,女,退職,東京都23区,1940000,Yahoo!ショッピング,日用品,除菌洗剤 業務用 4L,2737,1,TVショッピング見て / 計画通り
500,08:20,木村 結衣,75,女,退職,栃木県,2160000,MUJI passport,日用品,無印良品 アロマオイル ラベンダー 10ml,1190,1,朝のゆっくり時間に / リラックス
1210,20:10,木村 結衣,75,女,退職,栃木県,2160000,Uniqlo online,アパレル,感動パンツ ウルトラライト ストレッチ ストレート (ブラック 32inch),3990,1,TVショッピング見て / 通勤新調
685,11:25,森 葵_161,18,女,大学生,埼玉県,800000,MUJI passport,日用品,無印良品 化粧水 敏感肌用 高保湿 200ml,690,0,勉強の息抜きに / リピート
935,15:35,森 葵_161,18,女,大学生,埼玉県,800000,Uniqlo online,アパレル,ヒートテック クルーネックT 極暖 (グレー M),1990,0,勉強の息抜きに / 冬支度
1090,18:10,長谷川 悠人,60,男,ITエンジニア,千葉県,3600000,MUJI passport,日用品,無印良品 アロマオイル ラベンダー 10ml,1190,0,夕食後にカートを処理 / リラックス
1295,21:35,長谷川 悠人,60,男,ITエンジニア,千葉県,3600000,Uniqlo online,アパレル,リネンブレンド オープンカラー シャツ 半袖 (オフホワイト L),3990,1,夜のリラックス中に / 週末カジュアル
615,10:15,山田 正樹_163,78,男,退職,栃木県,1840000,MUJI passport,家具,無印良品 体にフィットするソファ 用 カバー,5990,1,朝のゆっくり時間に / 安心のリピート
695,11:35,山田 正樹_163,78,男,退職,栃木県,1840000,MUJI passport,日用品,無印良品 アロマオイル ラベンダー 10ml,1190,1,お昼のひと息に / 安心のリピート
730,12:10,池田 達也,56,男,フリーランス,千葉県,6070000,楽天市場,食品,讃岐うどん 半生 太麺 1kg,1322,0,ランチ食べながら / 安心のリピート
780,13:00,池田 達也,56,男,フリーランス,千葉県,6070000,Amazon,コーヒー,UCC ザ ブレンド 114 レギュラーコーヒー 360g x 6,4889,0,仕事の合間に / 在宅用ストック
1165,19:25,池田 達也,56,男,フリーランス,千葉県,6070000,Yahoo!ショッピング,日用品,除菌洗剤 業務用 4L,2842,0,夕食後にカートを処理 / PayPay祭
1215,20:15,池田 達也,56,男,フリーランス,千葉県,6070000,Amazon,日用品,ピジョン 親子で使える泡シャンプー 詰替 350ml,877,1,夜のリラックス中に / 安心のリピート
1230,20:30,池田 達也,56,男,フリーランス,千葉県,6070000,Yahoo!ショッピング,日用品,除菌洗剤 業務用 4L,2967,1,夜のリラックス中に / PayPay祭
1335,22:15,池田 達也,56,男,フリーランス,千葉県,6070000,Uniqlo online,アパレル,エアリズム コットン クルーネックT 半袖 (ネイビー L),1290,1,夜のリラックス中に / 安心のリピート
1150,19:10,井上 颯太,44,男,販売員,神奈川県,3450000,楽天市場,化粧品,資生堂 マキアージュ ドラマティック ジェリー BB,3486,0,夕食後にカートを処理 / 安心のリピート
1175,19:35,井上 颯太,44,男,販売員,神奈川県,3450000,Amazon,書籍,達人プログラマー 第2版 (オーム社),3520,0,夕食後にカートを処理 / 技術書
1190,19:50,井上 颯太,44,男,販売員,神奈川県,3450000,Yahoo!ショッピング,日用品,レノア 本格消臭 詰替 1320ml,1016,0,夕食後にカートを処理 / PayPayキャンペーン
1215,20:15,井上 颯太,44,男,販売員,神奈川県,3450000,Uniqlo online,アパレル,感動パンツ ウルトラライト ストレッチ ストレート (ブラック 32inch),3990,0,夕食後にカートを処理 / 通勤新調
1375,22:55,井上 颯太,44,男,販売員,神奈川県,3450000,Uniqlo online,アパレル,リネンブレンド オープンカラー シャツ 半袖 (オフホワイト L),3990,1,夜のリラックス中に / 週末カジュアル
390,06:30,山崎 美穂,54,女,会社員,神奈川県,9480000,楽天市場,日用品,コストコ カークランド トイレットペーパー 30ロール,3593,0,朝の準備中ふと / まとめ買いお得
700,11:40,山崎 美穂,54,女,会社員,神奈川県,9480000,honto,電子書籍,hontoポイント 1000円分,1000,0,勤務中こっそり / 次回用ポイント購入
1110,18:30,山崎 美穂,54,女,会社員,神奈川県,9480000,iHerb,化粧品,CeraVe フェイシャル モイスチャライザー 89ml,2661,1,通勤中ふと思い出して / 海外定番
1190,19:50,山崎 美穂,54,女,会社員,神奈川県,9480000,Amazon,コーヒー,Blue Bottle Coffee ベラ ドノヴァン 200g,2028,0,夕食後にカートを処理 / リピート
1270,21:10,山崎 美穂,54,女,会社員,神奈川県,9480000,Yahoo!ショッピング,日用品,除菌洗剤 業務用 4L,2940,1,夜のリラックス中に / PayPay祭
1355,22:35,山崎 美穂,54,女,会社員,神奈川県,9480000,Amazon,電化製品,Anker 737 Power Bank 24000mAh 140W,21004,1,寝る前に思い立って / 出張用
475,07:55,松本 陽翔,46,男,看護師,東京都23区,5450000,Uniqlo online,アパレル,ヒートテック クルーネックT 極暖 (グレー M),1990,1,通勤中ふと思い出して / 計画通り
1180,19:40,松本 陽翔,46,男,看護師,東京都23区,5450000,楽天市場,化粧品,ETUDE ティアアイライナー 限定色,1596,0,夕食後にカートを処理 / 新作
1225,20:25,松本 陽翔,46,男,看護師,東京都23区,5450000,MUJI passport,家具,無印良品 体にフィットするソファ 用 カバー,5990,1,夜のリラックス中に / 汚れ補充
1290,21:30,松本 陽翔,46,男,看護師,東京都23区,5450000,Yahoo!ショッピング,日用品,レノア 本格消臭 詰替 1320ml,1066,1,夜のリラックス中に / PayPayキャンペーン
1345,22:25,松本 陽翔,46,男,看護師,東京都23区,5450000,Amazon,書籍,成瀬は天下を取りに行く (新潮社),1705,1,夜のリラックス中に / 本屋大賞
1355,22:35,松本 陽翔,46,男,看護師,東京都23区,5450000,Uniqlo online,アパレル,ヒートテック クルーネックT 極暖 (グレー M),1990,1,寝る前に思い立って / 計画通り
985,16:25,藤田 芽依,44,女,主婦・主夫,埼玉県,2100000,Oisix,食品,Oisix おうちレストラン 旬の野菜セット,3980,0,子供の世話の合間に / 週末まとめ
995,16:35,藤田 芽依,44,女,主婦・主夫,埼玉県,2100000,MUJI passport,食品,無印良品 素材を生かしたカレー グリーン,350,0,子供の世話の合間に / ストック補充
1190,19:50,藤田 芽依,44,女,主婦・主夫,埼玉県,2100000,Amazon,電子書籍,Kindle 進撃の巨人 最終34巻,538,0,夕食後にカートを処理 / 安心のリピート
1285,21:25,藤田 芽依,44,女,主婦・主夫,埼玉県,2100000,メルカリ,本,【美品】コンサル一年目が学ぶこと,1071,0,家族の話題から / 安心のリピート
905,15:05,田中 健太,55,男,ITエンジニア,群馬県,7780000,Uniqlo online,アパレル,ヒートテック クルーネックT 極暖 (グレー M),1990,0,仕事の合間に / 冬支度
1125,18:45,田中 健太,55,男,ITエンジニア,群馬県,7780000,楽天市場,食品,台湾カステラ 6個セット,2764,0,夕食後にカートを処理 / 話題スイーツ
1135,18:55,田中 健太,55,男,ITエンジニア,群馬県,7780000,honto,電子書籍,hontoポイント 1000円分,1000,0,夕食後にカートを処理 / 次回用ポイント購入
1355,22:35,田中 健太,55,男,ITエンジニア,群馬県,7780000,Yahoo!ショッピング,日用品,レノア 本格消臭 詰替 1320ml,981,1,夜のリラックス中に / PayPayキャンペーン
465,07:45,橋本 結愛,60,女,会社員,東京都23区,2840000,MUJI passport,日用品,無印良品 ポリプロピレン収納ケース 引出式M,1490,1,通勤中ふと思い出して / 整理用
525,08:45,橋本 結愛,60,女,会社員,東京都23区,2840000,Amazon,サブスク,Kindle Unlimited 3ヶ月分,2940,0,勤務中こっそり / 読み放題
815,13:35,松本 湊,65,男,退職,茨城県,1810000,MUJI passport,食品,無印良品 素材を生かしたカレー グリーン,350,1,お昼のひと息に / 新製品が気になって
1160,19:20,松本 湊,65,男,退職,茨城県,1810000,Amazon,サブスク,Amazon Prime 年会費 (1年),5900,0,夕食後にカートを処理 / 年次自動更新
660,11:00,吉田 心春,39,女,会社員,東京都市部,4020000,メルカリ,ホビー,ポケモンカード SV6a スカーレットex 1BOX,8580,0,勤務中こっそり / 再販分
670,11:10,吉田 心春,39,女,会社員,東京都市部,4020000,Amazon,日用品,クイックル ワイパー 立体吸着 ウェット 32枚,958,0,勤務中こっそり / リピート
1140,19:00,吉田 心春,39,女,会社員,東京都市部,4020000,MUJI passport,家具,無印良品 やわらかフィットソファ 1人掛け 用 カバー,4990,0,夕食後にカートを処理 / 気分転換
1190,19:50,吉田 心春,39,女,会社員,東京都市部,4020000,MUJI passport,アパレル,無印良品 縦横ストレッチ 細身パンツ 黒 32inch,3990,0,夕食後にカートを処理 / 通勤用
1360,22:40,吉田 心春,39,女,会社員,東京都市部,4020000,iHerb,食品,California Gold ナッツミックス 907g,2537,1,寝る前に思い立って / 間食用
695,11:35,池田 麻衣,38,女,販売員,東京都23区,1790000,honto,書籍,看護管理2025年4月号,2090,0,勤務中こっそり / 計画通り
870,14:30,池田 麻衣,38,女,販売員,東京都23区,1790000,Amazon,コーヒー,Blue Bottle Coffee ベラ ドノヴァン 200g,2075,0,勤務中こっそり / リピート
1290,21:30,池田 麻衣,38,女,販売員,東京都23区,1790000,Yodobashi.com,電化製品,シャープ プラズマクラスター イオン発生機 IG-NX15,18800,1,夜のリラックス中に / 花粉対策
1295,21:35,池田 麻衣,38,女,販売員,東京都23区,1790000,iHerb,食品,California Gold ナッツミックス 907g,2762,1,夜のリラックス中に / 間食用
880,14:40,吉田 節子,51,女,飲食店,千葉県,4010000,Yahoo!ショッピング,日用品,レノア 本格消臭 詰替 1320ml,1012,0,勤務中こっそり / PayPayキャンペーン
1010,16:50,吉田 節子,51,女,飲食店,千葉県,4010000,MUJI passport,食品,無印良品 不揃いバウム メープル 5袋,1390,0,勤務中こっそり / おやつストック
1045,17:25,吉田 節子,51,女,飲食店,千葉県,4010000,Amazon,電子書籍,Kindle 進撃の巨人 最終34巻,538,0,勤務中こっそり / シリーズ完結
1270,21:10,吉田 節子,51,女,飲食店,千葉県,4010000,Uniqlo online,アパレル,ヒートテック クルーネックT 極暖 (グレー M),1990,1,夜のリラックス中に / 冬支度
1285,21:25,吉田 節子,51,女,飲食店,千葉県,4010000,honto,書籍,THE THREE-BODY PROBLEM (English),2980,1,夜のリラックス中に / 原書チャレンジ
780,13:00,佐々木 結愛,62,女,飲食店,埼玉県,4260000,MUJI passport,日用品,無印良品 ポリプロピレン収納ケース 引出式M,1490,0,ランチ食べながら / 整理用
1365,22:45,佐々木 結愛,62,女,飲食店,埼玉県,4260000,楽天市場,日用品,コストコ カークランド トイレットペーパー 30ロール,4139,1,夜のリラックス中に / まとめ買いお得
565,09:25,木村 大翔,61,男,経営者・役員,埼玉県,6010000,Uniqlo online,アパレル,リネンブレンド オープンカラー シャツ 半袖 (オフホワイト L),3990,0,勤務中こっそり / 週末カジュアル
1070,17:50,木村 大翔,61,男,経営者・役員,埼玉県,6010000,Uniqlo online,アパレル,エアリズム コットン クルーネックT 半袖 (ネイビー L),1290,0,勤務中こっそり / 夏前リピート
470,07:50,清水 克彦,57,男,会社員,千葉県,8740000,楽天市場,食品,讃岐うどん 半生 太麺 1kg,1447,1,通勤中ふと思い出して / 在庫補充
820,13:40,清水 克彦,57,男,会社員,千葉県,8740000,MUJI passport,日用品,無印良品 ポリプロピレン収納ケース 引出式M,1490,0,勤務中こっそり / 整理用
1080,18:00,清水 克彦,57,男,会社員,千葉県,8740000,Uniqlo online,アパレル,ヒートテック クルーネックT 極暖 (グレー M),1990,1,通勤中ふと思い出して / 冬支度
1250,20:50,清水 克彦,57,男,会社員,千葉県,8740000,MUJI passport,日用品,無印良品 ポリプロピレン収納ケース 引出式M,1490,1,夜のリラックス中に / 整理用
1355,22:35,清水 克彦,57,男,会社員,千葉県,8740000,MUJI passport,日用品,無印良品 アロマオイル ラベンダー 10ml,1190,1,寝る前に思い立って / リラックス
1405,23:25,清水 克彦,57,男,会社員,千葉県,8740000,MUJI passport,アパレル,無印良品 オーガニックコットン Vネック 半袖T 白 M,1490,1,寝る前に思い立って / 夏定番
485,08:05,石川 智也_178,37,男,教員,神奈川県,5650000,楽天市場,食品,台湾カステラ 6個セット,2643,1,通勤中ふと思い出して / 話題スイーツ
1025,17:05,石川 智也_178,37,男,教員,神奈川県,5650000,楽天市場,日用品,除菌できるウェットティッシュ 100枚 x 8パック,1507,0,勤務中こっそり / ポイント10倍
1135,18:55,石川 智也_178,37,男,教員,神奈川県,5650000,楽天市場,食品,台湾カステラ 6個セット,2526,0,夕食後にカートを処理 / 話題スイーツ
1220,20:20,石川 智也_178,37,男,教員,神奈川県,5650000,Amazon,電子書籍,Kindle 進撃の巨人 最終34巻,538,1,夜のリラックス中に / シリーズ完結
625,10:25,中村 彩,68,女,パート,千葉県,1200000,楽天市場,日用品,除菌できるウェットティッシュ 100枚 x 8パック,1735,0,勤務中こっそり / ポイント10倍
1355,22:35,中村 彩,68,女,パート,千葉県,1200000,メルカリ,ホビー,プラモデル HG ガンダムエアリアル 未組立,2320,1,夜のリラックス中に / 積みプラ追加
465,07:45,松本 美穂,23,女,経営者・役員,東京都23区,4230000,メルカリ,中古品,【動作確認済】Sony WH-1000XM4 黒 中古,20564,1,通勤中ふと思い出して / 新品より安い
475,07:55,松本 美穂,23,女,経営者・役員,東京都23区,4230000,メルカリ,アパレル,【未使用】GU リブニットワンピース ベージュ M,1486,1,通勤中ふと思い出して / 試したい色
1115,18:35,松本 美穂,23,女,経営者・役員,東京都23区,4230000,MUJI passport,アパレル,無印良品 縦横ストレッチ 細身パンツ 黒 32inch,3990,1,通勤中ふと思い出して / 通勤用
1255,20:55,松本 美穂,23,女,経営者・役員,東京都23区,4230000,メルカリ,ホビー,【美品】鬼滅の刃 全巻セット 1-23巻,11238,1,夜のリラックス中に / 一気読み用
1355,22:35,松本 美穂,23,女,経営者・役員,東京都23区,4230000,iHerb,サプリ,マイプロテイン Impact ホエイ 1kg バニラ,4404,1,寝る前に思い立って / 筋トレ補給
780,13:00,佐々木 智也,72,男,パート,群馬県,1000000,Amazon,コーヒー,UCC ザ ブレンド 114 レギュラーコーヒー 360g x 6,4928,0,ランチ食べながら / 在宅用ストック
1025,17:05,佐々木 智也,72,男,パート,群馬県,1000000,楽天市場,化粧品,KOSE 雪肌精 化粧水 200ml,3007,0,勤務中こっそり / リピート
870,14:30,山崎 智也_182,78,男,工場勤務,東京都23区,2630000,Yahoo!ショッピング,日用品,除菌洗剤 業務用 4L,3199,0,勤務中こっそり / PayPay祭
1140,19:00,山崎 智也_182,78,男,工場勤務,東京都23区,2630000,Yahoo!ショッピング,日用品,除菌洗剤 業務用 4L,2935,0,夕食後にカートを処理 / PayPay祭
615,10:15,佐藤 由美,37,女,主婦・主夫,東京都市部,2120000,メルカリ,アパレル,【美品】UNIQLO x JW Anderson コラボ ニット L,4214,0,家事中スマホで / コラボ品再入手
790,13:10,佐藤 由美,37,女,主婦・主夫,東京都市部,2120000,楽天市場,食品,讃岐うどん 半生 太麺 1kg,1397,0,ランチ食べながら / 在庫補充
1125,18:45,佐藤 由美,37,女,主婦・主夫,東京都市部,2120000,Yahoo!ショッピング,日用品,除菌洗剤 業務用 4L,2985,0,夕食後にカートを処理 / PayPay祭
1235,20:35,佐藤 由美,37,女,主婦・主夫,東京都市部,2120000,MUJI passport,日用品,無印良品 ポリプロピレン収納ケース 引出式M,1490,0,家族の話題から / 整理用
1315,21:55,岡田 雅人,63,男,会社員,東京都23区,3370000,Amazon,電化製品,Anker PowerLine III USB-C ケーブル 1.8m,1290,1,夜のリラックス中に / ケーブル断線
1330,22:10,岡田 雅人,63,男,会社員,東京都23区,3370000,楽天市場,食品,讃岐うどん 半生 太麺 1kg,1408,1,夜のリラックス中に / 在庫補充
1280,21:20,高橋 和也,78,男,パート,神奈川県,1800000,MUJI passport,食品,無印良品 不揃いバウム メープル 5袋,1390,1,夜のリラックス中に / おやつストック
1290,21:30,高橋 和也,78,男,パート,神奈川県,1800000,Uniqlo online,アパレル,ヒートテック クルーネックT 極暖 (グレー M),1990,1,夜のリラックス中に / 冬支度
1190,19:50,山田 大翔_186,61,男,会社員,群馬県,5830000,Yahoo!ショッピング,日用品,除菌洗剤 業務用 4L,3192,0,夕食後にカートを処理 / PayPay祭
1385,23:05,山田 大翔_186,61,男,会社員,群馬県,5830000,メルカリ,本,【美品】コンサル一年目が学ぶこと,915,1,寝る前に思い立って / 後輩から推薦
695,11:35,長谷川 芽依,44,女,会社員,千葉県,7030000,楽天市場,食品,北海道産 ホタテ貝柱 1kg 訳あり,7095,0,勤務中こっそり / ポイント10倍
940,15:40,長谷川 芽依,44,女,会社員,千葉県,7030000,楽天市場,食品,北海道産 ホタテ貝柱 1kg 訳あり,8232,0,勤務中こっそり / 安心のリピート
1155,19:15,長谷川 芽依,44,女,会社員,千葉県,7030000,Uniqlo online,アパレル,感動パンツ ウルトラライト ストレッチ ストレート (ブラック 32inch),3990,0,夕食後にカートを処理 / 通勤新調
1175,19:35,長谷川 芽依,44,女,会社員,千葉県,7030000,MUJI passport,家具,無印良品 ポリエステル 綿フランネル こたつ布団,9990,0,夕食後にカートを処理 / 冬支度
1290,21:30,長谷川 芽依,44,女,会社員,千葉県,7030000,Oisix,食品,Kit Oisix 牛肉と野菜のチンジャオロース 2人前,1580,1,夜のリラックス中に / 今夜の献立
1380,23:00,長谷川 芽依,44,女,会社員,千葉県,7030000,メルカリ,アパレル,【未使用】GU リブニットワンピース ベージュ M,1784,1,寝る前に思い立って / 試したい色
405,06:45,田中 達也,46,男,会社員,東京都23区,4330000,honto,電子書籍,hontoポイント 1000円分,1000,0,朝の準備中ふと / 次回用ポイント購入
1085,18:05,田中 達也,46,男,会社員,東京都23区,4330000,楽天市場,日用品,コストコ カークランド トイレットペーパー 30ロール,3998,1,通勤中ふと思い出して / まとめ買いお得
1160,19:20,田中 達也,46,男,会社員,東京都23区,4330000,MUJI passport,日用品,無印良品 化粧水 敏感肌用 高保湿 200ml,690,0,夕食後にカートを処理 / リピート
1320,22:00,田中 達也,46,男,会社員,東京都23区,4330000,Uniqlo online,アパレル,エアリズム コットン クルーネックT 半袖 (ネイビー L),1290,1,夜のリラックス中に / 夏前リピート
1335,22:15,田中 達也,46,男,会社員,東京都23区,4330000,honto,書籍,THE THREE-BODY PROBLEM (English),2980,1,夜のリラックス中に / 原書チャレンジ
935,15:35,加藤 陽翔,29,男,販売員,東京都23区,3200000,iHerb,サプリ,Now Foods マルチビタミン ADAM 90粒,2759,0,勤務中こっそり / 夫向け
1240,20:40,加藤 陽翔,29,男,販売員,東京都23区,3200000,Amazon,コーヒー,Blue Bottle Coffee ベラ ドノヴァン 200g,1967,1,夜のリラックス中に / リピート
1250,20:50,加藤 陽翔,29,男,販売員,東京都23区,3200000,Amazon,食品,カルビー フルグラ 800g x 3,2657,1,夜のリラックス中に / 朝食まとめ
1290,21:30,加藤 陽翔,29,男,販売員,東京都23区,3200000,メルカリ,ホビー,【美品】鬼滅の刃 全巻セット 1-23巻,11615,1,夜のリラックス中に / 一気読み用
1320,22:00,加藤 陽翔,29,男,販売員,東京都23区,3200000,Uniqlo online,アパレル,ヒートテック クルーネックT 極暖 (グレー M),1990,1,夜のリラックス中に / 冬支度
450,07:30,山本 京子,29,女,会社員,千葉県,3170000,Uniqlo online,アパレル,感動パンツ ウルトラライト ストレッチ ストレート (ブラック 32inch),3990,1,通勤中ふと思い出して / 通勤新調
470,07:50,山本 京子,29,女,会社員,千葉県,3170000,iHerb,サプリ,マイプロテイン Impact ホエイ 1kg バニラ,4322,1,通勤中ふと思い出して / 安心のリピート
1095,18:15,山本 京子,29,女,会社員,千葉県,3170000,Amazon,電子書籍,Kindle 三体III 死神永生 上,1820,1,通勤中ふと思い出して / 安心のリピート
1150,19:10,山本 京子,29,女,会社員,千葉県,3170000,Amazon,電子書籍,Kindle ハイキュー!! 文庫版 1-3巻セット,1980,0,夕食後にカートを処理 / 懐かしい
1355,22:35,山本 京子,29,女,会社員,千葉県,3170000,楽天市場,食品,台湾カステラ 6個セット,2651,1,寝る前に思い立って / 安心のリピート
910,15:10,池田 京子,69,女,飲食店,埼玉県,2640000,Amazon,日用品,クイックル ワイパー 立体吸着 ウェット 32枚,953,0,勤務中こっそり / 新製品が気になって
1340,22:20,池田 京子,69,女,飲食店,埼玉県,2640000,honto,電子書籍,hontoポイント 1000円分,1000,1,夜のリラックス中に / 新製品が気になって
1365,22:45,池田 京子,69,女,飲食店,埼玉県,2640000,honto,書籍,夜は短し歩けよ乙女 (角川文庫),770,1,夜のリラックス中に / 新製品が気になって
645,10:45,斎藤 浩二,79,男,飲食店,茨城県,2250000,MUJI passport,食品,無印良品 素材を生かしたカレー グリーン,350,0,勤務中こっそり / ストック補充
1155,19:15,斎藤 浩二,79,男,飲食店,茨城県,2250000,MUJI passport,家具,無印良品 体にフィットするソファ 用 カバー,5990,0,夕食後にカートを処理 / 汚れ補充
615,10:15,加藤 貴志_193,39,男,会社員,東京都市部,6870000,MUJI passport,アパレル,無印良品 縦横ストレッチ 細身パンツ 黒 32inch,3990,0,勤務中こっそり / 通勤用
1165,19:25,加藤 貴志_193,39,男,会社員,東京都市部,6870000,MUJI passport,日用品,無印良品 ポリプロピレン収納ケース 引出式M,1490,0,夕食後にカートを処理 / 整理用
1210,20:10,加藤 貴志_193,39,男,会社員,東京都市部,6870000,楽天市場,日用品,コストコ カークランド トイレットペーパー 30ロール,3762,1,夜のリラックス中に / まとめ買いお得
1335,22:15,加藤 貴志_193,39,男,会社員,東京都市部,6870000,Amazon,食品,KIRIN 自然が磨いた天然水 2L x 9本,1380,1,夜のリラックス中に / 備蓄
1345,22:25,加藤 貴志_193,39,男,会社員,東京都市部,6870000,Uniqlo online,アパレル,感動パンツ ウルトラライト ストレッチ ストレート (ブラック 32inch),3990,1,夜のリラックス中に / 通勤新調
475,07:55,井上 克彦,46,男,看護師,埼玉県,6230000,Uniqlo online,アパレル,リネンブレンド オープンカラー シャツ 半袖 (オフホワイト L),3990,1,通勤中ふと思い出して / 週末カジュアル
1210,20:10,井上 克彦,46,男,看護師,埼玉県,6230000,Amazon,電子書籍,Kindle 進撃の巨人 最終34巻,538,1,夜のリラックス中に / シリーズ完結
1220,20:20,井上 克彦,46,男,看護師,埼玉県,6230000,Yahoo!ショッピング,日用品,レノア 本格消臭 詰替 1320ml,1023,1,夜のリラックス中に / PayPayキャンペーン
1290,21:30,井上 克彦,46,男,看護師,埼玉県,6230000,Amazon,書籍,Kindle Paperwhite シグニチャー エディション,28980,1,夜のリラックス中に / 読書環境刷新
1355,22:35,井上 克彦,46,男,看護師,埼玉県,6230000,Yahoo!ショッピング,日用品,除菌洗剤 業務用 4L,3156,1,寝る前に思い立って / PayPay祭
1010,16:50,池田 大翔,54,男,ITエンジニア,東京都23区,7180000,Apple,電化製品,MagSafe充電器 (1m),5980,0,仕事の合間に / 正規品で揃える
1130,18:50,池田 大翔,54,男,ITエンジニア,東京都23区,7180000,MUJI passport,家具,無印良品 やわらかフィットソファ 1人掛け 用 カバー,4990,0,夕食後にカートを処理 / 気分転換
1175,19:35,池田 大翔,54,男,ITエンジニア,東京都23区,7180000,Apple,サブスク,iCloud+ 200GB 月額,400,1,夜のリラックス中に / 容量足りない
1240,20:40,池田 大翔,54,男,ITエンジニア,東京都23区,7180000,honto,書籍,看護管理2025年4月号,2090,1,夜のリラックス中に / 仕事用
1295,21:35,池田 大翔,54,男,ITエンジニア,東京都23区,7180000,Uniqlo online,アパレル,エアリズム コットン クルーネックT 半袖 (ネイビー L),1290,1,夜のリラックス中に / 夏前リピート
1320,22:00,池田 大翔,54,男,ITエンジニア,東京都23区,7180000,MUJI passport,アパレル,無印良品 オーガニックコットン Vネック 半袖T 白 M,1490,1,夜のリラックス中に / 夏定番
750,12:30,藤田 健太,38,男,会社員,千葉県,3510000,楽天市場,化粧品,KOSE 雪肌精 化粧水 200ml,2899,0,ランチ食べながら / リピート
815,13:35,藤田 健太,38,男,会社員,千葉県,3510000,MUJI passport,食品,無印良品 素材を生かしたカレー グリーン,350,0,勤務中こっそり / ストック補充
1050,17:30,藤田 健太,38,男,会社員,千葉県,3510000,Amazon,電子書籍,Kindle 進撃の巨人 最終34巻,538,0,勤務中こっそり / シリーズ完結
1280,21:20,藤田 健太,38,男,会社員,千葉県,3510000,Uniqlo online,アパレル,ヒートテック クルーネックT 極暖 (グレー M),1990,1,夜のリラックス中に / 冬支度
1325,22:05,藤田 健太,38,男,会社員,千葉県,3510000,楽天市場,化粧品,ETUDE ティアアイライナー 限定色,1398,1,夜のリラックス中に / 新作
370,06:10,石川 千尋,47,女,主婦・主夫,群馬県,1690000,Oisix,食品,Oisix おうちレストラン 旬の野菜セット,3980,0,朝の準備中ふと / 週末まとめ
1245,20:45,石川 千尋,47,女,主婦・主夫,群馬県,1690000,Amazon,コーヒー,猿田彦珈琲 大吉ブレンド ドリップバッグ 10個,2034,0,家族の話題から / 気分転換
1290,21:30,石川 千尋,47,女,主婦・主夫,群馬県,1690000,楽天市場,化粧品,ETUDE ティアアイライナー 限定色,1372,0,家族の話題から / 新作
1305,21:45,石川 千尋,47,女,主婦・主夫,群馬県,1690000,Uniqlo online,アパレル,エアリズム コットン クルーネックT 半袖 (ネイビー L),1290,0,家族の話題から / 夏前リピート
715,11:55,高橋 節子,66,女,工場勤務,神奈川県,2310000,Amazon,書籍,成瀬は天下を取りに行く (新潮社),1705,0,勤務中こっそり / 新製品が気になって
1290,21:30,高橋 節子,66,女,工場勤務,神奈川県,2310000,Amazon,電化製品,ELECOM USB-C ハブ 7-in-1 4K HDMI,5231,1,夜のリラックス中に / 新製品が気になって
1300,21:40,高橋 節子,66,女,工場勤務,神奈川県,2310000,Amazon,電化製品,Anker PowerLine III USB-C ケーブル 1.8m,1290,1,夜のリラックス中に / ケーブル断線
410,06:50,井上 克彦_199,46,男,会社員,東京都23区,3020000,MUJI passport,日用品,無印良品 化粧水 敏感肌用 高保湿 200ml,690,0,朝の準備中ふと / 安心のリピート
905,15:05,井上 克彦_199,46,男,会社員,東京都23区,3020000,Uniqlo online,アパレル,リネンブレンド オープンカラー シャツ 半袖 (オフホワイト L),3990,0,勤務中こっそり / 週末カジュアル
1125,18:45,井上 克彦_199,46,男,会社員,東京都23区,3020000,Uniqlo online,アパレル,リネンブレンド オープンカラー シャツ 半袖 (オフホワイト L),3990,0,夕食後にカートを処理 / 安心のリピート
1225,20:25,井上 克彦_199,46,男,会社員,東京都23区,3020000,楽天市場,食品,台湾カステラ 6個セット,2658,1,夜のリラックス中に / 話題スイーツ
1260,21:00,井上 克彦_199,46,男,会社員,東京都23区,3020000,Yahoo!ショッピング,日用品,除菌洗剤 業務用 4L,3246,1,夜のリラックス中に / PayPay祭
655,10:55,木村 智子,79,女,退職,東京都市部,4190000,MUJI passport,食品,無印良品 素材を生かしたカレー グリーン,350,1,朝のゆっくり時間に / 計画通り
1145,19:05,木村 智子,79,女,退職,東京都市部,4190000,iHerb,化粧品,CeraVe フェイシャル モイスチャライザー 89ml,2471,0,夕食後にカートを処理 / 海外定番
410,06:50,石川 翼,34,男,会社員,茨城県,4590000,ZOZOTOWN,シューズ,New Balance 327 グレー x ホワイト 24cm,12100,0,朝の準備中ふと / 新色気になって
1200,20:00,石川 翼,34,男,会社員,茨城県,4590000,Amazon,日用品,クイックル ワイパー 立体吸着 ウェット 32枚,1109,1,夜のリラックス中に / リピート
1215,20:15,石川 翼,34,男,会社員,茨城県,4590000,Uniqlo online,アパレル,感動パンツ ウルトラライト ストレッチ ストレート (ブラック 32inch),3990,1,夜のリラックス中に / 通勤新調
1230,20:30,石川 翼,34,男,会社員,茨城県,4590000,Amazon,日用品,Mr.CLEAN マジックリン キッチン用 400ml,301,1,夜のリラックス中に / 切らしそう
1320,22:00,石川 翼,34,男,会社員,茨城県,4590000,Yahoo!ショッピング,日用品,レノア 本格消臭 詰替 1320ml,1010,1,夜のリラックス中に / PayPayキャンペーン
490,08:10,山崎 京子,67,女,退職,千葉県,2440000,楽天市場,食品,讃岐うどん 半生 太麺 1kg,1447,1,朝のゆっくり時間に / 安心のリピート
1080,18:00,山崎 京子,67,女,退職,千葉県,2440000,honto,書籍,夜は短し歩けよ乙女 (角川文庫),770,0,夕食後にカートを処理 / 安心のリピート
650,10:50,清水 悠人,32,男,販売員,神奈川県,3550000,Uniqlo online,アパレル,エアリズム コットン クルーネックT 半袖 (ネイビー L),1290,0,勤務中こっそり / 夏前リピート
750,12:30,清水 悠人,32,男,販売員,神奈川県,3550000,Amazon,電子書籍,Kindle ハイキュー!! 文庫版 1-3巻セット,1980,0,勤務中こっそり / 懐かしい
770,12:50,清水 悠人,32,男,販売員,神奈川県,3550000,MUJI passport,食品,無印良品 不揃いバウム メープル 5袋,1390,0,勤務中こっそり / 安心のリピート
1210,20:10,清水 悠人,32,男,販売員,神奈川県,3550000,Amazon,食品,カルビー フルグラ 800g x 3,2588,0,夕食後にカートを処理 / 朝食まとめ
1330,22:10,清水 悠人,32,男,販売員,神奈川県,3550000,メルカリ,中古品,【動作確認済】Sony WH-1000XM4 黒 中古,19856,1,夜のリラックス中に / 安心のリピート
490,08:10,高橋 凛,48,女,公務員,東京都23区,5740000,Uniqlo online,アパレル,ヒートテック クルーネックT 極暖 (グレー M),1990,1,通勤中ふと思い出して / 冬支度
740,12:20,高橋 凛,48,女,公務員,東京都23区,5740000,Amazon,日用品,Mr.CLEAN マジックリン キッチン用 400ml,301,0,ランチ食べながら / 切らしそう
1085,18:05,高橋 凛,48,女,公務員,東京都23区,5740000,Uniqlo online,アパレル,リネンブレンド オープンカラー シャツ 半袖 (オフホワイト L),3990,1,通勤中ふと思い出して / 週末カジュアル
1235,20:35,高橋 凛,48,女,公務員,東京都23区,5740000,Uniqlo online,アパレル,感動パンツ ウルトラライト ストレッチ ストレート (ブラック 32inch),3990,1,夜のリラックス中に / 通勤新調
1280,21:20,高橋 凛,48,女,公務員,東京都23区,5740000,Amazon,サブスク,Amazon Prime 年会費 (1年),5900,1,夜のリラックス中に / 年次自動更新
1300,21:40,高橋 凛,48,女,公務員,東京都23区,5740000,honto,書籍,THE THREE-BODY PROBLEM (English),2980,1,夜のリラックス中に / 原書チャレンジ
1400,23:20,高橋 凛,48,女,公務員,東京都23区,5740000,Amazon,日用品,クイックル ワイパー 立体吸着 ウェット 32枚,1073,1,寝る前に思い立って / リピート
475,07:55,佐々木 葵,75,女,退職,神奈川県,2980000,MUJI passport,食品,無印良品 素材を生かしたカレー グリーン,350,0,朝の準備中ふと / ストック補充
525,08:45,佐々木 葵,75,女,退職,神奈川県,2980000,Amazon,電子書籍,Kindle 進撃の巨人 最終34巻,538,1,朝のゆっくり時間に / シリーズ完結
480,08:00,森 翼,71,男,工場勤務,東京都市部,2190000,Uniqlo online,アパレル,ヒートテック クルーネックT 極暖 (グレー M),1990,0,朝の準備中ふと / 冬支度
1085,18:05,森 翼,71,男,工場勤務,東京都市部,2190000,Amazon,電子書籍,Kindle 進撃の巨人 最終34巻,538,0,勤務中こっそり / シリーズ完結
590,09:50,加藤 智子_207,61,女,販売員,千葉県,3350000,Yahoo!ショッピング,日用品,レノア 本格消臭 詰替 1320ml,959,0,勤務中こっそり / PayPayキャンペーン
1280,21:20,加藤 智子_207,61,女,販売員,千葉県,3350000,Amazon,コーヒー,UCC ザ ブレンド 114 レギュラーコーヒー 360g x 6,4817,1,夜のリラックス中に / 在宅用ストック
1160,19:20,林 亮,39,男,経営者・役員,東京都23区,15880000,Amazon,食品,カゴメ 野菜一日これ一本 200ml x 24本,2568,0,夕食後にカートを処理 / 朝の野菜
1245,20:45,林 亮,39,男,経営者・役員,東京都23区,15880000,Amazon,サブスク,Kindle Unlimited 3ヶ月分,2940,1,夜のリラックス中に / 読み放題
1280,21:20,林 亮,39,男,経営者・役員,東京都23区,15880000,MUJI passport,家具,無印良品 体にフィットするソファ 用 カバー,5990,1,夜のリラックス中に / 汚れ補充
1325,22:05,林 亮,39,男,経営者・役員,東京都23区,15880000,Yahoo!ショッピング,日用品,除菌洗剤 業務用 4L,2964,1,夜のリラックス中に / 安心のリピート
1340,22:20,林 亮,39,男,経営者・役員,東京都23区,15880000,BUYMA,ブランド品,【関税送料込】Hermès Twilly スカーフ 復刻柄,25270,1,夜のリラックス中に / ギフト用
1340,22:20,小林 心春_209,64,女,デザイナー,東京都市部,3990000,honto,書籍,夜は短し歩けよ乙女 (角川文庫),770,1,夜のリラックス中に / 計画通り
1370,22:50,小林 心春_209,64,女,デザイナー,東京都市部,3990000,楽天市場,食品,台湾カステラ 6個セット,2557,1,夜のリラックス中に / 話題スイーツ
450,07:30,鈴木 拓海,27,男,公務員,東京都23区,4690000,Amazon,サブスク,Kindle Unlimited 3ヶ月分,2940,1,通勤中ふと思い出して / 安心のリピート
1110,18:30,鈴木 拓海,27,男,公務員,東京都23区,4690000,Amazon,サブスク,Kindle Unlimited 3ヶ月分,2940,1,通勤中ふと思い出して / 安心のリピート
1165,19:25,鈴木 拓海,27,男,公務員,東京都23区,4690000,MUJI passport,アパレル,無印良品 縦横ストレッチ 細身パンツ 黒 32inch,3990,0,夕食後にカートを処理 / 通勤用
1240,20:40,鈴木 拓海,27,男,公務員,東京都23区,4690000,MUJI passport,日用品,無印良品 アロマオイル ラベンダー 10ml,1190,1,夜のリラックス中に / リラックス
1385,23:05,鈴木 拓海,27,男,公務員,東京都23区,4690000,楽天市場,化粧品,KOSE 雪肌精 化粧水 200ml,3098,1,寝る前に思い立って / リピート
725,12:05,山本 理恵,38,女,会社員,千葉県,8570000,Amazon,電化製品,Logicool MX Master 3S ワイヤレスマウス,16466,0,ランチ食べながら / 新調
1095,18:15,山本 理恵,38,女,会社員,千葉県,8570000,Uniqlo online,アパレル,エアリズム コットン クルーネックT 半袖 (ネイビー L),1290,1,通勤中ふと思い出して / 夏前リピート
1185,19:45,山本 理恵,38,女,会社員,千葉県,8570000,楽天市場,食品,北海道産 ホタテ貝柱 1kg 訳あり,8198,0,夕食後にカートを処理 / ポイント10倍
1210,20:10,山本 理恵,38,女,会社員,千葉県,8570000,Oisix,食品,Oisix おうちレストラン 旬の野菜セット,3980,1,夜のリラックス中に / 週末まとめ
1280,21:20,山本 理恵,38,女,会社員,千葉県,8570000,MUJI passport,食品,無印良品 不揃いバウム メープル 5袋,1390,1,夜のリラックス中に / おやつストック
955,15:55,田中 和也_212,50,男,販売員,茨城県,4290000,Yahoo!ショッピング,日用品,除菌洗剤 業務用 4L,3126,0,勤務中こっそり / 新製品が気になって
970,16:10,田中 和也_212,50,男,販売員,茨城県,4290000,楽天市場,食品,讃岐うどん 半生 太麺 1kg,1379,0,勤務中こっそり / 在庫補充
1235,20:35,田中 和也_212,50,男,販売員,茨城県,4290000,メルカリ,アパレル,【美品】UNIQLO x JW Anderson コラボ ニット L,3739,1,夜のリラックス中に / コラボ品再入手
1295,21:35,田中 和也_212,50,男,販売員,茨城県,4290000,メルカリ,ホビー,【美品】鬼滅の刃 全巻セット 1-23巻,10471,1,夜のリラックス中に / 一気読み用
1365,22:45,田中 和也_212,50,男,販売員,茨城県,4290000,Amazon,コーヒー,UCC ザ ブレンド 114 レギュラーコーヒー 360g x 6,4576,1,夜のリラックス中に / 新製品が気になって
425,07:05,林 綾,30,女,会社員,群馬県,5270000,Amazon,サブスク,Kindle Unlimited 3ヶ月分,2940,0,朝の準備中ふと / 読み放題
490,08:10,林 綾,30,女,会社員,群馬県,5270000,iHerb,サプリ,Now Foods マルチビタミン ADAM 90粒,2846,1,通勤中ふと思い出して / 夫向け
1000,16:40,林 綾,30,女,会社員,群馬県,5270000,Oisix,食品,Kit Oisix 牛肉と野菜のチンジャオロース 2人前,1580,0,勤務中こっそり / 今夜の献立
1170,19:30,林 綾,30,女,会社員,群馬県,5270000,Oisix,食品,Kit Oisix 牛肉と野菜のチンジャオロース 2人前,1580,0,夕食後にカートを処理 / 今夜の献立
1225,20:25,林 綾,30,女,会社員,群馬県,5270000,iHerb,サプリ,Now Foods マルチビタミン ADAM 90粒,2676,1,夜のリラックス中に / 夫向け
1250,20:50,林 綾,30,女,会社員,群馬県,5270000,MUJI passport,家具,無印良品 ポリエステル 綿フランネル こたつ布団,9990,1,夜のリラックス中に / 冬支度
770,12:50,林 樹,25,男,公務員,東京都23区,3620000,メルカリ,中古品,【動作確認済】Sony WH-1000XM4 黒 中古,21282,0,ランチ食べながら / 新品より安い
1135,18:55,林 樹,25,男,公務員,東京都23区,3620000,ZOZOTOWN,アパレル,SLY オーバーサイズ スウェット M ベージュ,8800,0,夕食後にカートを処理 / 韓国っぽい
1260,21:00,林 樹,25,男,公務員,東京都23区,3620000,Uniqlo online,アパレル,ヒートテック クルーネックT 極暖 (グレー M),1990,1,夜のリラックス中に / 冬支度
1290,21:30,林 樹,25,男,公務員,東京都23区,3620000,Uniqlo online,アパレル,リネンブレンド オープンカラー シャツ 半袖 (オフホワイト L),3990,1,夜のリラックス中に / 週末カジュアル
1325,22:05,林 樹,25,男,公務員,東京都23区,3620000,メルカリ,ホビー,プラモデル HG ガンダムエアリアル 未組立,2354,1,夜のリラックス中に / 積みプラ追加
1120,18:40,加藤 由美,30,女,公務員,埼玉県,4390000,メルカリ,本,【美品】コンサル一年目が学ぶこと,926,1,通勤中ふと思い出して / 後輩から推薦
1155,19:15,加藤 由美,30,女,公務員,埼玉県,4390000,メルカリ,アパレル,【美品】UNIQLO x JW Anderson コラボ ニット L,4260,0,夕食後にカートを処理 / コラボ品再入手
1180,19:40,加藤 由美,30,女,公務員,埼玉県,4390000,MUJI passport,アパレル,無印良品 オーガニックコットン Vネック 半袖T 白 M,1490,0,夕食後にカートを処理 / 夏定番
1335,22:15,加藤 由美,30,女,公務員,埼玉県,4390000,Uniqlo online,アパレル,エアリズム コットン クルーネックT 半袖 (ネイビー L),1290,1,夜のリラックス中に / 夏前リピート
1380,23:00,加藤 由美,30,女,公務員,埼玉県,4390000,ZOZOTOWN,アパレル,nano universe テーパード パンツ 9号,11000,1,寝る前に思い立って / オフィス用
1140,19:00,高橋 翔,30,男,公務員,茨城県,7550000,Amazon,電化製品,Logicool MX Master 3S ワイヤレスマウス,15118,0,夕食後にカートを処理 / 安心のリピート
1160,19:20,高橋 翔,30,男,公務員,茨城県,7550000,楽天市場,化粧品,KOSE 雪肌精 化粧水 200ml,3300,0,夕食後にカートを処理 / リピート
1210,20:10,高橋 翔,30,男,公務員,茨城県,7550000,Uniqlo online,アパレル,エアリズム コットン クルーネックT 半袖 (ネイビー L),1290,1,夜のリラックス中に / 夏前リピート
1225,20:25,高橋 翔,30,男,公務員,茨城県,7550000,メルカリ,中古品,【動作確認済】Sony WH-1000XM4 黒 中古,19571,1,夜のリラックス中に / 新品より安い
1295,21:35,高橋 翔,30,男,公務員,茨城県,7550000,ZOZOTOWN,シューズ,CONVERSE All Star OX 黒 25cm,6600,1,夜のリラックス中に / 定番補充
1350,22:30,高橋 翔,30,男,公務員,茨城県,7550000,Uniqlo online,アパレル,感動パンツ ウルトラライト ストレッチ ストレート (ブラック 32inch),3990,1,寝る前に思い立って / 通勤新調
840,14:00,中村 節子,76,女,退職,東京都23区,2490000,Yahoo!ショッピング,日用品,レノア 本格消臭 詰替 1320ml,989,1,午後のくつろぎ中に / PayPayキャンペーン
1300,21:40,中村 節子,76,女,退職,東京都23区,2490000,Amazon,食品,KIRIN 自然が磨いた天然水 2L x 9本,1380,1,TVショッピング見て / 備蓄
1195,19:55,清水 千尋,50,女,工場勤務,神奈川県,3460000,Oisix,食品,Kit Oisix 牛肉と野菜のチンジャオロース 2人前,1580,0,夕食後にカートを処理 / 今夜の献立
1215,20:15,清水 千尋,50,女,工場勤務,神奈川県,3460000,Amazon,電子書籍,Kindle ハイキュー!! 文庫版 1-3巻セット,1980,0,夕食後にカートを処理 / 懐かしい
1235,20:35,清水 千尋,50,女,工場勤務,神奈川県,3460000,iHerb,化粧品,CeraVe フェイシャル モイスチャライザー 89ml,2628,1,夜のリラックス中に / 海外定番
1280,21:20,清水 千尋,50,女,工場勤務,神奈川県,3460000,Amazon,食品,カルビー フルグラ 800g x 3,2813,1,夜のリラックス中に / 朝食まとめ
1350,22:30,清水 千尋,50,女,工場勤務,神奈川県,3460000,honto,書籍,看護管理2025年4月号,2090,1,夜のリラックス中に / 仕事用
575,09:35,木村 美咲,41,女,会社員,千葉県,3630000,Oisix,食品,Oisix おうちレストラン 旬の野菜セット,3980,0,勤務中こっそり / 週末まとめ
1325,22:05,木村 美咲,41,女,会社員,千葉県,3630000,Yodobashi.com,ゲーム,Nintendo Switch 2 ソフト 「マリオカートワールド」,9980,1,夜のリラックス中に / 安心のリピート
1350,22:30,木村 美咲,41,女,会社員,千葉県,3630000,Oisix,食品,Kit Oisix 牛肉と野菜のチンジャオロース 2人前,1580,1,寝る前に思い立って / 今夜の献立
1370,22:50,木村 美咲,41,女,会社員,千葉県,3630000,Uniqlo online,アパレル,感動パンツ ウルトラライト ストレッチ ストレート (ブラック 32inch),3990,1,寝る前に思い立って / 通勤新調
1380,23:00,木村 美咲,41,女,会社員,千葉県,3630000,Amazon,コーヒー,猿田彦珈琲 大吉ブレンド ドリップバッグ 10個,1955,1,寝る前に思い立って / 気分転換
505,08:25,加藤 凛,67,女,退職,東京都23区,1510000,Amazon,コーヒー,STARBUCKS ハウス ブレンド ホール 250g,1362,1,朝のゆっくり時間に / 切らした
840,14:00,加藤 凛,67,女,退職,東京都23区,1510000,Yahoo!ショッピング,日用品,除菌洗剤 業務用 4L,2871,1,午後のくつろぎ中に / PayPay祭
420,07:00,後藤 芽依_221,60,女,会社員,千葉県,4020000,メルカリ,本,【美品】コンサル一年目が学ぶこと,963,0,朝の準備中ふと / 後輩から推薦
1140,19:00,後藤 芽依_221,60,女,会社員,千葉県,4020000,Yahoo!ショッピング,日用品,レノア 本格消臭 詰替 1320ml,987,0,夕食後にカートを処理 / PayPayキャンペーン
1260,21:00,後藤 芽依_221,60,女,会社員,千葉県,4020000,Amazon,電子書籍,Kindle 進撃の巨人 最終34巻,538,1,夜のリラックス中に / シリーズ完結
525,08:45,加藤 美穂,52,女,会社員,東京都23区,4270000,Amazon,電化製品,Logicool MX Master 3S ワイヤレスマウス,15151,0,勤務中こっそり / 新調
1095,18:15,加藤 美穂,52,女,会社員,東京都23区,4270000,Yahoo!ショッピング,日用品,除菌洗剤 業務用 4L,2834,1,通勤中ふと思い出して / PayPay祭
1170,19:30,加藤 美穂,52,女,会社員,東京都23区,4270000,Amazon,電子書籍,Kindle 進撃の巨人 最終34巻,538,0,夕食後にカートを処理 / シリーズ完結
1220,20:20,加藤 美穂,52,女,会社員,東京都23区,4270000,メルカリ,中古品,【動作確認済】Sony WH-1000XM4 黒 中古,19962,1,夜のリラックス中に / 新品より安い
1290,21:30,加藤 美穂,52,女,会社員,東京都23区,4270000,楽天市場,日用品,コストコ カークランド トイレットペーパー 30ロール,3671,1,夜のリラックス中に / まとめ買いお得
1100,18:20,斎藤 陽翔,61,男,会社員,神奈川県,4640000,Yahoo!ショッピング,日用品,レノア 本格消臭 詰替 1320ml,1037,1,通勤中ふと思い出して / PayPayキャンペーン
1180,19:40,斎藤 陽翔,61,男,会社員,神奈川県,4640000,メルカリ,ホビー,ポケモンカード SV6a スカーレットex 1BOX,6851,0,夕食後にカートを処理 / 再販分
925,15:25,田中 杏,61,女,工場勤務,東京都23区,4310000,iHerb,食品,California Gold ナッツミックス 907g,2681,0,勤務中こっそり / 間食用
1245,20:45,田中 杏,61,女,工場勤務,東京都23区,4310000,Uniqlo online,アパレル,ヒートテック クルーネックT 極暖 (グレー M),1990,1,夜のリラックス中に / 冬支度
1340,22:20,田中 杏,61,女,工場勤務,東京都23区,4310000,Uniqlo online,アパレル,リネンブレンド オープンカラー シャツ 半袖 (オフホワイト L),3990,1,夜のリラックス中に / 週末カジュアル
685,11:25,岡田 正樹,45,男,工場勤務,東京都23区,3910000,Amazon,食品,KIRIN 自然が磨いた天然水 2L x 9本,1380,0,勤務中こっそり / 備蓄
905,15:05,岡田 正樹,45,男,工場勤務,東京都23区,3910000,honto,電子書籍,hontoポイント 1000円分,1000,0,勤務中こっそり / 次回用ポイント購入
970,16:10,岡田 正樹,45,男,工場勤務,東京都23区,3910000,Yahoo!ショッピング,日用品,レノア 本格消臭 詰替 1320ml,957,0,勤務中こっそり / PayPayキャンペーン
1245,20:45,岡田 正樹,45,男,工場勤務,東京都23区,3910000,楽天市場,食品,讃岐うどん 半生 太麺 1kg,1394,1,夜のリラックス中に / 在庫補充
1295,21:35,岡田 正樹,45,男,工場勤務,東京都23区,3910000,Uniqlo online,アパレル,ヒートテック クルーネックT 極暖 (グレー M),1990,1,夜のリラックス中に / 冬支度
910,15:10,池田 颯太,45,男,飲食店,東京都市部,2850000,楽天市場,日用品,除菌できるウェットティッシュ 100枚 x 8パック,1842,0,勤務中こっそり / ポイント10倍
1270,21:10,池田 颯太,45,男,飲食店,東京都市部,2850000,honto,電子書籍,hontoポイント 1000円分,1000,1,夜のリラックス中に / 次回用ポイント購入
1285,21:25,池田 颯太,45,男,飲食店,東京都市部,2850000,楽天市場,化粧品,KOSE 雪肌精 化粧水 200ml,3122,1,夜のリラックス中に / リピート
1350,22:30,池田 颯太,45,男,飲食店,東京都市部,2850000,Amazon,サブスク,Amazon Prime 年会費 (1年),5900,1,夜のリラックス中に / 年次自動更新
815,13:35,小林 和也,22,男,大学生,千葉県,800000,ZOZOTOWN,アパレル,steven alan 別注 ボーダー T ホワイト x ネイビー,7700,0,勉強の息抜きに / ZOZO特集
1175,19:35,小林 和也,22,男,大学生,千葉県,800000,Uniqlo online,アパレル,ヒートテック クルーネックT 極暖 (グレー M),1990,0,夕食後にカートを処理 / 冬支度
1160,19:20,林 湊,72,男,主婦・主夫,埼玉県,1790000,Uniqlo online,アパレル,感動パンツ ウルトラライト ストレッチ ストレート (ブラック 32inch),3990,0,夕食後にカートを処理 / 通勤新調
1300,21:40,林 湊,72,男,主婦・主夫,埼玉県,1790000,MUJI passport,食品,無印良品 素材を生かしたカレー グリーン,350,0,家族の話題から / ストック補充
1125,18:45,山口 彩花,26,女,飲食店,東京都23区,1840000,Amazon,電子書籍,Kindle 進撃の巨人 最終34巻,538,0,勤務中こっそり / 安心のリピート
1160,19:20,山口 彩花,26,女,飲食店,東京都23区,1840000,Amazon,食品,カゴメ 野菜一日これ一本 200ml x 24本,2774,0,夕食後にカートを処理 / 朝の野菜
1240,20:40,山口 彩花,26,女,飲食店,東京都23区,1840000,Amazon,書籍,達人プログラマー 第2版 (オーム社),3520,1,夜のリラックス中に / 安心のリピート
1320,22:00,山口 彩花,26,女,飲食店,東京都23区,1840000,Uniqlo online,アパレル,リネンブレンド オープンカラー シャツ 半袖 (オフホワイト L),3990,1,夜のリラックス中に / 安心のリピート
555,09:15,木村 克彦_230,31,男,工場勤務,埼玉県,3250000,Uniqlo online,アパレル,リネンブレンド オープンカラー シャツ 半袖 (オフホワイト L),3990,0,勤務中こっそり / 週末カジュアル
955,15:55,木村 克彦_230,31,男,工場勤務,埼玉県,3250000,ZOZOTOWN,シューズ,New Balance 327 グレー x ホワイト 24cm,12100,0,勤務中こっそり / 新色気になって
1110,18:30,木村 克彦_230,31,男,工場勤務,埼玉県,3250000,メルカリ,アパレル,【美品】UNIQLO x JW Anderson コラボ ニット L,3805,0,勤務中こっそり / コラボ品再入手
1115,18:35,木村 克彦_230,31,男,工場勤務,埼玉県,3250000,楽天市場,化粧品,資生堂 マキアージュ ドラマティック ジェリー BB,3553,0,勤務中こっそり / ポイント祭
1240,20:40,木村 克彦_230,31,男,工場勤務,埼玉県,3250000,楽天市場,日用品,除菌できるウェットティッシュ 100枚 x 8パック,1638,1,夜のリラックス中に / ポイント10倍
1375,22:55,岡田 芽依,74,女,工場勤務,埼玉県,4220000,MUJI passport,家具,無印良品 ポリエステル 綿フランネル こたつ布団,9990,1,夜のリラックス中に / 冬支度
695,11:35,橋本 結愛_232,79,女,退職,神奈川県,3140000,Amazon,電化製品,ELECOM USB-C ハブ 7-in-1 4K HDMI,6105,1,お昼のひと息に / 在宅環境
885,14:45,橋本 結愛_232,79,女,退職,神奈川県,3140000,メルカリ,中古品,【動作確認済】Sony WH-1000XM4 黒 中古,21137,1,午後のくつろぎ中に / 計画通り
1080,18:00,林 湊_233,48,男,経営者・役員,埼玉県,22460000,MUJI passport,食品,無印良品 素材を生かしたカレー グリーン,350,1,通勤中ふと思い出して / ストック補充
1305,21:45,林 湊_233,48,男,経営者・役員,埼玉県,22460000,BUYMA,アパレル,【正規品】POLO Ralph Lauren ケーブルニット 紺 M,27899,1,夜のリラックス中に / クラシック
1320,22:00,林 湊_233,48,男,経営者・役員,埼玉県,22460000,Amazon,日用品,ピジョン 親子で使える泡シャンプー 詰替 350ml,771,1,夜のリラックス中に / リピート
1365,22:45,林 湊_233,48,男,経営者・役員,埼玉県,22460000,Yahoo!ショッピング,日用品,除菌洗剤 業務用 4L,2922,1,寝る前に思い立って / PayPay祭
1380,23:00,林 湊_233,48,男,経営者・役員,埼玉県,22460000,楽天市場,日用品,コストコ カークランド トイレットペーパー 30ロール,4217,1,寝る前に思い立って / まとめ買いお得
910,15:10,前田 浩二,71,男,退職,千葉県,3370000,Yahoo!ショッピング,日用品,レノア 本格消臭 詰替 1320ml,890,1,午後のくつろぎ中に / PayPayキャンペーン
1315,21:55,前田 浩二,71,男,退職,千葉県,3370000,honto,書籍,夜は短し歩けよ乙女 (角川文庫),770,1,TVショッピング見て / 再読
760,12:40,小林 翔,31,男,飲食店,神奈川県,2270000,Amazon,食品,カゴメ 野菜一日これ一本 200ml x 24本,2670,0,勤務中こっそり / 安心のリピート
1180,19:40,小林 翔,31,男,飲食店,神奈川県,2270000,Amazon,日用品,クイックル ワイパー 立体吸着 ウェット 32枚,922,0,夕食後にカートを処理 / リピート
1185,19:45,小林 翔,31,男,飲食店,神奈川県,2270000,Amazon,書籍,達人プログラマー 第2版 (オーム社),3520,0,夕食後にカートを処理 / 技術書
1280,21:20,小林 翔,31,男,飲食店,神奈川県,2270000,honto,書籍,看護管理2025年4月号,2090,1,夜のリラックス中に / 仕事用
430,07:10,山田 蓮,53,男,公務員,茨城県,5880000,Uniqlo online,アパレル,感動パンツ ウルトラライト ストレッチ ストレート (ブラック 32inch),3990,0,朝の準備中ふと / 通勤新調
1060,17:40,山田 蓮,53,男,公務員,茨城県,5880000,Amazon,書籍,ジェイソン流お金の増やし方,1430,0,勤務中こっそり / 投資勉強
1090,18:10,山田 蓮,53,男,公務員,茨城県,5880000,楽天市場,化粧品,KOSE 雪肌精 化粧水 200ml,2977,1,通勤中ふと思い出して / リピート
1220,20:20,山田 蓮,53,男,公務員,茨城県,5880000,Amazon,日用品,ファブリーズ 衣類消臭スプレー 370ml x 2,1150,1,夜のリラックス中に / 切らした
1350,22:30,山田 蓮,53,男,公務員,茨城県,5880000,honto,書籍,THE THREE-BODY PROBLEM (English),2980,1,寝る前に思い立って / 原書チャレンジ
600,10:00,佐々木 凛,32,女,デザイナー,埼玉県,8230000,楽天市場,化粧品,資生堂 マキアージュ ドラマティック ジェリー BB,3809,0,仕事の合間に / ポイント祭
765,12:45,佐々木 凛,32,女,デザイナー,埼玉県,8230000,ZOZOTOWN,アパレル,nano universe テーパード パンツ 9号,11000,0,ランチ食べながら / オフィス用
870,14:30,佐々木 凛,32,女,デザイナー,埼玉県,8230000,Amazon,日用品,LION クリニカ アドバンテージ ハミガキ 130g x 3,1211,0,仕事の合間に / まとめ買い
1220,20:20,佐々木 凛,32,女,デザイナー,埼玉県,8230000,Uniqlo online,アパレル,リネンブレンド オープンカラー シャツ 半袖 (オフホワイト L),3990,1,夜のリラックス中に / 週末カジュアル
1245,20:45,佐々木 凛,32,女,デザイナー,埼玉県,8230000,Oisix,食品,Kit Oisix 牛肉と野菜のチンジャオロース 2人前,1580,1,夜のリラックス中に / 今夜の献立
1260,21:00,佐々木 凛,32,女,デザイナー,埼玉県,8230000,honto,書籍,THE THREE-BODY PROBLEM (English),2980,1,夜のリラックス中に / 原書チャレンジ
1335,22:15,佐々木 凛,32,女,デザイナー,埼玉県,8230000,メチャカリ,アパレル,メチャカリ ベーシックプラン 月額,3278,1,夜のリラックス中に / サブスクで色々試したい
1095,18:15,加藤 彩花,43,女,デザイナー,千葉県,4630000,Uniqlo online,アパレル,エアリズム コットン クルーネックT 半袖 (ネイビー L),1290,0,夕食後にカートを処理 / 夏前リピート
1135,18:55,加藤 彩花,43,女,デザイナー,千葉県,4630000,Amazon,日用品,ファブリーズ 衣類消臭スプレー 370ml x 2,1080,0,夕食後にカートを処理 / 切らした
1180,19:40,加藤 彩花,43,女,デザイナー,千葉県,4630000,honto,書籍,夜は短し歩けよ乙女 (角川文庫),770,1,夜のリラックス中に / 再読
1190,19:50,加藤 彩花,43,女,デザイナー,千葉県,4630000,MUJI passport,アパレル,無印良品 オーガニックコットン Vネック 半袖T 白 M,1490,1,夜のリラックス中に / 夏定番
1260,21:00,加藤 彩花,43,女,デザイナー,千葉県,4630000,Yahoo!ショッピング,日用品,除菌洗剤 業務用 4L,3199,1,夜のリラックス中に / PayPay祭
770,12:50,山口 彩花_239,58,女,主婦・主夫,東京都23区,1430000,MUJI passport,食品,無印良品 不揃いバウム メープル 5袋,1390,0,用事の合間に / おやつストック
1150,19:10,山口 彩花_239,58,女,主婦・主夫,東京都23区,1430000,Amazon,日用品,LION クリニカ アドバンテージ ハミガキ 130g x 3,1205,0,夕食後にカートを処理 / まとめ買い
1015,16:55,吉田 正樹,35,男,看護師,埼玉県,4720000,楽天市場,日用品,コストコ カークランド トイレットペーパー 30ロール,3631,0,勤務中こっそり / 安心のリピート
1185,19:45,吉田 正樹,35,男,看護師,埼玉県,4720000,Amazon,電子書籍,Kindle 進撃の巨人 最終34巻,538,0,夕食後にカートを処理 / 安心のリピート
1295,21:35,吉田 正樹,35,男,看護師,埼玉県,4720000,MUJI passport,食品,無印良品 不揃いバウム メープル 5袋,1390,1,夜のリラックス中に / おやつストック
1300,21:40,吉田 正樹,35,男,看護師,埼玉県,4720000,Amazon,サブスク,Kindle Unlimited 3ヶ月分,2940,1,夜のリラックス中に / 安心のリピート
1350,22:30,吉田 正樹,35,男,看護師,埼玉県,4720000,Amazon,日用品,Mr.CLEAN マジックリン キッチン用 400ml,326,1,寝る前に思い立って / 切らしそう
1125,18:45,高橋 美咲,48,女,会社員,神奈川県,3420000,楽天市場,化粧品,ETUDE ティアアイライナー 限定色,1471,0,夕食後にカートを処理 / 新作
1130,18:50,高橋 美咲,48,女,会社員,神奈川県,3420000,Uniqlo online,アパレル,ヒートテック クルーネックT 極暖 (グレー M),1990,0,夕食後にカートを処理 / 冬支度
1310,21:50,高橋 美咲,48,女,会社員,神奈川県,3420000,Amazon,書籍,達人プログラマー 第2版 (オーム社),3520,1,夜のリラックス中に / 技術書
1320,22:00,高橋 美咲,48,女,会社員,神奈川県,3420000,MUJI passport,アパレル,無印良品 オーガニックコットン Vネック 半袖T 白 M,1490,1,夜のリラックス中に / 夏定番
1405,23:25,高橋 美咲,48,女,会社員,神奈川県,3420000,Amazon,食品,カルビー フルグラ 800g x 3,2839,1,寝る前に思い立って / 安心のリピート
620,10:20,木村 誠,44,男,ITエンジニア,千葉県,6320000,honto,書籍,THE THREE-BODY PROBLEM (English),2980,0,仕事の合間に / 原書チャレンジ
735,12:15,木村 誠,44,男,ITエンジニア,千葉県,6320000,Amazon,コーヒー,猿田彦珈琲 大吉ブレンド ドリップバッグ 10個,1886,0,ランチ食べながら / 気分転換
1160,19:20,木村 誠,44,男,ITエンジニア,千葉県,6320000,Amazon,書籍,世界一流エンジニアの思考法 (文春新書),990,0,夕食後にカートを処理 / 話題本
1250,20:50,木村 誠,44,男,ITエンジニア,千葉県,6320000,Apple,電化製品,MagSafe充電器 (1m),5980,1,夜のリラックス中に / 正規品で揃える
1295,21:35,木村 誠,44,男,ITエンジニア,千葉県,6320000,Amazon,電化製品,Anker 737 Power Bank 24000mAh 140W,21326,1,夜のリラックス中に / 出張用
1345,22:25,木村 誠,44,男,ITエンジニア,千葉県,6320000,楽天市場,化粧品,資生堂 マキアージュ ドラマティック ジェリー BB,3548,1,夜のリラックス中に / ポイント祭
1365,22:45,木村 誠,44,男,ITエンジニア,千葉県,6320000,MUJI passport,アパレル,無印良品 縦横ストレッチ 細身パンツ 黒 32inch,3990,1,夜のリラックス中に / 通勤用
590,09:50,松本 美穂_243,32,女,フリーランス,神奈川県,2360000,Amazon,食品,KIRIN 自然が磨いた天然水 2L x 9本,1380,0,仕事の合間に / 備蓄
1205,20:05,松本 美穂_243,32,女,フリーランス,神奈川県,2360000,楽天市場,日用品,除菌できるウェットティッシュ 100枚 x 8パック,1815,1,夜のリラックス中に / ポイント10倍
1295,21:35,松本 美穂_243,32,女,フリーランス,神奈川県,2360000,Uniqlo online,アパレル,リネンブレンド オープンカラー シャツ 半袖 (オフホワイト L),3990,1,夜のリラックス中に / 安心のリピート
1315,21:55,松本 美穂_243,32,女,フリーランス,神奈川県,2360000,honto,書籍,夜は短し歩けよ乙女 (角川文庫),770,1,夜のリラックス中に / 再読
405,06:45,石川 千尋_244,28,女,会社員,東京都23区,3780000,Uniqlo online,アパレル,感動パンツ ウルトラライト ストレッチ ストレート (ブラック 32inch),3990,0,朝の準備中ふと / 安心のリピート
905,15:05,石川 千尋_244,28,女,会社員,東京都23区,3780000,メチャカリ,アパレル,メチャカリ ベーシックプラン 月額,3278,0,勤務中こっそり / サブスクで色々試したい
1140,19:00,石川 千尋_244,28,女,会社員,東京都23区,3780000,Uniqlo online,アパレル,ヒートテック クルーネックT 極暖 (グレー M),1990,0,夕食後にカートを処理 / 冬支度
1240,20:40,石川 千尋_244,28,女,会社員,東京都23区,3780000,Yahoo!ショッピング,日用品,除菌洗剤 業務用 4L,2958,1,夜のリラックス中に / PayPay祭
1395,23:15,石川 千尋_244,28,女,会社員,東京都23区,3780000,楽天市場,日用品,コストコ カークランド トイレットペーパー 30ロール,3842,1,寝る前に思い立って / まとめ買いお得
525,08:45,田中 和也_245,52,男,飲食店,東京都市部,4820000,楽天市場,食品,台湾カステラ 6個セット,2813,0,勤務中こっそり / 話題スイーツ
1035,17:15,田中 和也_245,52,男,飲食店,東京都市部,4820000,MUJI passport,食品,無印良品 素材を生かしたカレー グリーン,350,0,勤務中こっそり / ストック補充
1160,19:20,田中 和也_245,52,男,飲食店,東京都市部,4820000,Amazon,サブスク,Kindle Unlimited 3ヶ月分,2940,0,夕食後にカートを処理 / 読み放題
1220,20:20,田中 和也_245,52,男,飲食店,東京都市部,4820000,MUJI passport,日用品,無印良品 化粧水 敏感肌用 高保湿 200ml,690,0,夕食後にカートを処理 / リピート
1340,22:20,田中 和也_245,52,男,飲食店,東京都市部,4820000,MUJI passport,アパレル,無印良品 オーガニックコットン Vネック 半袖T 白 M,1490,1,夜のリラックス中に / 夏定番
460,07:40,池田 雄太,64,男,会社員,千葉県,4510000,Yahoo!ショッピング,日用品,レノア 本格消臭 詰替 1320ml,1061,1,通勤中ふと思い出して / PayPayキャンペーン
950,15:50,池田 雄太,64,男,会社員,千葉県,4510000,メルカリ,中古品,【動作確認済】Sony WH-1000XM4 黒 中古,19587,0,勤務中こっそり / 新品より安い
1195,19:55,池田 雄太,64,男,会社員,千葉県,4510000,Amazon,サブスク,Amazon Prime 年会費 (1年),5900,0,夕食後にカートを処理 / 安心のリピート
450,07:30,石川 翼_247,37,男,飲食店,埼玉県,5770000,メルカリ,ホビー,プラモデル HG ガンダムエアリアル 未組立,1817,0,朝の準備中ふと / 積みプラ追加
1015,16:55,石川 翼_247,37,男,飲食店,埼玉県,5770000,MUJI passport,家具,無印良品 やわらかフィットソファ 1人掛け 用 カバー,4990,0,勤務中こっそり / 気分転換
1100,18:20,石川 翼_247,37,男,飲食店,埼玉県,5770000,Yahoo!ショッピング,日用品,除菌洗剤 業務用 4L,2718,0,勤務中こっそり / PayPay祭
1200,20:00,石川 翼_247,37,男,飲食店,埼玉県,5770000,Amazon,日用品,クイックル ワイパー 立体吸着 ウェット 32枚,968,0,夕食後にカートを処理 / リピート
1215,20:15,石川 翼_247,37,男,飲食店,埼玉県,5770000,Amazon,電子書籍,Kindle 三体III 死神永生 上,1820,0,夕食後にカートを処理 / 話題のSF
1225,20:25,石川 翼_247,37,男,飲食店,埼玉県,5770000,MUJI passport,家具,無印良品 体にフィットするソファ 用 カバー,5990,0,夕食後にカートを処理 / 汚れ補充
455,07:35,山口 悦子,57,女,看護師,神奈川県,3690000,楽天市場,化粧品,資生堂 マキアージュ ドラマティック ジェリー BB,3829,1,通勤中ふと思い出して / ポイント祭
960,16:00,山口 悦子,57,女,看護師,神奈川県,3690000,楽天市場,日用品,除菌できるウェットティッシュ 100枚 x 8パック,1608,0,勤務中こっそり / ポイント10倍
1110,18:30,山口 悦子,57,女,看護師,神奈川県,3690000,Amazon,電化製品,Anker PowerLine III USB-C ケーブル 1.8m,1290,1,通勤中ふと思い出して / ケーブル断線
1285,21:25,山口 悦子,57,女,看護師,神奈川県,3690000,honto,書籍,夜は短し歩けよ乙女 (角川文庫),770,1,夜のリラックス中に / 再読
1320,22:00,山口 悦子,57,女,看護師,神奈川県,3690000,honto,書籍,看護管理2025年4月号,2090,1,夜のリラックス中に / 仕事用
460,07:40,鈴木 陽翔,53,男,会社員,神奈川県,4510000,楽天市場,日用品,コストコ カークランド トイレットペーパー 30ロール,3611,1,通勤中ふと思い出して / まとめ買いお得
1150,19:10,鈴木 陽翔,53,男,会社員,神奈川県,4510000,Amazon,サブスク,Amazon Prime 年会費 (1年),5900,0,夕食後にカートを処理 / 年次自動更新
1215,20:15,鈴木 陽翔,53,男,会社員,神奈川県,4510000,楽天市場,化粧品,KOSE 雪肌精 化粧水 200ml,3006,1,夜のリラックス中に / リピート
1255,20:55,鈴木 陽翔,53,男,会社員,神奈川県,4510000,Yahoo!ショッピング,日用品,除菌洗剤 業務用 4L,3023,1,夜のリラックス中に / PayPay祭
1265,21:05,鈴木 陽翔,53,男,会社員,神奈川県,4510000,メルカリ,アパレル,【美品】UNIQLO x JW Anderson コラボ ニット L,4030,1,夜のリラックス中に / コラボ品再入手
840,14:00,長谷川 智子,58,女,公務員,埼玉県,5080000,Yahoo!ショッピング,日用品,除菌洗剤 業務用 4L,2949,0,勤務中こっそり / PayPay祭
935,15:35,長谷川 智子,58,女,公務員,埼玉県,5080000,Amazon,書籍,達人プログラマー 第2版 (オーム社),3520,0,勤務中こっそり / 技術書
1100,18:20,長谷川 智子,58,女,公務員,埼玉県,5080000,Amazon,書籍,ジェイソン流お金の増やし方,1430,1,通勤中ふと思い出して / 投資勉強
1125,18:45,長谷川 智子,58,女,公務員,埼玉県,5080000,honto,書籍,夜は短し歩けよ乙女 (角川文庫),770,0,夕食後にカートを処理 / 再読
1190,19:50,長谷川 智子,58,女,公務員,埼玉県,5080000,MUJI passport,食品,無印良品 不揃いバウム メープル 5袋,1390,0,夕食後にカートを処理 / おやつストック
1345,22:25,長谷川 智子,58,女,公務員,埼玉県,5080000,楽天市場,日用品,コストコ カークランド トイレットペーパー 30ロール,4155,1,夜のリラックス中に / まとめ買いお得
390,06:30,林 桜_251,70,女,退職,東京都市部,2760000,Amazon,コーヒー,STARBUCKS ハウス ブレンド ホール 250g,1373,0,朝の準備中ふと / 計画通り
1300,21:40,林 桜_251,70,女,退職,東京都市部,2760000,Amazon,電子書籍,Kindle ハイキュー!! 文庫版 1-3巻セット,1980,1,TVショッピング見て / 懐かしい
735,12:15,前田 義男,31,男,会社員,神奈川県,7730000,BUYMA,ブランド品,【関税送料込】Hermès Twilly スカーフ 復刻柄,25592,0,ランチ食べながら / ギフト用
1030,17:10,前田 義男,31,男,会社員,神奈川県,7730000,Amazon,コーヒー,Blue Bottle Coffee ベラ ドノヴァン 200g,1926,0,勤務中こっそり / リピート
1265,21:05,前田 義男,31,男,会社員,神奈川県,7730000,Amazon,日用品,ピジョン 親子で使える泡シャンプー 詰替 350ml,710,1,夜のリラックス中に / リピート
1285,21:25,前田 義男,31,男,会社員,神奈川県,7730000,BUYMA,ブランド品,【関税送料込】Hermès Twilly スカーフ 復刻柄,25225,1,夜のリラックス中に / 安心のリピート
1400,23:20,前田 義男,31,男,会社員,神奈川県,7730000,iHerb,化粧品,The Ordinary ナイアシンアミド 10% 30ml,1248,1,寝る前に思い立って / 話題のスキンケア
450,07:30,池田 凛,54,女,フリーランス,千葉県,5630000,iHerb,食品,California Gold ナッツミックス 907g,2556,0,朝の準備中ふと / 間食用
670,11:10,池田 凛,54,女,フリーランス,千葉県,5630000,Uniqlo online,アパレル,エアリズム コットン クルーネックT 半袖 (ネイビー L),1290,0,仕事の合間に / 夏前リピート
940,15:40,池田 凛,54,女,フリーランス,千葉県,5630000,楽天市場,化粧品,資生堂 マキアージュ ドラマティック ジェリー BB,3536,0,仕事の合間に / ポイント祭
1280,21:20,池田 凛,54,女,フリーランス,千葉県,5630000,iHerb,食品,California Gold ナッツミックス 907g,2676,1,夜のリラックス中に / 間食用
1315,21:55,池田 凛,54,女,フリーランス,千葉県,5630000,MUJI passport,家具,無印良品 やわらかフィットソファ 1人掛け 用 カバー,4990,1,夜のリラックス中に / 気分転換
1360,22:40,池田 凛,54,女,フリーランス,千葉県,5630000,MUJI passport,アパレル,無印良品 オーガニックコットン Vネック 半袖T 白 M,1490,1,夜のリラックス中に / 夏定番
735,12:15,井上 雄太,22,男,大学生,東京都23区,800000,ZOZOTOWN,アパレル,SLY オーバーサイズ スウェット M ベージュ,8800,0,勉強の息抜きに / 韓国っぽい
935,15:35,井上 雄太,22,男,大学生,東京都23区,800000,メルカリ,ホビー,プラモデル HG ガンダムエアリアル 未組立,2202,0,勉強の息抜きに / 積みプラ追加
845,14:05,木村 凛,74,女,退職,東京都23区,2330000,MUJI passport,食品,無印良品 不揃いバウム メープル 5袋,1390,1,午後のくつろぎ中に / おやつストック
980,16:20,木村 凛,74,女,退職,東京都23区,2330000,iHerb,食品,California Gold ナッツミックス 907g,2614,1,午後のくつろぎ中に / 間食用
990,16:30,木村 凛,74,女,退職,東京都23区,2330000,Amazon,コーヒー,Blue Bottle Coffee ベラ ドノヴァン 200g,2016,1,午後のくつろぎ中に / 新製品が気になって
1005,16:45,渡辺 ハル,26,女,フリーランス,東京都23区,2820000,ZOZOTOWN,アパレル,nano universe テーパード パンツ 9号,11000,0,仕事の合間に / 安心のリピート
1125,18:45,渡辺 ハル,26,女,フリーランス,東京都23区,2820000,Uniqlo online,アパレル,ヒートテック クルーネックT 極暖 (グレー M),1990,0,夕食後にカートを処理 / 冬支度
1150,19:10,渡辺 ハル,26,女,フリーランス,東京都23区,2820000,honto,書籍,看護管理2025年4月号,2090,0,夕食後にカートを処理 / 安心のリピート
1335,22:15,渡辺 ハル,26,女,フリーランス,東京都23区,2820000,Uniqlo online,アパレル,感動パンツ ウルトラライト ストレッチ ストレート (ブラック 32inch),3990,1,夜のリラックス中に / 通勤新調
480,08:00,佐々木 達也_257,32,男,会社員,千葉県,5610000,MUJI passport,アパレル,無印良品 オーガニックコットン Vネック 半袖T 白 M,1490,1,通勤中ふと思い出して / 夏定番
660,11:00,佐々木 達也_257,32,男,会社員,千葉県,5610000,楽天市場,食品,北海道産 ホタテ貝柱 1kg 訳あり,7258,0,勤務中こっそり / ポイント10倍
670,11:10,佐々木 達也_257,32,男,会社員,千葉県,5610000,Amazon,コーヒー,Blue Bottle Coffee ベラ ドノヴァン 200g,1944,0,勤務中こっそり / リピート
840,14:00,佐々木 達也_257,32,男,会社員,千葉県,5610000,楽天市場,日用品,除菌できるウェットティッシュ 100枚 x 8パック,1701,0,勤務中こっそり / ポイント10倍
875,14:35,佐々木 達也_257,32,男,会社員,千葉県,5610000,楽天市場,日用品,除菌できるウェットティッシュ 100枚 x 8パック,1500,0,勤務中こっそり / ポイント10倍
1085,18:05,佐々木 達也_257,32,男,会社員,千葉県,5610000,Amazon,日用品,アタック ZERO 抗菌プラス 詰替 720g,419,1,通勤中ふと思い出して / ストック切れ
1125,18:45,佐々木 達也_257,32,男,会社員,千葉県,5610000,楽天市場,化粧品,資生堂 マキアージュ ドラマティック ジェリー BB,3806,0,夕食後にカートを処理 / ポイント祭
460,07:40,山崎 悦子,39,女,会社員,群馬県,6950000,楽天市場,食品,北海道産 ホタテ貝柱 1kg 訳あり,7376,1,通勤中ふと思い出して / ポイント10倍
860,14:20,山崎 悦子,39,女,会社員,群馬県,6950000,Uniqlo online,アパレル,リネンブレンド オープンカラー シャツ 半袖 (オフホワイト L),3990,0,勤務中こっそり / 週末カジュアル
1215,20:15,山崎 悦子,39,女,会社員,群馬県,6950000,楽天市場,日用品,コストコ カークランド トイレットペーパー 30ロール,3750,1,夜のリラックス中に / まとめ買いお得
1235,20:35,山崎 悦子,39,女,会社員,群馬県,6950000,MUJI passport,食品,無印良品 不揃いバウム メープル 5袋,1390,1,夜のリラックス中に / おやつストック
1390,23:10,山崎 悦子,39,女,会社員,群馬県,6950000,Amazon,食品,KIRIN 自然が磨いた天然水 2L x 9本,1380,1,寝る前に思い立って / 安心のリピート
1085,18:05,鈴木 克彦,34,男,会社員,東京都23区,7100000,ZOZOTOWN,シューズ,New Balance 327 グレー x ホワイト 24cm,12100,1,通勤中ふと思い出して / 安心のリピート
1110,18:30,鈴木 克彦,34,男,会社員,東京都23区,7100000,ZOZOTOWN,シューズ,New Balance 327 グレー x ホワイト 24cm,12100,1,通勤中ふと思い出して / 新色気になって
1175,19:35,鈴木 克彦,34,男,会社員,東京都23区,7100000,メルカリ,アパレル,【未使用】GU リブニットワンピース ベージュ M,1469,0,夕食後にカートを処理 / 安心のリピート
1280,21:20,鈴木 克彦,34,男,会社員,東京都23区,7100000,Uniqlo online,アパレル,感動パンツ ウルトラライト ストレッチ ストレート (ブラック 32inch),3990,1,夜のリラックス中に / 安心のリピート
1290,21:30,鈴木 克彦,34,男,会社員,東京都23区,7100000,Uniqlo online,アパレル,エアリズム コットン クルーネックT 半袖 (ネイビー L),1290,1,夜のリラックス中に / 夏前リピート
1335,22:15,鈴木 克彦,34,男,会社員,東京都23区,7100000,ZOZOTOWN,シューズ,CONVERSE All Star OX 黒 25cm,6600,1,夜のリラックス中に / 安心のリピート
585,09:45,小林 亮,72,男,退職,東京都23区,1560000,Amazon,コーヒー,猿田彦珈琲 大吉ブレンド ドリップバッグ 10個,1911,1,朝のゆっくり時間に / 気分転換
680,11:20,小林 亮,72,男,退職,東京都23区,1560000,Amazon,サブスク,Amazon Prime 年会費 (1年),5900,1,お昼のひと息に / 安心のリピート
480,08:00,山崎 葵,74,女,工場勤務,神奈川県,3490000,楽天市場,化粧品,ETUDE ティアアイライナー 限定色,1370,0,朝の準備中ふと / 新作
505,08:25,山崎 葵,74,女,工場勤務,神奈川県,3490000,Uniqlo online,アパレル,ヒートテック クルーネックT 極暖 (グレー M),1990,0,朝の準備中ふと / 冬支度
460,07:40,山口 和也,48,男,販売員,東京都23区,5510000,MUJI passport,アパレル,無印良品 縦横ストレッチ 細身パンツ 黒 32inch,3990,0,朝の準備中ふと / 通勤用
860,14:20,山口 和也,48,男,販売員,東京都23区,5510000,Amazon,食品,カルビー フルグラ 800g x 3,2638,0,勤務中こっそり / 朝食まとめ
1110,18:30,山口 和也,48,男,販売員,東京都23区,5510000,楽天市場,食品,台湾カステラ 6個セット,2528,0,勤務中こっそり / 話題スイーツ
1165,19:25,山口 和也,48,男,販売員,東京都23区,5510000,メルカリ,ホビー,プラモデル HG ガンダムエアリアル 未組立,1967,0,夕食後にカートを処理 / 積みプラ追加
1185,19:45,山口 和也,48,男,販売員,東京都23区,5510000,Amazon,電子書籍,Kindle 三体III 死神永生 上,1820,0,夕食後にカートを処理 / 話題のSF
1300,21:40,山口 和也,48,男,販売員,東京都23区,5510000,honto,書籍,看護管理2025年4月号,2090,1,夜のリラックス中に / 仕事用
475,07:55,山本 樹,52,男,会社員,東京都23区,3860000,honto,書籍,THE THREE-BODY PROBLEM (English),2980,1,通勤中ふと思い出して / 原書チャレンジ
1080,18:00,山本 樹,52,男,会社員,東京都23区,3860000,メルカリ,中古品,【動作確認済】Sony WH-1000XM4 黒 中古,20549,1,通勤中ふと思い出して / 計画通り
1145,19:05,山本 樹,52,男,会社員,東京都23区,3860000,Amazon,コーヒー,Blue Bottle Coffee ベラ ドノヴァン 200g,1964,0,夕食後にカートを処理 / 計画通り
1215,20:15,山本 樹,52,男,会社員,東京都23区,3860000,Yahoo!ショッピング,日用品,レノア 本格消臭 詰替 1320ml,1064,1,夜のリラックス中に / PayPayキャンペーン
580,09:40,林 雄太,58,男,販売員,東京都23区,3460000,MUJI passport,食品,無印良品 素材を生かしたカレー グリーン,350,0,勤務中こっそり / ストック補充
1190,19:50,林 雄太,58,男,販売員,東京都23区,3460000,Uniqlo online,アパレル,ヒートテック クルーネックT 極暖 (グレー M),1990,0,夕食後にカートを処理 / 冬支度
1220,20:20,林 雄太,58,男,販売員,東京都23区,3460000,MUJI passport,食品,無印良品 不揃いバウム メープル 5袋,1390,0,夕食後にカートを処理 / おやつストック
1275,21:15,林 雄太,58,男,販売員,東京都23区,3460000,メルカリ,アパレル,【美品】UNIQLO x JW Anderson コラボ ニット L,2848,1,夜のリラックス中に / コラボ品再入手
1330,22:10,林 雄太,58,男,販売員,東京都23区,3460000,メルカリ,ホビー,ポケモンカード SV6a スカーレットex 1BOX,7434,1,夜のリラックス中に / 再販分
955,15:55,伊藤 雅人,54,男,販売員,栃木県,5380000,Amazon,サブスク,Amazon Prime 年会費 (1年),5900,0,勤務中こっそり / 年次自動更新
1210,20:10,伊藤 雅人,54,男,販売員,栃木県,5380000,Amazon,食品,カルビー フルグラ 800g x 3,2974,0,夕食後にカートを処理 / 朝食まとめ
1215,20:15,伊藤 雅人,54,男,販売員,栃木県,5380000,honto,書籍,THE THREE-BODY PROBLEM (English),2980,0,夕食後にカートを処理 / 原書チャレンジ
1255,20:55,伊藤 雅人,54,男,販売員,栃木県,5380000,Uniqlo online,アパレル,エアリズム コットン クルーネックT 半袖 (ネイビー L),1290,1,夜のリラックス中に / 夏前リピート
530,08:50,林 湊_266,65,男,退職,東京都23区,1990000,MUJI passport,食品,無印良品 不揃いバウム メープル 5袋,1390,1,朝のゆっくり時間に / おやつストック
1275,21:15,林 湊_266,65,男,退職,東京都23区,1990000,Amazon,電化製品,Anker PowerLine III USB-C ケーブル 1.8m,1290,1,TVショッピング見て / ケーブル断線
410,06:50,伊藤 凛,32,女,教員,栃木県,8890000,Yodobashi.com,ゲーム,Nintendo Switch 2 ソフト 「マリオカートワールド」,9980,0,朝の準備中ふと / 発売日購入
465,07:45,伊藤 凛,32,女,教員,栃木県,8890000,Yodobashi.com,ゲーム,Nintendo Switch 2 ソフト 「マリオカートワールド」,9980,1,通勤中ふと思い出して / 発売日購入
470,07:50,伊藤 凛,32,女,教員,栃木県,8890000,Yahoo!ショッピング,日用品,除菌洗剤 業務用 4L,2718,1,通勤中ふと思い出して / PayPay祭
575,09:35,伊藤 凛,32,女,教員,栃木県,8890000,Yodobashi.com,ゲーム,PS5 ソフト 「Final Fantasy XVII」,9680,0,勤務中こっそり / シリーズ続編
610,10:10,伊藤 凛,32,女,教員,栃木県,8890000,ZOZOTOWN,アパレル,steven alan 別注 ボーダー T ホワイト x ネイビー,7700,0,勤務中こっそり / ZOZO特集
1360,22:40,伊藤 凛,32,女,教員,栃木県,8890000,iHerb,サプリ,Solgar 鉄分 25mg 90粒,1556,1,寝る前に思い立って / 貧血対策
1175,19:35,山田 彩花,26,女,販売員,埼玉県,1310000,Amazon,サブスク,Amazon Prime 年会費 (1年),5900,0,夕食後にカートを処理 / 年次自動更新
1200,20:00,山田 彩花,26,女,販売員,埼玉県,1310000,iHerb,化粧品,CeraVe フェイシャル モイスチャライザー 89ml,2349,0,夕食後にカートを処理 / 海外定番
1265,21:05,山口 健太,31,男,会社員,千葉県,3300000,Uniqlo online,アパレル,感動パンツ ウルトラライト ストレッチ ストレート (ブラック 32inch),3990,1,夜のリラックス中に / 通勤新調
1280,21:20,山口 健太,31,男,会社員,千葉県,3300000,MUJI passport,食品,無印良品 不揃いバウム メープル 5袋,1390,1,夜のリラックス中に / おやつストック
1320,22:00,山口 健太,31,男,会社員,千葉県,3300000,MUJI passport,食品,無印良品 素材を生かしたカレー グリーン,350,1,夜のリラックス中に / ストック補充
1360,22:40,山口 健太,31,男,会社員,千葉県,3300000,Uniqlo online,アパレル,感動パンツ ウルトラライト ストレッチ ストレート (ブラック 32inch),3990,1,寝る前に思い立って / 通勤新調
1395,23:15,山口 健太,31,男,会社員,千葉県,3300000,メルカリ,ホビー,プラモデル HG ガンダムエアリアル 未組立,1888,1,寝る前に思い立って / 積みプラ追加
480,08:00,田中 大翔,30,男,会社員,埼玉県,7010000,MUJI passport,食品,無印良品 不揃いバウム メープル 5袋,1390,1,通勤中ふと思い出して / おやつストック
995,16:35,田中 大翔,30,男,会社員,埼玉県,7010000,楽天市場,化粧品,ETUDE ティアアイライナー 限定色,1566,0,勤務中こっそり / 新作
1080,18:00,田中 大翔,30,男,会社員,埼玉県,7010000,メルカリ,中古品,【1度使用】iRobot Roomba i3+ 充電器付き,33541,1,通勤中ふと思い出して / 誰かのお下がり狙い
1205,20:05,田中 大翔,30,男,会社員,埼玉県,7010000,Amazon,書籍,ジェイソン流お金の増やし方,1430,1,夜のリラックス中に / 投資勉強
1345,22:25,田中 大翔,30,男,会社員,埼玉県,7010000,メルカリ,ホビー,ポケモンカード SV6a スカーレットex 1BOX,7091,1,夜のリラックス中に / 再販分
790,13:10,松本 雄太_271,77,男,主婦・主夫,神奈川県,1070000,Uniqlo online,アパレル,ヒートテック クルーネックT 極暖 (グレー M),1990,0,ランチ食べながら / 冬支度
1115,18:35,松本 雄太_271,77,男,主婦・主夫,神奈川県,1070000,Amazon,書籍,達人プログラマー 第2版 (オーム社),3520,0,夕食後にカートを処理 / 技術書
675,11:15,後藤 芽依_272,72,女,退職,神奈川県,2240000,iHerb,化粧品,Burt's Bees リップ バーム ハニー,542,1,お昼のひと息に / リピート
1165,19:25,後藤 芽依_272,72,女,退職,神奈川県,2240000,honto,電子書籍,hontoポイント 1000円分,1000,0,夕食後にカートを処理 / 次回用ポイント購入
550,09:10,山口 桜,21,女,大学生,神奈川県,800000,Amazon,コーヒー,猿田彦珈琲 大吉ブレンド ドリップバッグ 10個,1877,0,勉強の息抜きに / 気分転換
785,13:05,山口 桜,21,女,大学生,神奈川県,800000,Uniqlo online,アパレル,ヒートテック クルーネックT 極暖 (グレー M),1990,0,勉強の息抜きに / 冬支度
1110,18:30,高橋 美穂,64,女,会社員,茨城県,2340000,メルカリ,中古品,【動作確認済】Sony WH-1000XM4 黒 中古,20675,1,通勤中ふと思い出して / 新品より安い
1220,20:20,高橋 美穂,64,女,会社員,茨城県,2340000,Uniqlo online,アパレル,エアリズム コットン クルーネックT 半袖 (ネイビー L),1290,1,夜のリラックス中に / 夏前リピート
845,14:05,山崎 節子,65,女,主婦・主夫,栃木県,1040000,Amazon,日用品,エリエール 消臭+ トイレットペーパー 12ロール ダブル,680,0,ランチ食べながら / 安心のリピート
1345,22:25,山崎 節子,65,女,主婦・主夫,栃木県,1040000,Yahoo!ショッピング,日用品,除菌洗剤 業務用 4L,3164,0,家族の話題から / PayPay祭
450,07:30,木村 京子,59,女,フリーランス,東京都市部,4880000,Yahoo!ショッピング,日用品,除菌洗剤 業務用 4L,3166,0,朝の準備中ふと / 安心のリピート
1155,19:15,木村 京子,59,女,フリーランス,東京都市部,4880000,メルカリ,本,【美品】コンサル一年目が学ぶこと,834,0,夕食後にカートを処理 / 後輩から推薦
1175,19:35,木村 京子,59,女,フリーランス,東京都市部,4880000,honto,電子書籍,hontoポイント 1000円分,1000,1,夜のリラックス中に / 安心のリピート
1300,21:40,木村 京子,59,女,フリーランス,東京都市部,4880000,メルカリ,中古品,【動作確認済】Sony WH-1000XM4 黒 中古,21485,1,夜のリラックス中に / 新品より安い
1355,22:35,木村 京子,59,女,フリーランス,東京都市部,4880000,楽天市場,食品,台湾カステラ 6個セット,2850,1,夜のリラックス中に / 話題スイーツ
1180,19:40,山本 浩二,60,男,フリーランス,東京都23区,4890000,honto,電子書籍,hontoポイント 1000円分,1000,1,夜のリラックス中に / 安心のリピート
1250,20:50,山本 浩二,60,男,フリーランス,東京都23区,4890000,Amazon,電化製品,ELECOM USB-C ハブ 7-in-1 4K HDMI,5138,1,夜のリラックス中に / 安心のリピート
540,09:00,池田 浩二,45,男,会社員,栃木県,6420000,Amazon,電子書籍,Kindle ハイキュー!! 文庫版 1-3巻セット,1980,0,勤務中こっそり / 安心のリピート
975,16:15,池田 浩二,45,男,会社員,栃木県,6420000,MUJI passport,アパレル,無印良品 縦横ストレッチ 細身パンツ 黒 32inch,3990,0,勤務中こっそり / 通勤用
1145,19:05,池田 浩二,45,男,会社員,栃木県,6420000,Yahoo!ショッピング,日用品,除菌洗剤 業務用 4L,2716,0,夕食後にカートを処理 / PayPay祭
1260,21:00,池田 浩二,45,男,会社員,栃木県,6420000,Uniqlo online,アパレル,エアリズム コットン クルーネックT 半袖 (ネイビー L),1290,1,夜のリラックス中に / 夏前リピート
1330,22:10,池田 浩二,45,男,会社員,栃木県,6420000,MUJI passport,食品,無印良品 不揃いバウム メープル 5袋,1390,1,夜のリラックス中に / 安心のリピート
1355,22:35,池田 浩二,45,男,会社員,栃木県,6420000,Amazon,食品,KIRIN 自然が磨いた天然水 2L x 9本,1380,1,寝る前に思い立って / 安心のリピート
1150,19:10,伊藤 大翔,70,男,工場勤務,群馬県,4400000,Yahoo!ショッピング,日用品,レノア 本格消臭 詰替 1320ml,952,0,夕食後にカートを処理 / PayPayキャンペーン
1315,21:55,伊藤 大翔,70,男,工場勤務,群馬県,4400000,MUJI passport,家具,無印良品 ポリエステル 綿フランネル こたつ布団,9990,1,夜のリラックス中に / 冬支度
1160,19:20,渡辺 陽菜,62,女,会社員,神奈川県,1770000,Amazon,食品,カゴメ 野菜一日これ一本 200ml x 24本,2573,0,夕食後にカートを処理 / 計画通り
1265,21:05,渡辺 陽菜,62,女,会社員,神奈川県,1770000,honto,書籍,看護管理2025年4月号,2090,1,夜のリラックス中に / 計画通り
480,08:00,中村 千尋,72,女,退職,栃木県,1960000,MUJI passport,食品,無印良品 不揃いバウム メープル 5袋,1390,1,朝のゆっくり時間に / 安心のリピート
1295,21:35,中村 千尋,72,女,退職,栃木県,1960000,Yahoo!ショッピング,日用品,レノア 本格消臭 詰替 1320ml,969,1,TVショッピング見て / PayPayキャンペーン
1000,16:40,山田 和也_282,61,男,教員,東京都23区,2830000,Amazon,サブスク,Kindle Unlimited 3ヶ月分,2940,0,勤務中こっそり / 読み放題
1295,21:35,山田 和也_282,61,男,教員,東京都23区,2830000,メルカリ,本,【美品】コンサル一年目が学ぶこと,1198,1,夜のリラックス中に / 後輩から推薦
930,15:30,加藤 理恵,28,女,看護師,神奈川県,3300000,MUJI passport,食品,無印良品 素材を生かしたカレー グリーン,350,0,勤務中こっそり / ストック補充
1025,17:05,加藤 理恵,28,女,看護師,神奈川県,3300000,Amazon,電化製品,ELECOM USB-C ハブ 7-in-1 4K HDMI,5928,0,勤務中こっそり / 在宅環境
1170,19:30,加藤 理恵,28,女,看護師,神奈川県,3300000,MUJI passport,日用品,無印良品 ポリプロピレン収納ケース 引出式M,1490,0,夕食後にカートを処理 / 整理用
1255,20:55,加藤 理恵,28,女,看護師,神奈川県,3300000,Amazon,書籍,成瀬は天下を取りに行く (新潮社),1705,1,夜のリラックス中に / 本屋大賞
1380,23:00,加藤 理恵,28,女,看護師,神奈川県,3300000,Oisix,食品,Kit Oisix 牛肉と野菜のチンジャオロース 2人前,1580,1,寝る前に思い立って / 今夜の献立
450,07:30,藤田 悦子,23,女,看護師,千葉県,1690000,Uniqlo online,アパレル,ヒートテック クルーネックT 極暖 (グレー M),1990,1,通勤中ふと思い出して / 冬支度
995,16:35,藤田 悦子,23,女,看護師,千葉県,1690000,ZOZOTOWN,シューズ,CONVERSE All Star OX 黒 25cm,6600,0,勤務中こっそり / 安心のリピート
1220,20:20,藤田 悦子,23,女,看護師,千葉県,1690000,Amazon,コーヒー,Blue Bottle Coffee ベラ ドノヴァン 200g,2087,1,夜のリラックス中に / リピート
1300,21:40,藤田 悦子,23,女,看護師,千葉県,1690000,ZOZOTOWN,シューズ,CONVERSE All Star OX 黒 25cm,6600,1,夜のリラックス中に / 定番補充
445,07:25,後藤 健太,47,男,看護師,埼玉県,4720000,Yahoo!ショッピング,日用品,レノア 本格消臭 詰替 1320ml,984,0,朝の準備中ふと / PayPayキャンペーン
810,13:30,後藤 健太,47,男,看護師,埼玉県,4720000,Uniqlo online,アパレル,エアリズム コットン クルーネックT 半袖 (ネイビー L),1290,0,勤務中こっそり / 夏前リピート
1160,19:20,後藤 健太,47,男,看護師,埼玉県,4720000,Amazon,書籍,ジェイソン流お金の増やし方,1430,0,夕食後にカートを処理 / 計画通り
1165,19:25,後藤 健太,47,男,看護師,埼玉県,4720000,Yahoo!ショッピング,日用品,除菌洗剤 業務用 4L,3028,0,夕食後にカートを処理 / PayPay祭
1405,23:25,後藤 健太,47,男,看護師,埼玉県,4720000,Amazon,日用品,ファブリーズ 衣類消臭スプレー 370ml x 2,1034,1,寝る前に思い立って / 切らした
735,12:15,山崎 凛_286,66,女,工場勤務,東京都市部,1990000,楽天市場,食品,北海道産 ホタテ貝柱 1kg 訳あり,7159,0,勤務中こっそり / ポイント10倍
1250,20:50,山崎 凛_286,66,女,工場勤務,東京都市部,1990000,Uniqlo online,アパレル,エアリズム コットン クルーネックT 半袖 (ネイビー L),1290,1,夜のリラックス中に / 夏前リピート
1010,16:50,伊藤 颯太,57,男,飲食店,東京都市部,2570000,Amazon,日用品,エリエール 消臭+ トイレットペーパー 12ロール ダブル,604,0,勤務中こっそり / ストック切れ
1175,19:35,伊藤 颯太,57,男,飲食店,東京都市部,2570000,MUJI passport,アパレル,無印良品 縦横ストレッチ 細身パンツ 黒 32inch,3990,0,夕食後にカートを処理 / 通勤用
1330,22:10,伊藤 颯太,57,男,飲食店,東京都市部,2570000,Amazon,電子書籍,Kindle ハイキュー!! 文庫版 1-3巻セット,1980,1,夜のリラックス中に / 懐かしい
1360,22:40,伊藤 颯太,57,男,飲食店,東京都市部,2570000,honto,書籍,THE THREE-BODY PROBLEM (English),2980,1,夜のリラックス中に / 原書チャレンジ
1040,17:20,松本 ハル,78,女,退職,栃木県,2380000,MUJI passport,アパレル,無印良品 縦横ストレッチ 細身パンツ 黒 32inch,3990,1,午後のくつろぎ中に / 通勤用
525,08:45,木村 貴志,57,男,会社員,東京都23区,7370000,Amazon,電化製品,Anker 737 Power Bank 24000mAh 140W,21852,0,勤務中こっそり / 出張用
580,09:40,木村 貴志,57,男,会社員,東京都23区,7370000,Yahoo!ショッピング,日用品,除菌洗剤 業務用 4L,2781,0,勤務中こっそり / 安心のリピート
1030,17:10,木村 貴志,57,男,会社員,東京都23区,7370000,Uniqlo online,アパレル,エアリズム コットン クルーネックT 半袖 (ネイビー L),1290,0,勤務中こっそり / 安心のリピート
1185,19:45,木村 貴志,57,男,会社員,東京都23区,7370000,楽天市場,食品,台湾カステラ 6個セット,2890,0,夕食後にカートを処理 / 話題スイーツ
1240,20:40,木村 貴志,57,男,会社員,東京都23区,7370000,Amazon,電化製品,Anker PowerLine III USB-C ケーブル 1.8m,1290,1,夜のリラックス中に / ケーブル断線
1250,20:50,木村 貴志,57,男,会社員,東京都23区,7370000,メルカリ,中古品,【動作確認済】Sony WH-1000XM4 黒 中古,22477,1,夜のリラックス中に / 新品より安い
1360,22:40,木村 貴志,57,男,会社員,東京都23区,7370000,Amazon,日用品,ピジョン 親子で使える泡シャンプー 詰替 350ml,792,1,寝る前に思い立って / 安心のリピート
1270,21:10,橋本 克彦_290,69,男,パート,東京都23区,1600000,MUJI passport,食品,無印良品 不揃いバウム メープル 5袋,1390,1,夜のリラックス中に / 安心のリピート
1280,21:20,橋本 克彦_290,69,男,パート,東京都23区,1600000,Amazon,電化製品,ELECOM USB-C ハブ 7-in-1 4K HDMI,5708,1,夜のリラックス中に / 安心のリピート
1105,18:25,佐々木 亮,78,男,退職,栃木県,2710000,Amazon,サブスク,Amazon Prime 年会費 (1年),5900,0,夕食後にカートを処理 / 安心のリピート
1110,18:30,佐々木 亮,78,男,退職,栃木県,2710000,Yahoo!ショッピング,日用品,除菌洗剤 業務用 4L,3259,0,夕食後にカートを処理 / PayPay祭
975,16:15,加藤 彩花_292,27,女,飲食店,東京都23区,3400000,Amazon,書籍,ジェイソン流お金の増やし方,1430,0,勤務中こっそり / 安心のリピート
1125,18:45,加藤 彩花_292,27,女,飲食店,東京都23区,3400000,MUJI passport,日用品,無印良品 アロマオイル ラベンダー 10ml,1190,0,勤務中こっそり / 安心のリピート
1160,19:20,加藤 彩花_292,27,女,飲食店,東京都23区,3400000,Uniqlo online,アパレル,感動パンツ ウルトラライト ストレッチ ストレート (ブラック 32inch),3990,0,夕食後にカートを処理 / 通勤新調
1175,19:35,加藤 彩花_292,27,女,飲食店,東京都23区,3400000,MUJI passport,食品,無印良品 素材を生かしたカレー グリーン,350,0,夕食後にカートを処理 / ストック補充
1315,21:55,加藤 彩花_292,27,女,飲食店,東京都23区,3400000,メルカリ,中古品,【動作確認済】Sony WH-1000XM4 黒 中古,20599,1,夜のリラックス中に / 新品より安い
505,08:25,山本 ハル_293,28,女,ITエンジニア,東京都23区,5080000,Amazon,食品,カルビー フルグラ 800g x 3,2894,0,朝の準備中ふと / 朝食まとめ
835,13:55,山本 ハル_293,28,女,ITエンジニア,東京都23区,5080000,ZOZOTOWN,シューズ,New Balance 327 グレー x ホワイト 24cm,12100,0,仕事の合間に / 新色気になって
850,14:10,山本 ハル_293,28,女,ITエンジニア,東京都23区,5080000,MUJI passport,アパレル,無印良品 縦横ストレッチ 細身パンツ 黒 32inch,3990,0,仕事の合間に / 通勤用
1155,19:15,山本 ハル_293,28,女,ITエンジニア,東京都23区,5080000,Amazon,電子書籍,Kindle 進撃の巨人 最終34巻,538,0,夕食後にカートを処理 / シリーズ完結
1280,21:20,山本 ハル_293,28,女,ITエンジニア,東京都23区,5080000,ZOZOTOWN,シューズ,New Balance 327 グレー x ホワイト 24cm,12100,1,夜のリラックス中に / 新色気になって
1305,21:45,山本 ハル_293,28,女,ITエンジニア,東京都23区,5080000,honto,書籍,看護管理2025年4月号,2090,1,夜のリラックス中に / 仕事用
1340,22:20,山本 ハル_293,28,女,ITエンジニア,東京都23区,5080000,Amazon,電子書籍,Kindle ハイキュー!! 文庫版 1-3巻セット,1980,1,夜のリラックス中に / 懐かしい
1100,18:20,小林 達也,64,男,ITエンジニア,神奈川県,4500000,Yahoo!ショッピング,日用品,除菌洗剤 業務用 4L,2820,0,夕食後にカートを処理 / PayPay祭
1280,21:20,小林 達也,64,男,ITエンジニア,神奈川県,4500000,Amazon,サブスク,Kindle Unlimited 3ヶ月分,2940,1,夜のリラックス中に / 読み放題
630,10:30,吉田 智也,42,男,販売員,東京都23区,1780000,Yahoo!ショッピング,日用品,除菌洗剤 業務用 4L,3164,0,勤務中こっそり / PayPay祭
1220,20:20,吉田 智也,42,男,販売員,東京都23区,1780000,メルカリ,アパレル,MUJI 90s ヴィンテージ チノパン 31inch,2907,0,夕食後にカートを処理 / 古着趣味
1335,22:15,吉田 智也,42,男,販売員,東京都23区,1780000,楽天市場,化粧品,資生堂 マキアージュ ドラマティック ジェリー BB,3829,1,夜のリラックス中に / ポイント祭
1370,22:50,吉田 智也,42,男,販売員,東京都23区,1780000,Amazon,書籍,ジェイソン流お金の増やし方,1430,1,夜のリラックス中に / 投資勉強
400,06:40,斎藤 正樹,38,男,会社員,千葉県,5830000,楽天市場,日用品,コストコ カークランド トイレットペーパー 30ロール,3907,0,朝の準備中ふと / まとめ買いお得
430,07:10,斎藤 正樹,38,男,会社員,千葉県,5830000,Amazon,コーヒー,猿田彦珈琲 大吉ブレンド ドリップバッグ 10個,2036,0,朝の準備中ふと / 気分転換
1145,19:05,斎藤 正樹,38,男,会社員,千葉県,5830000,Uniqlo online,アパレル,感動パンツ ウルトラライト ストレッチ ストレート (ブラック 32inch),3990,0,夕食後にカートを処理 / 安心のリピート
1175,19:35,斎藤 正樹,38,男,会社員,千葉県,5830000,楽天市場,日用品,除菌できるウェットティッシュ 100枚 x 8パック,1557,0,夕食後にカートを処理 / 安心のリピート
1310,21:50,斎藤 正樹,38,男,会社員,千葉県,5830000,MUJI passport,アパレル,無印良品 縦横ストレッチ 細身パンツ 黒 32inch,3990,1,夜のリラックス中に / 通勤用
1330,22:10,斎藤 正樹,38,男,会社員,千葉県,5830000,Amazon,電化製品,Anker 737 Power Bank 24000mAh 140W,20959,1,夜のリラックス中に / 出張用
540,09:00,吉田 美穂,53,女,公務員,群馬県,6550000,Apple,アクセサリ,AirPods Pro イヤーチップ XSサイズ,880,0,勤務中こっそり / サイズ調整
590,09:50,吉田 美穂,53,女,公務員,群馬県,6550000,Amazon,日用品,クイックル ワイパー 立体吸着 ウェット 32枚,1144,0,勤務中こっそり / リピート
635,10:35,吉田 美穂,53,女,公務員,群馬県,6550000,Apple,アクセサリ,Apple Watch スポーツバンド 42mm ブラック,6800,0,勤務中こっそり / 気分転換
985,16:25,吉田 美穂,53,女,公務員,群馬県,6550000,Uniqlo online,アパレル,エアリズム コットン クルーネックT 半袖 (ネイビー L),1290,0,勤務中こっそり / 安心のリピート
1135,18:55,吉田 美穂,53,女,公務員,群馬県,6550000,MUJI passport,食品,無印良品 素材を生かしたカレー グリーン,350,0,夕食後にカートを処理 / ストック補充
1280,21:20,吉田 美穂,53,女,公務員,群馬県,6550000,honto,電子書籍,hontoポイント 1000円分,1000,1,夜のリラックス中に / 次回用ポイント購入
1395,23:15,吉田 美穂,53,女,公務員,群馬県,6550000,Uniqlo online,アパレル,感動パンツ ウルトラライト ストレッチ ストレート (ブラック 32inch),3990,1,寝る前に思い立って / 安心のリピート
1175,19:35,佐藤 義男,59,男,飲食店,東京都23区,4250000,Uniqlo online,アパレル,リネンブレンド オープンカラー シャツ 半袖 (オフホワイト L),3990,0,夕食後にカートを処理 / 週末カジュアル
1230,20:30,佐藤 義男,59,男,飲食店,東京都23区,4250000,honto,書籍,看護管理2025年4月号,2090,1,夜のリラックス中に / 仕事用
1280,21:20,佐藤 義男,59,男,飲食店,東京都23区,4250000,Uniqlo online,アパレル,感動パンツ ウルトラライト ストレッチ ストレート (ブラック 32inch),3990,1,夜のリラックス中に / 通勤新調
1290,21:30,佐藤 義男,59,男,飲食店,東京都23区,4250000,honto,書籍,THE THREE-BODY PROBLEM (English),2980,1,夜のリラックス中に / 原書チャレンジ
1300,21:40,佐藤 義男,59,男,飲食店,東京都23区,4250000,Uniqlo online,アパレル,エアリズム コットン クルーネックT 半袖 (ネイビー L),1290,1,夜のリラックス中に / 夏前リピート
1155,19:15,加藤 彩_299,33,女,主婦・主夫,東京都市部,1550000,Yahoo!ショッピング,日用品,除菌洗剤 業務用 4L,2725,0,夕食後にカートを処理 / PayPay祭
1235,20:35,加藤 彩_299,33,女,主婦・主夫,東京都市部,1550000,ZOZOTOWN,アパレル,steven alan 別注 ボーダー T ホワイト x ネイビー,7700,0,家族の話題から / ZOZO特集
1275,21:15,加藤 彩_299,33,女,主婦・主夫,東京都市部,1550000,Uniqlo online,アパレル,リネンブレンド オープンカラー シャツ 半袖 (オフホワイト L),3990,0,家族の話題から / 安心のリピート
1360,22:40,加藤 彩_299,33,女,主婦・主夫,東京都市部,1550000,楽天市場,日用品,除菌できるウェットティッシュ 100枚 x 8パック,1825,0,家族の話題から / 安心のリピート
705,11:45,吉田 桜,65,女,工場勤務,神奈川県,2220000,Uniqlo online,アパレル,ヒートテック クルーネックT 極暖 (グレー M),1990,0,勤務中こっそり / 冬支度
1335,22:15,吉田 桜,65,女,工場勤務,神奈川県,2220000,Amazon,食品,KIRIN 自然が磨いた天然水 2L x 9本,1380,1,夜のリラックス中に / 備蓄
1125,18:45,木村 悠人,33,男,主婦・主夫,千葉県,1150000,Yahoo!ショッピング,日用品,レノア 本格消臭 詰替 1320ml,1079,0,夕食後にカートを処理 / PayPayキャンペーン
1235,20:35,木村 悠人,33,男,主婦・主夫,千葉県,1150000,ZOZOTOWN,アパレル,steven alan 別注 ボーダー T ホワイト x ネイビー,7700,0,家族の話題から / ZOZO特集
1235,20:35,加藤 千尋,35,女,主婦・主夫,東京都23区,1460000,メルカリ,アパレル,【未使用】GU リブニットワンピース ベージュ M,1555,0,家族の話題から / 試したい色
1315,21:55,加藤 千尋,35,女,主婦・主夫,東京都23区,1460000,Amazon,サブスク,Kindle Unlimited 3ヶ月分,2940,0,家族の話題から / 読み放題
675,11:15,山田 正樹_303,39,男,デザイナー,群馬県,4950000,Uniqlo online,アパレル,エアリズム コットン クルーネックT 半袖 (ネイビー L),1290,0,仕事の合間に / 夏前リピート
1280,21:20,山田 正樹_303,39,男,デザイナー,群馬県,4950000,Uniqlo online,アパレル,エアリズム コットン クルーネックT 半袖 (ネイビー L),1290,1,夜のリラックス中に / 夏前リピート
1295,21:35,山田 正樹_303,39,男,デザイナー,群馬県,4950000,Amazon,日用品,Mr.CLEAN マジックリン キッチン用 400ml,290,1,夜のリラックス中に / 切らしそう
1345,22:25,山田 正樹_303,39,男,デザイナー,群馬県,4950000,Amazon,食品,カルビー フルグラ 800g x 3,2606,1,夜のリラックス中に / 朝食まとめ
1370,22:50,山田 正樹_303,39,男,デザイナー,群馬県,4950000,楽天市場,食品,台湾カステラ 6個セット,2515,1,夜のリラックス中に / 安心のリピート
405,06:45,佐々木 杏,60,女,主婦・主夫,東京都23区,2320000,MUJI passport,食品,無印良品 素材を生かしたカレー グリーン,350,0,朝の準備中ふと / ストック補充
1095,18:15,佐々木 杏,60,女,主婦・主夫,東京都23区,2320000,MUJI passport,家具,無印良品 やわらかフィットソファ 1人掛け 用 カバー,4990,0,夕食後にカートを処理 / 気分転換
1155,19:15,佐藤 雅人,22,男,販売員,東京都市部,2130000,ZOZOTOWN,シューズ,CONVERSE All Star OX 黒 25cm,6600,0,夕食後にカートを処理 / 新製品が気になって
1255,20:55,佐藤 雅人,22,男,販売員,東京都市部,2130000,ZOZOTOWN,アパレル,steven alan 別注 ボーダー T ホワイト x ネイビー,7700,1,夜のリラックス中に / ZOZO特集
1330,22:10,佐藤 雅人,22,男,販売員,東京都市部,2130000,MUJI passport,アパレル,無印良品 オーガニックコットン Vネック 半袖T 白 M,1490,1,夜のリラックス中に / 夏定番
1340,22:20,佐藤 雅人,22,男,販売員,東京都市部,2130000,honto,書籍,THE THREE-BODY PROBLEM (English),2980,1,夜のリラックス中に / 新製品が気になって
1150,19:10,長谷川 健太,66,男,主婦・主夫,栃木県,880000,楽天市場,食品,讃岐うどん 半生 太麺 1kg,1326,0,夕食後にカートを処理 / 在庫補充
1305,21:45,長谷川 健太,66,男,主婦・主夫,栃木県,880000,Uniqlo online,アパレル,リネンブレンド オープンカラー シャツ 半袖 (オフホワイト L),3990,0,家族の話題から / 週末カジュアル
860,14:20,伊藤 心春,68,女,工場勤務,東京都23区,3440000,MUJI passport,日用品,無印良品 化粧水 敏感肌用 高保湿 200ml,690,0,勤務中こっそり / 安心のリピート
1295,21:35,伊藤 心春,68,女,工場勤務,東京都23区,3440000,Uniqlo online,アパレル,感動パンツ ウルトラライト ストレッチ ストレート (ブラック 32inch),3990,1,夜のリラックス中に / 通勤新調
815,13:35,石川 綾,60,女,会社員,東京都23区,2560000,Yahoo!ショッピング,日用品,レノア 本格消臭 詰替 1320ml,998,0,勤務中こっそり / 安心のリピート
1320,22:00,石川 綾,60,女,会社員,東京都23区,2560000,Yahoo!ショッピング,日用品,除菌洗剤 業務用 4L,2779,1,夜のリラックス中に / PayPay祭
460,07:40,山崎 芽依,57,女,会社員,神奈川県,4180000,Amazon,食品,KIRIN 自然が磨いた天然水 2L x 9本,1380,1,通勤中ふと思い出して / 安心のリピート
1325,22:05,山崎 芽依,57,女,会社員,神奈川県,4180000,MUJI passport,家具,無印良品 体にフィットするソファ 用 カバー,5990,1,夜のリラックス中に / 汚れ補充
1330,22:10,山崎 芽依,57,女,会社員,神奈川県,4180000,Yahoo!ショッピング,日用品,レノア 本格消臭 詰替 1320ml,959,1,夜のリラックス中に / PayPayキャンペーン
1375,22:55,山崎 芽依,57,女,会社員,神奈川県,4180000,Amazon,サブスク,Kindle Unlimited 3ヶ月分,2940,1,寝る前に思い立って / 安心のリピート
1380,23:00,山崎 芽依,57,女,会社員,神奈川県,4180000,Yahoo!ショッピング,日用品,除菌洗剤 業務用 4L,3039,1,寝る前に思い立って / PayPay祭
610,10:10,山本 悠人,47,男,主婦・主夫,東京都23区,2070000,Uniqlo online,アパレル,リネンブレンド オープンカラー シャツ 半袖 (オフホワイト L),3990,0,家事中スマホで / 計画通り
1120,18:40,山本 悠人,47,男,主婦・主夫,東京都23区,2070000,Amazon,書籍,成瀬は天下を取りに行く (新潮社),1705,0,夕食後にカートを処理 / 本屋大賞
1145,19:05,山本 悠人,47,男,主婦・主夫,東京都23区,2070000,Yahoo!ショッピング,日用品,除菌洗剤 業務用 4L,3052,0,夕食後にカートを処理 / PayPay祭
1350,22:30,山本 悠人,47,男,主婦・主夫,東京都23区,2070000,MUJI passport,食品,無印良品 不揃いバウム メープル 5袋,1390,0,家族の話題から / おやつストック
525,08:45,渡辺 拓海,66,男,主婦・主夫,東京都23区,1460000,honto,書籍,THE THREE-BODY PROBLEM (English),2980,0,家事中スマホで / 原書チャレンジ
530,08:50,渡辺 拓海,66,男,主婦・主夫,東京都23区,1460000,メルカリ,アパレル,【美品】UNIQLO x JW Anderson コラボ ニット L,4410,0,家事中スマホで / コラボ品再入手
975,16:15,清水 和也,22,男,大学生,群馬県,800000,ZOZOTOWN,アパレル,steven alan 別注 ボーダー T ホワイト x ネイビー,7700,0,勉強の息抜きに / 新製品が気になって
1155,19:15,清水 和也,22,男,大学生,群馬県,800000,iHerb,サプリ,Now Foods マルチビタミン ADAM 90粒,2455,0,夕食後にカートを処理 / 新製品が気になって
720,12:00,加藤 健太,77,男,主婦・主夫,神奈川県,1710000,Uniqlo online,アパレル,感動パンツ ウルトラライト ストレッチ ストレート (ブラック 32inch),3990,0,用事の合間に / 通勤新調
1300,21:40,岡田 理恵,72,女,パート,東京都23区,1160000,iHerb,食品,California Gold ナッツミックス 907g,2672,1,夜のリラックス中に / 間食用
1340,22:20,岡田 理恵,72,女,パート,東京都23区,1160000,楽天市場,日用品,除菌できるウェットティッシュ 100枚 x 8パック,1831,1,夜のリラックス中に / ポイント10倍
430,07:10,高橋 大翔,27,男,会社員,神奈川県,3210000,iHerb,サプリ,Now Foods マルチビタミン ADAM 90粒,2551,0,朝の準備中ふと / 夫向け
1080,18:00,高橋 大翔,27,男,会社員,神奈川県,3210000,Amazon,サブスク,Amazon Prime 年会費 (1年),5900,1,通勤中ふと思い出して / 年次自動更新
1270,21:10,高橋 大翔,27,男,会社員,神奈川県,3210000,iHerb,食品,California Gold ナッツミックス 907g,2969,1,夜のリラックス中に / 間食用
1275,21:15,高橋 大翔,27,男,会社員,神奈川県,3210000,honto,書籍,看護管理2025年4月号,2090,1,夜のリラックス中に / 仕事用
1400,23:20,高橋 大翔,27,男,会社員,神奈川県,3210000,Yahoo!ショッピング,日用品,除菌洗剤 業務用 4L,2805,1,寝る前に思い立って / PayPay祭
730,12:10,鈴木 綾,44,女,会社員,神奈川県,5340000,Yahoo!ショッピング,日用品,除菌洗剤 業務用 4L,2870,0,ランチ食べながら / PayPay祭
1135,18:55,鈴木 綾,44,女,会社員,神奈川県,5340000,楽天市場,食品,台湾カステラ 6個セット,2698,0,夕食後にカートを処理 / 話題スイーツ
1175,19:35,鈴木 綾,44,女,会社員,神奈川県,5340000,Amazon,コーヒー,STARBUCKS ハウス ブレンド ホール 250g,1368,0,夕食後にカートを処理 / 切らした
1315,21:55,鈴木 綾,44,女,会社員,神奈川県,5340000,MUJI passport,食品,無印良品 素材を生かしたカレー グリーン,350,1,夜のリラックス中に / ストック補充
1345,22:25,鈴木 綾,44,女,会社員,神奈川県,5340000,Oisix,食品,Oisix おうちレストラン 旬の野菜セット,3980,1,夜のリラックス中に / 週末まとめ
805,13:25,伊藤 和也_317,67,男,飲食店,東京都23区,4320000,Uniqlo online,アパレル,エアリズム コットン クルーネックT 半袖 (ネイビー L),1290,0,ランチ食べながら / 夏前リピート
1340,22:20,伊藤 和也_317,67,男,飲食店,東京都23区,4320000,メルカリ,本,【美品】コンサル一年目が学ぶこと,1006,1,夜のリラックス中に / 安心のリピート
600,10:00,山口 智子,47,女,工場勤務,東京都市部,4110000,Yahoo!ショッピング,日用品,除菌洗剤 業務用 4L,3062,0,勤務中こっそり / PayPay祭
835,13:55,山口 智子,47,女,工場勤務,東京都市部,4110000,MUJI passport,家具,無印良品 ポリエステル 綿フランネル こたつ布団,9990,0,ランチ食べながら / 冬支度
1230,20:30,山口 智子,47,女,工場勤務,東京都市部,4110000,Uniqlo online,アパレル,ヒートテック クルーネックT 極暖 (グレー M),1990,1,夜のリラックス中に / 冬支度
1295,21:35,山口 智子,47,女,工場勤務,東京都市部,4110000,Amazon,電子書籍,Kindle 三体III 死神永生 上,1820,1,夜のリラックス中に / 話題のSF
1325,22:05,山口 智子,47,女,工場勤務,東京都市部,4110000,Amazon,コーヒー,猿田彦珈琲 大吉ブレンド ドリップバッグ 10個,1975,1,夜のリラックス中に / 気分転換
500,08:20,山口 麻衣_319,33,女,ITエンジニア,東京都23区,10670000,楽天市場,化粧品,ETUDE ティアアイライナー 限定色,1442,0,朝の準備中ふと / 新作
710,11:50,山口 麻衣_319,33,女,ITエンジニア,東京都23区,10670000,Amazon,食品,カゴメ 野菜一日これ一本 200ml x 24本,2606,0,仕事の合間に / 朝の野菜
865,14:25,山口 麻衣_319,33,女,ITエンジニア,東京都23区,10670000,メルカリ,中古品,【1度使用】iRobot Roomba i3+ 充電器付き,34885,0,仕事の合間に / 誰かのお下がり狙い
1095,18:15,山口 麻衣_319,33,女,ITエンジニア,東京都23区,10670000,honto,書籍,看護管理2025年4月号,2090,0,夕食後にカートを処理 / 仕事用
1175,19:35,山口 麻衣_319,33,女,ITエンジニア,東京都23区,10670000,ZOZOTOWN,アパレル,steven alan 別注 ボーダー T ホワイト x ネイビー,7700,1,夜のリラックス中に / ZOZO特集
1210,20:10,山口 麻衣_319,33,女,ITエンジニア,東京都23区,10670000,iHerb,化粧品,The Ordinary ナイアシンアミド 10% 30ml,1092,1,夜のリラックス中に / 話題のスキンケア
1360,22:40,山口 麻衣_319,33,女,ITエンジニア,東京都23区,10670000,Uniqlo online,アパレル,ヒートテック クルーネックT 極暖 (グレー M),1990,1,夜のリラックス中に / 冬支度
420,07:00,池田 麻衣_320,49,女,公務員,東京都23区,4060000,Yahoo!ショッピング,日用品,除菌洗剤 業務用 4L,3159,0,朝の準備中ふと / PayPay祭
750,12:30,池田 麻衣_320,49,女,公務員,東京都23区,4060000,Yahoo!ショッピング,日用品,レノア 本格消臭 詰替 1320ml,922,0,ランチ食べながら / PayPayキャンペーン
755,12:35,池田 麻衣_320,49,女,公務員,東京都23区,4060000,Uniqlo online,アパレル,エアリズム コットン クルーネックT 半袖 (ネイビー L),1290,0,ランチ食べながら / 夏前リピート
1280,21:20,池田 麻衣_320,49,女,公務員,東京都23区,4060000,MUJI passport,アパレル,無印良品 縦横ストレッチ 細身パンツ 黒 32inch,3990,1,夜のリラックス中に / 通勤用
1355,22:35,池田 麻衣_320,49,女,公務員,東京都23区,4060000,Amazon,食品,カルビー フルグラ 800g x 3,2832,1,寝る前に思い立って / 朝食まとめ
865,14:25,橋本 ハル,30,女,工場勤務,茨城県,2970000,メルカリ,中古品,【動作確認済】Sony WH-1000XM4 黒 中古,21702,0,勤務中こっそり / 新品より安い
1225,20:25,橋本 ハル,30,女,工場勤務,茨城県,2970000,Uniqlo online,アパレル,ヒートテック クルーネックT 極暖 (グレー M),1990,0,夕食後にカートを処理 / 冬支度
1255,20:55,橋本 ハル,30,女,工場勤務,茨城県,2970000,MUJI passport,日用品,無印良品 アロマオイル ラベンダー 10ml,1190,1,夜のリラックス中に / リラックス
1295,21:35,橋本 ハル,30,女,工場勤務,茨城県,2970000,楽天市場,化粧品,資生堂 マキアージュ ドラマティック ジェリー BB,3455,1,夜のリラックス中に / ポイント祭
485,08:05,後藤 智也,57,男,会社員,千葉県,6450000,Amazon,電化製品,ELECOM USB-C ハブ 7-in-1 4K HDMI,5838,1,通勤中ふと思い出して / 安心のリピート
505,08:25,後藤 智也,57,男,会社員,千葉県,6450000,Amazon,電子書籍,Kindle 三体III 死神永生 上,1820,0,勤務中こっそり / 話題のSF
1080,18:00,後藤 智也,57,男,会社員,千葉県,6450000,Uniqlo online,アパレル,ヒートテック クルーネックT 極暖 (グレー M),1990,1,通勤中ふと思い出して / 冬支度
1150,19:10,後藤 智也,57,男,会社員,千葉県,6450000,Amazon,日用品,ファブリーズ 衣類消臭スプレー 370ml x 2,1028,0,夕食後にカートを処理 / 安心のリピート
1170,19:30,後藤 智也,57,男,会社員,千葉県,6450000,MUJI passport,食品,無印良品 素材を生かしたカレー グリーン,350,0,夕食後にカートを処理 / ストック補充
1335,22:15,後藤 智也,57,男,会社員,千葉県,6450000,MUJI passport,家具,無印良品 やわらかフィットソファ 1人掛け 用 カバー,4990,1,夜のリラックス中に / 気分転換
1370,22:50,後藤 智也,57,男,会社員,千葉県,6450000,MUJI passport,家具,無印良品 やわらかフィットソファ 1人掛け 用 カバー,4990,1,寝る前に思い立って / 気分転換
1020,17:00,井上 孝雄,77,男,退職,東京都23区,3160000,Uniqlo online,アパレル,ヒートテック クルーネックT 極暖 (グレー M),1990,1,午後のくつろぎ中に / 冬支度
1300,21:40,井上 孝雄,77,男,退職,東京都23区,3160000,Amazon,書籍,世界一流エンジニアの思考法 (文春新書),990,1,TVショッピング見て / 話題本
595,09:55,松本 義男,63,男,会社員,埼玉県,5670000,楽天市場,日用品,コストコ カークランド トイレットペーパー 30ロール,3727,0,勤務中こっそり / まとめ買いお得
1300,21:40,松本 義男,63,男,会社員,埼玉県,5670000,Amazon,電子書籍,Kindle 三体III 死神永生 上,1820,1,夜のリラックス中に / 話題のSF
660,11:00,加藤 義男_325,77,男,主婦・主夫,千葉県,940000,MUJI passport,日用品,無印良品 化粧水 敏感肌用 高保湿 200ml,690,0,用事の合間に / リピート
1110,18:30,加藤 義男_325,77,男,主婦・主夫,千葉県,940000,メルカリ,本,【美品】コンサル一年目が学ぶこと,871,0,夕食後にカートを処理 / 安心のリピート
585,09:45,山口 颯太,43,男,会社員,茨城県,5830000,Uniqlo online,アパレル,感動パンツ ウルトラライト ストレッチ ストレート (ブラック 32inch),3990,0,勤務中こっそり / 通勤新調
1185,19:45,山口 颯太,43,男,会社員,茨城県,5830000,楽天市場,日用品,コストコ カークランド トイレットペーパー 30ロール,3916,0,夕食後にカートを処理 / まとめ買いお得
1210,20:10,山口 颯太,43,男,会社員,茨城県,5830000,Amazon,食品,KIRIN 自然が磨いた天然水 2L x 9本,1380,1,夜のリラックス中に / 備蓄
1260,21:00,山口 颯太,43,男,会社員,茨城県,5830000,楽天市場,食品,北海道産 ホタテ貝柱 1kg 訳あり,8178,1,夜のリラックス中に / ポイント10倍
1350,22:30,山口 颯太,43,男,会社員,茨城県,5830000,MUJI passport,食品,無印良品 素材を生かしたカレー グリーン,350,1,寝る前に思い立って / ストック補充
375,06:15,清水 葵,36,女,主婦・主夫,埼玉県,1790000,Uniqlo online,アパレル,エアリズム コットン クルーネックT 半袖 (ネイビー L),1290,0,朝の準備中ふと / 安心のリピート
640,10:40,清水 葵,36,女,主婦・主夫,埼玉県,1790000,Uniqlo online,アパレル,ヒートテック クルーネックT 極暖 (グレー M),1990,0,家事中スマホで / 冬支度
1100,18:20,清水 葵,36,女,主婦・主夫,埼玉県,1790000,Amazon,書籍,ジェイソン流お金の増やし方,1430,0,夕食後にカートを処理 / 投資勉強
1140,19:00,清水 葵,36,女,主婦・主夫,埼玉県,1790000,楽天市場,食品,台湾カステラ 6個セット,2794,0,夕食後にカートを処理 / 話題スイーツ
750,12:30,佐藤 芽依,32,女,主婦・主夫,東京都23区,810000,Uniqlo online,アパレル,リネンブレンド オープンカラー シャツ 半袖 (オフホワイト L),3990,0,用事の合間に / 週末カジュアル
1095,18:15,佐藤 芽依,32,女,主婦・主夫,東京都23区,810000,MUJI passport,食品,無印良品 不揃いバウム メープル 5袋,1390,0,夕食後にカートを処理 / おやつストック
450,07:30,佐藤 義男_329,39,男,会社員,千葉県,5950000,メルカリ,本,【美品】コンサル一年目が学ぶこと,1016,1,通勤中ふと思い出して / 後輩から推薦
990,16:30,佐藤 義男_329,39,男,会社員,千葉県,5950000,Uniqlo online,アパレル,リネンブレンド オープンカラー シャツ 半袖 (オフホワイト L),3990,0,勤務中こっそり / 週末カジュアル
1115,18:35,佐藤 義男_329,39,男,会社員,千葉県,5950000,Amazon,日用品,Mr.CLEAN マジックリン キッチン用 400ml,289,1,通勤中ふと思い出して / 安心のリピート
1125,18:45,佐藤 義男_329,39,男,会社員,千葉県,5950000,楽天市場,食品,台湾カステラ 6個セット,2545,0,夕食後にカートを処理 / 話題スイーツ
1285,21:25,佐藤 義男_329,39,男,会社員,千葉県,5950000,Uniqlo online,アパレル,感動パンツ ウルトラライト ストレッチ ストレート (ブラック 32inch),3990,1,夜のリラックス中に / 安心のリピート
865,14:25,池田 智也,24,男,フリーランス,群馬県,3040000,Amazon,電子書籍,Kindle 三体III 死神永生 上,1820,0,仕事の合間に / 計画通り
1135,18:55,池田 智也,24,男,フリーランス,群馬県,3040000,MUJI passport,食品,無印良品 素材を生かしたカレー グリーン,350,0,夕食後にカートを処理 / 計画通り
1165,19:25,池田 智也,24,男,フリーランス,群馬県,3040000,メルカリ,中古品,【動作確認済】Sony WH-1000XM4 黒 中古,19731,0,夕食後にカートを処理 / 新品より安い
1170,19:30,池田 智也,24,男,フリーランス,群馬県,3040000,iHerb,サプリ,マイプロテイン Impact ホエイ 1kg バニラ,4284,1,夜のリラックス中に / 計画通り
1360,22:40,池田 智也,24,男,フリーランス,群馬県,3040000,メルカリ,中古品,【動作確認済】Sony WH-1000XM4 黒 中古,22524,1,夜のリラックス中に / 計画通り
450,07:30,佐々木 杏_331,41,女,ITエンジニア,埼玉県,7010000,Oisix,食品,Kit Oisix 牛肉と野菜のチンジャオロース 2人前,1580,0,朝の準備中ふと / 今夜の献立
455,07:35,佐々木 杏_331,41,女,ITエンジニア,埼玉県,7010000,Uniqlo online,アパレル,リネンブレンド オープンカラー シャツ 半袖 (オフホワイト L),3990,0,朝の準備中ふと / 週末カジュアル
765,12:45,佐々木 杏_331,41,女,ITエンジニア,埼玉県,7010000,Uniqlo online,アパレル,エアリズム コットン クルーネックT 半袖 (ネイビー L),1290,0,ランチ食べながら / 夏前リピート
1165,19:25,佐々木 杏_331,41,女,ITエンジニア,埼玉県,7010000,Yodobashi.com,電化製品,シャープ プラズマクラスター イオン発生機 IG-NX15,18800,0,夕食後にカートを処理 / 安心のリピート
1180,19:40,佐々木 杏_331,41,女,ITエンジニア,埼玉県,7010000,Oisix,食品,Kit Oisix 牛肉と野菜のチンジャオロース 2人前,1580,1,夜のリラックス中に / 安心のリピート
1200,20:00,佐々木 杏_331,41,女,ITエンジニア,埼玉県,7010000,Yodobashi.com,電化製品,Panasonic ナノケアドライヤー EH-NA0J,33480,1,夜のリラックス中に / 髪質改善
1280,21:20,佐々木 杏_331,41,女,ITエンジニア,埼玉県,7010000,楽天市場,化粧品,資生堂 マキアージュ ドラマティック ジェリー BB,3572,1,夜のリラックス中に / 安心のリピート
1100,18:20,山田 彩,37,女,会社員,埼玉県,8130000,Amazon,サブスク,Kindle Unlimited 3ヶ月分,2940,1,通勤中ふと思い出して / 読み放題
1140,19:00,山田 彩,37,女,会社員,埼玉県,8130000,Amazon,電子書籍,Kindle ハイキュー!! 文庫版 1-3巻セット,1980,0,夕食後にカートを処理 / 懐かしい
1250,20:50,山田 彩,37,女,会社員,埼玉県,8130000,BUYMA,ブランド品,【関税送料込】Hermès Twilly スカーフ 復刻柄,24306,1,夜のリラックス中に / ギフト用
1310,21:50,山田 彩,37,女,会社員,埼玉県,8130000,Uniqlo online,アパレル,感動パンツ ウルトラライト ストレッチ ストレート (ブラック 32inch),3990,1,夜のリラックス中に / 通勤新調
1380,23:00,山田 彩,37,女,会社員,埼玉県,8130000,楽天市場,日用品,除菌できるウェットティッシュ 100枚 x 8パック,1655,1,寝る前に思い立って / ポイント10倍
1145,19:05,木村 杏,79,女,パート,埼玉県,1030000,Amazon,コーヒー,UCC ザ ブレンド 114 レギュラーコーヒー 360g x 6,4674,0,夕食後にカートを処理 / 在宅用ストック
1235,20:35,木村 杏,79,女,パート,埼玉県,1030000,Uniqlo online,アパレル,エアリズム コットン クルーネックT 半袖 (ネイビー L),1290,1,夜のリラックス中に / 夏前リピート
650,10:50,井上 雅人,63,男,会社員,神奈川県,4980000,Amazon,日用品,Mr.CLEAN マジックリン キッチン用 400ml,281,0,勤務中こっそり / 安心のリピート
1140,19:00,井上 雅人,63,男,会社員,神奈川県,4980000,Yahoo!ショッピング,日用品,レノア 本格消臭 詰替 1320ml,1035,0,夕食後にカートを処理 / PayPayキャンペーン
765,12:45,田中 葵,61,女,販売員,神奈川県,2890000,honto,電子書籍,hontoポイント 1000円分,1000,0,勤務中こっそり / 次回用ポイント購入
1255,20:55,田中 葵,61,女,販売員,神奈川県,2890000,Amazon,サブスク,Kindle Unlimited 3ヶ月分,2940,1,夜のリラックス中に / 読み放題
690,11:30,後藤 結愛,35,女,会社員,茨城県,4430000,ZOZOTOWN,シューズ,CONVERSE All Star OX 黒 25cm,6600,0,勤務中こっそり / 定番補充
1155,19:15,後藤 結愛,35,女,会社員,茨城県,4430000,ZOZOTOWN,シューズ,New Balance 327 グレー x ホワイト 24cm,12100,0,夕食後にカートを処理 / 新色気になって
1170,19:30,後藤 結愛,35,女,会社員,茨城県,4430000,ZOZOTOWN,アパレル,nano universe テーパード パンツ 9号,11000,0,夕食後にカートを処理 / オフィス用
1205,20:05,後藤 結愛,35,女,会社員,茨城県,4430000,Yahoo!ショッピング,日用品,レノア 本格消臭 詰替 1320ml,1075,1,夜のリラックス中に / 安心のリピート
1275,21:15,後藤 結愛,35,女,会社員,茨城県,4430000,メルカリ,本,【美品】コンサル一年目が学ぶこと,1104,1,夜のリラックス中に / 安心のリピート
690,11:30,鈴木 莉子,64,女,経営者・役員,埼玉県,6150000,honto,書籍,看護管理2025年4月号,2090,0,勤務中こっそり / 安心のリピート
1135,18:55,鈴木 莉子,64,女,経営者・役員,埼玉県,6150000,MUJI passport,日用品,無印良品 化粧水 敏感肌用 高保湿 200ml,690,0,夕食後にカートを処理 / リピート
1155,19:15,田中 莉子,67,女,飲食店,埼玉県,2330000,メルカリ,中古品,【動作確認済】Sony WH-1000XM4 黒 中古,21405,0,夕食後にカートを処理 / 安心のリピート
1305,21:45,田中 莉子,67,女,飲食店,埼玉県,2330000,Uniqlo online,アパレル,ヒートテック クルーネックT 極暖 (グレー M),1990,1,夜のリラックス中に / 冬支度
540,09:00,林 樹_339,69,男,退職,神奈川県,1740000,メルカリ,中古品,【動作確認済】Sony WH-1000XM4 黒 中古,19478,1,朝のゆっくり時間に / 新品より安い
1135,18:55,林 樹_339,69,男,退職,神奈川県,1740000,Amazon,サブスク,Kindle Unlimited 3ヶ月分,2940,0,夕食後にカートを処理 / 読み放題
1245,20:45,清水 貴志_340,20,男,パート,東京都23区,800000,ZOZOTOWN,アパレル,SLY オーバーサイズ スウェット M ベージュ,8800,1,夜のリラックス中に / 計画通り
1355,22:35,清水 貴志_340,20,男,パート,東京都23区,800000,Yodobashi.com,電化製品,シャープ プラズマクラスター イオン発生機 IG-NX15,18800,1,夜のリラックス中に / 花粉対策
470,07:50,山崎 浩二,23,男,フリーランス,東京都23区,2330000,Amazon,電化製品,Anker PowerLine III USB-C ケーブル 1.8m,1290,0,朝の準備中ふと / ケーブル断線
485,08:05,山崎 浩二,23,男,フリーランス,東京都23区,2330000,ZOZOTOWN,アパレル,SLY オーバーサイズ スウェット M ベージュ,8800,0,朝の準備中ふと / 韓国っぽい
645,10:45,山崎 浩二,23,男,フリーランス,東京都23区,2330000,MUJI passport,アパレル,無印良品 オーガニックコットン Vネック 半袖T 白 M,1490,0,仕事の合間に / 夏定番
1215,20:15,山崎 浩二,23,男,フリーランス,東京都23区,2330000,Amazon,サブスク,Kindle Unlimited 3ヶ月分,2940,1,夜のリラックス中に / 読み放題
425,07:05,佐々木 翼,49,男,会社員,東京都市部,3180000,Amazon,日用品,ピジョン 親子で使える泡シャンプー 詰替 350ml,799,0,朝の準備中ふと / リピート
870,14:30,佐々木 翼,49,男,会社員,東京都市部,3180000,Uniqlo online,アパレル,ヒートテック クルーネックT 極暖 (グレー M),1990,0,勤務中こっそり / 冬支度
1150,19:10,佐々木 翼,49,男,会社員,東京都市部,3180000,Uniqlo online,アパレル,ヒートテック クルーネックT 極暖 (グレー M),1990,0,夕食後にカートを処理 / 冬支度
1220,20:20,佐々木 翼,49,男,会社員,東京都市部,3180000,MUJI passport,アパレル,無印良品 縦横ストレッチ 細身パンツ 黒 32inch,3990,1,夜のリラックス中に / 通勤用
1235,20:35,佐々木 翼,49,男,会社員,東京都市部,3180000,Amazon,電化製品,ELECOM USB-C ハブ 7-in-1 4K HDMI,5705,1,夜のリラックス中に / 在宅環境
1170,19:30,小林 芽依_343,61,女,パート,茨城県,1520000,iHerb,食品,California Gold ナッツミックス 907g,2559,0,夕食後にカートを処理 / 間食用
1180,19:40,小林 芽依_343,61,女,パート,茨城県,1520000,Amazon,電化製品,Anker PowerLine III USB-C ケーブル 1.8m,1290,0,夕食後にカートを処理 / 安心のリピート
650,10:50,林 陽菜,25,女,会社員,埼玉県,4330000,ZOZOTOWN,シューズ,CONVERSE All Star OX 黒 25cm,6600,0,勤務中こっそり / 定番補充
860,14:20,林 陽菜,25,女,会社員,埼玉県,4330000,Uniqlo online,アパレル,リネンブレンド オープンカラー シャツ 半袖 (オフホワイト L),3990,0,勤務中こっそり / 週末カジュアル
1075,17:55,林 陽菜,25,女,会社員,埼玉県,4330000,MUJI passport,アパレル,無印良品 オーガニックコットン Vネック 半袖T 白 M,1490,0,勤務中こっそり / 夏定番
1295,21:35,林 陽菜,25,女,会社員,埼玉県,4330000,Uniqlo online,アパレル,リネンブレンド オープンカラー シャツ 半袖 (オフホワイト L),3990,1,夜のリラックス中に / 週末カジュアル
1325,22:05,林 陽菜,25,女,会社員,埼玉県,4330000,MUJI passport,アパレル,無印良品 オーガニックコットン Vネック 半袖T 白 M,1490,1,夜のリラックス中に / 夏定番
580,09:40,前田 義男_345,65,男,主婦・主夫,東京都23区,1000000,Uniqlo online,アパレル,感動パンツ ウルトラライト ストレッチ ストレート (ブラック 32inch),3990,0,家事中スマホで / 安心のリピート
620,10:20,前田 義男_345,65,男,主婦・主夫,東京都23区,1000000,MUJI passport,アパレル,無印良品 オーガニックコットン Vネック 半袖T 白 M,1490,0,家事中スマホで / 安心のリピート
1160,19:20,高橋 貴志,50,男,ITエンジニア,埼玉県,4620000,honto,書籍,看護管理2025年4月号,2090,0,夕食後にカートを処理 / 仕事用
1210,20:10,高橋 貴志,50,男,ITエンジニア,埼玉県,4620000,Amazon,電子書籍,Kindle 進撃の巨人 最終34巻,538,1,夜のリラックス中に / シリーズ完結
1225,20:25,高橋 貴志,50,男,ITエンジニア,埼玉県,4620000,honto,電子書籍,hontoポイント 1000円分,1000,1,夜のリラックス中に / 次回用ポイント購入
1230,20:30,高橋 貴志,50,男,ITエンジニア,埼玉県,4620000,MUJI passport,アパレル,無印良品 オーガニックコットン Vネック 半袖T 白 M,1490,1,夜のリラックス中に / 夏定番
1325,22:05,高橋 貴志,50,男,ITエンジニア,埼玉県,4620000,Uniqlo online,アパレル,リネンブレンド オープンカラー シャツ 半袖 (オフホワイト L),3990,1,夜のリラックス中に / 週末カジュアル
1080,18:00,田中 莉子_347,59,女,デザイナー,茨城県,4080000,honto,書籍,THE THREE-BODY PROBLEM (English),2980,0,夕食後にカートを処理 / 原書チャレンジ
1120,18:40,田中 莉子_347,59,女,デザイナー,茨城県,4080000,Amazon,日用品,ファブリーズ 衣類消臭スプレー 370ml x 2,1134,0,夕食後にカートを処理 / 切らした
1140,19:00,田中 莉子_347,59,女,デザイナー,茨城県,4080000,Uniqlo online,アパレル,エアリズム コットン クルーネックT 半袖 (ネイビー L),1290,0,夕食後にカートを処理 / 夏前リピート
1210,20:10,田中 莉子_347,59,女,デザイナー,茨城県,4080000,iHerb,食品,California Gold ナッツミックス 907g,2619,1,夜のリラックス中に / 間食用
1270,21:10,田中 莉子_347,59,女,デザイナー,茨城県,4080000,Amazon,電化製品,Anker PowerLine III USB-C ケーブル 1.8m,1290,1,夜のリラックス中に / ケーブル断線
1270,21:10,伊藤 拓海,78,男,飲食店,埼玉県,2920000,MUJI passport,家具,無印良品 やわらかフィットソファ 1人掛け 用 カバー,4990,1,夜のリラックス中に / 気分転換
1345,22:25,伊藤 拓海,78,男,飲食店,埼玉県,2920000,Uniqlo online,アパレル,感動パンツ ウルトラライト ストレッチ ストレート (ブラック 32inch),3990,1,夜のリラックス中に / 計画通り
700,11:40,田中 陽翔,35,男,主婦・主夫,茨城県,1230000,楽天市場,日用品,コストコ カークランド トイレットペーパー 30ロール,3804,0,用事の合間に / まとめ買いお得
1125,18:45,田中 陽翔,35,男,主婦・主夫,茨城県,1230000,MUJI passport,日用品,無印良品 アロマオイル ラベンダー 10ml,1190,0,夕食後にカートを処理 / 安心のリピート
645,10:45,清水 正樹,24,男,会社員,埼玉県,2440000,MUJI passport,食品,無印良品 不揃いバウム メープル 5袋,1390,0,勤務中こっそり / おやつストック
800,13:20,清水 正樹,24,男,会社員,埼玉県,2440000,メルカリ,アパレル,MUJI 90s ヴィンテージ チノパン 31inch,3286,0,勤務中こっそり / 古着趣味
1215,20:15,清水 正樹,24,男,会社員,埼玉県,2440000,Uniqlo online,アパレル,リネンブレンド オープンカラー シャツ 半袖 (オフホワイト L),3990,1,夜のリラックス中に / 週末カジュアル
1395,23:15,清水 正樹,24,男,会社員,埼玉県,2440000,Uniqlo online,アパレル,ヒートテック クルーネックT 極暖 (グレー M),1990,1,寝る前に思い立って / 冬支度
550,09:10,橋本 克彦_351,22,男,大学生,東京都23区,800000,ZOZOTOWN,シューズ,CONVERSE All Star OX 黒 25cm,6600,0,勉強の息抜きに / 定番補充
1060,17:40,橋本 克彦_351,22,男,大学生,東京都23区,800000,Amazon,電化製品,Anker PowerLine III USB-C ケーブル 1.8m,1290,1,午後のくつろぎ中に / ケーブル断線
550,09:10,木村 智也,75,男,パート,東京都市部,1470000,Yahoo!ショッピング,日用品,レノア 本格消臭 詰替 1320ml,885,0,勤務中こっそり / PayPayキャンペーン
1375,22:55,木村 智也,75,男,パート,東京都市部,1470000,Uniqlo online,アパレル,感動パンツ ウルトラライト ストレッチ ストレート (ブラック 32inch),3990,1,夜のリラックス中に / 通勤新調
455,07:35,佐藤 綾,63,女,会社員,埼玉県,5580000,Amazon,書籍,世界一流エンジニアの思考法 (文春新書),990,1,通勤中ふと思い出して / 安心のリピート
1375,22:55,佐藤 綾,63,女,会社員,埼玉県,5580000,メルカリ,中古品,【動作確認済】Sony WH-1000XM4 黒 中古,20961,1,寝る前に思い立って / 新品より安い
455,07:35,鈴木 翔,43,男,会社員,東京都23区,7330000,BUYMA,アパレル,【正規品】POLO Ralph Lauren ケーブルニット 紺 M,27066,1,通勤中ふと思い出して / クラシック
475,07:55,鈴木 翔,43,男,会社員,東京都23区,7330000,MUJI passport,日用品,無印良品 アロマオイル ラベンダー 10ml,1190,1,通勤中ふと思い出して / リラックス
555,09:15,鈴木 翔,43,男,会社員,東京都23区,7330000,Amazon,コーヒー,STARBUCKS ハウス ブレンド ホール 250g,1353,0,勤務中こっそり / 切らした
820,13:40,鈴木 翔,43,男,会社員,東京都23区,7330000,Uniqlo online,アパレル,ヒートテック クルーネックT 極暖 (グレー M),1990,0,勤務中こっそり / 冬支度
1155,19:15,鈴木 翔,43,男,会社員,東京都23区,7330000,楽天市場,化粧品,KOSE 雪肌精 化粧水 200ml,3119,0,夕食後にカートを処理 / リピート
1400,23:20,鈴木 翔,43,男,会社員,東京都23区,7330000,honto,書籍,看護管理2025年4月号,2090,1,寝る前に思い立って / 仕事用
590,09:50,木村 ハル,32,女,会社員,埼玉県,5850000,MUJI passport,家具,無印良品 やわらかフィットソファ 1人掛け 用 カバー,4990,0,勤務中こっそり / 安心のリピート
885,14:45,木村 ハル,32,女,会社員,埼玉県,5850000,iHerb,サプリ,California Gold ビタミンC 1000mg 240粒,2100,0,勤務中こっそり / 安心のリピート
1000,16:40,木村 ハル,32,女,会社員,埼玉県,5850000,Uniqlo online,アパレル,ヒートテック クルーネックT 極暖 (グレー M),1990,0,勤務中こっそり / 冬支度
1155,19:15,木村 ハル,32,女,会社員,埼玉県,5850000,ZOZOTOWN,シューズ,CONVERSE All Star OX 黒 25cm,6600,0,夕食後にカートを処理 / 安心のリピート
1285,21:25,木村 ハル,32,女,会社員,埼玉県,5850000,メルカリ,中古品,【動作確認済】Sony WH-1000XM4 黒 中古,19870,1,夜のリラックス中に / 新品より安い
1320,22:00,木村 ハル,32,女,会社員,埼玉県,5850000,Apple,アクセサリ,AirPods Pro イヤーチップ XSサイズ,880,1,夜のリラックス中に / サイズ調整
485,08:05,山崎 彩,33,女,会社員,栃木県,3260000,ZOZOTOWN,シューズ,CONVERSE All Star OX 黒 25cm,6600,1,通勤中ふと思い出して / 定番補充
840,14:00,山崎 彩,33,女,会社員,栃木県,3260000,Amazon,電化製品,Logicool MX Master 3S ワイヤレスマウス,14905,0,勤務中こっそり / 安心のリピート
1090,18:10,山崎 彩,33,女,会社員,栃木県,3260000,Yahoo!ショッピング,日用品,除菌洗剤 業務用 4L,3046,1,通勤中ふと思い出して / PayPay祭
1100,18:20,山崎 彩,33,女,会社員,栃木県,3260000,楽天市場,日用品,除菌できるウェットティッシュ 100枚 x 8パック,1782,1,通勤中ふと思い出して / 安心のリピート
1305,21:45,山崎 彩,33,女,会社員,栃木県,3260000,Yodobashi.com,ゲーム,Nintendo Switch 2 ソフト 「マリオカートワールド」,9980,1,夜のリラックス中に / 発売日購入
1195,19:55,斎藤 和也,22,男,パート,千葉県,890000,Yodobashi.com,ゲーム,PS5 ソフト 「Final Fantasy XVII」,9680,0,夕食後にカートを処理 / シリーズ続編
1350,22:30,斎藤 和也,22,男,パート,千葉県,890000,MUJI passport,アパレル,無印良品 縦横ストレッチ 細身パンツ 黒 32inch,3990,1,夜のリラックス中に / 通勤用
1235,20:35,松本 浩二,36,男,フリーランス,神奈川県,2330000,Amazon,電子書籍,Kindle 三体III 死神永生 上,1820,1,夜のリラックス中に / 話題のSF
1250,20:50,松本 浩二,36,男,フリーランス,神奈川県,2330000,Uniqlo online,アパレル,エアリズム コットン クルーネックT 半袖 (ネイビー L),1290,1,夜のリラックス中に / 安心のリピート
1325,22:05,松本 浩二,36,男,フリーランス,神奈川県,2330000,Amazon,食品,カルビー フルグラ 800g x 3,2796,1,夜のリラックス中に / 朝食まとめ
1345,22:25,松本 浩二,36,男,フリーランス,神奈川県,2330000,Amazon,コーヒー,STARBUCKS ハウス ブレンド ホール 250g,1465,1,夜のリラックス中に / 切らした
470,07:50,山本 正樹,35,男,会社員,茨城県,5450000,Uniqlo online,アパレル,リネンブレンド オープンカラー シャツ 半袖 (オフホワイト L),3990,1,通勤中ふと思い出して / 週末カジュアル
475,07:55,山本 正樹,35,男,会社員,茨城県,5450000,Amazon,コーヒー,UCC ザ ブレンド 114 レギュラーコーヒー 360g x 6,4547,1,通勤中ふと思い出して / 在宅用ストック
1045,17:25,山本 正樹,35,男,会社員,茨城県,5450000,楽天市場,日用品,除菌できるウェットティッシュ 100枚 x 8パック,1806,0,勤務中こっそり / 安心のリピート
1115,18:35,山本 正樹,35,男,会社員,茨城県,5450000,Amazon,電化製品,Anker PowerLine III USB-C ケーブル 1.8m,1290,1,通勤中ふと思い出して / 安心のリピート
1195,19:55,山本 正樹,35,男,会社員,茨城県,5450000,メルカリ,アパレル,MUJI 90s ヴィンテージ チノパン 31inch,2852,0,夕食後にカートを処理 / 古着趣味
1235,20:35,山本 正樹,35,男,会社員,茨城県,5450000,MUJI passport,食品,無印良品 不揃いバウム メープル 5袋,1390,1,夜のリラックス中に / おやつストック
1205,20:05,石川 美咲,78,女,飲食店,千葉県,2360000,Amazon,コーヒー,Blue Bottle Coffee ベラ ドノヴァン 200g,2019,0,夕食後にカートを処理 / リピート
1315,21:55,石川 美咲,78,女,飲食店,千葉県,2360000,MUJI passport,日用品,無印良品 アロマオイル ラベンダー 10ml,1190,1,夜のリラックス中に / リラックス
1355,22:35,石川 美咲,78,女,飲食店,千葉県,2360000,Yahoo!ショッピング,日用品,レノア 本格消臭 詰替 1320ml,921,1,夜のリラックス中に / PayPayキャンペーン
1145,19:05,橋本 陽菜,67,女,主婦・主夫,東京都23区,1070000,メルカリ,ホビー,プラモデル HG ガンダムエアリアル 未組立,1864,0,夕食後にカートを処理 / 計画通り
1300,21:40,橋本 陽菜,67,女,主婦・主夫,東京都23区,1070000,楽天市場,日用品,コストコ カークランド トイレットペーパー 30ロール,3678,0,家族の話題から / まとめ買いお得
485,08:05,佐々木 和也,64,男,販売員,東京都23区,2380000,Amazon,書籍,世界一流エンジニアの思考法 (文春新書),990,0,朝の準備中ふと / 話題本
610,10:10,佐々木 和也,64,男,販売員,東京都23区,2380000,MUJI passport,アパレル,無印良品 オーガニックコットン Vネック 半袖T 白 M,1490,0,勤務中こっそり / 夏定番
485,08:05,松本 結愛,25,女,会社員,茨城県,4350000,Amazon,書籍,ジェイソン流お金の増やし方,1430,1,通勤中ふと思い出して / 投資勉強
545,09:05,松本 結愛,25,女,会社員,茨城県,4350000,Amazon,コーヒー,STARBUCKS ハウス ブレンド ホール 250g,1295,0,勤務中こっそり / 切らした
1280,21:20,松本 結愛,25,女,会社員,茨城県,4350000,Amazon,日用品,Mr.CLEAN マジックリン キッチン用 400ml,317,1,夜のリラックス中に / 切らしそう
1320,22:00,松本 結愛,25,女,会社員,茨城県,4350000,Uniqlo online,アパレル,エアリズム コットン クルーネックT 半袖 (ネイビー L),1290,1,夜のリラックス中に / 計画通り
1365,22:45,松本 結愛,25,女,会社員,茨城県,4350000,Amazon,サブスク,Kindle Unlimited 3ヶ月分,2940,1,寝る前に思い立って / 読み放題
390,06:30,斎藤 悠人,28,男,会社員,東京都23区,6410000,ZOZOTOWN,アパレル,BEAMS HEART リネン ジャケット 7号,14300,0,朝の準備中ふと / コーデ用
805,13:25,斎藤 悠人,28,男,会社員,東京都23区,6410000,Uniqlo online,アパレル,ヒートテック クルーネックT 極暖 (グレー M),1990,0,勤務中こっそり / 冬支度
1155,19:15,斎藤 悠人,28,男,会社員,東京都23区,6410000,ZOZOTOWN,シューズ,CONVERSE All Star OX 黒 25cm,6600,0,夕食後にカートを処理 / 定番補充
1340,22:20,斎藤 悠人,28,男,会社員,東京都23区,6410000,Amazon,コーヒー,猿田彦珈琲 大吉ブレンド ドリップバッグ 10個,2020,1,夜のリラックス中に / 気分転換
745,12:25,前田 結衣,54,女,販売員,埼玉県,4850000,楽天市場,食品,北海道産 ホタテ貝柱 1kg 訳あり,7321,0,勤務中こっそり / ポイント10倍
1175,19:35,前田 結衣,54,女,販売員,埼玉県,4850000,MUJI passport,日用品,無印良品 ポリプロピレン収納ケース 引出式M,1490,0,夕食後にカートを処理 / 整理用
1185,19:45,前田 結衣,54,女,販売員,埼玉県,4850000,Amazon,食品,カゴメ 野菜一日これ一本 200ml x 24本,2557,0,夕食後にカートを処理 / 朝の野菜
1190,19:50,前田 結衣,54,女,販売員,埼玉県,4850000,MUJI passport,食品,無印良品 不揃いバウム メープル 5袋,1390,0,夕食後にカートを処理 / おやつストック
1335,22:15,前田 結衣,54,女,販売員,埼玉県,4850000,Uniqlo online,アパレル,感動パンツ ウルトラライト ストレッチ ストレート (ブラック 32inch),3990,1,夜のリラックス中に / 通勤新調
750,12:30,井上 亮,60,男,主婦・主夫,東京都市部,1240000,楽天市場,日用品,コストコ カークランド トイレットペーパー 30ロール,4215,0,用事の合間に / まとめ買いお得
1095,18:15,井上 亮,60,男,主婦・主夫,東京都市部,1240000,Amazon,電子書籍,Kindle 進撃の巨人 最終34巻,538,0,夕食後にカートを処理 / シリーズ完結
455,07:35,渡辺 拓海_367,39,男,会社員,埼玉県,6420000,Uniqlo online,アパレル,ヒートテック クルーネックT 極暖 (グレー M),1990,1,通勤中ふと思い出して / 冬支度
460,07:40,渡辺 拓海_367,39,男,会社員,埼玉県,6420000,MUJI passport,日用品,無印良品 化粧水 敏感肌用 高保湿 200ml,690,1,通勤中ふと思い出して / リピート
470,07:50,渡辺 拓海_367,39,男,会社員,埼玉県,6420000,Amazon,電化製品,Anker PowerLine III USB-C ケーブル 1.8m,1290,1,通勤中ふと思い出して / ケーブル断線
780,13:00,渡辺 拓海_367,39,男,会社員,埼玉県,6420000,MUJI passport,食品,無印良品 素材を生かしたカレー グリーン,350,0,勤務中こっそり / ストック補充
975,16:15,渡辺 拓海_367,39,男,会社員,埼玉県,6420000,Uniqlo online,アパレル,感動パンツ ウルトラライト ストレッチ ストレート (ブラック 32inch),3990,0,勤務中こっそり / 通勤新調
1150,19:10,渡辺 拓海_367,39,男,会社員,埼玉県,6420000,Amazon,コーヒー,UCC ザ ブレンド 114 レギュラーコーヒー 360g x 6,4629,0,夕食後にカートを処理 / 在宅用ストック
1340,22:20,渡辺 拓海_367,39,男,会社員,埼玉県,6420000,Yahoo!ショッピング,日用品,レノア 本格消臭 詰替 1320ml,941,1,夜のリラックス中に / PayPayキャンペーン
535,08:55,渡辺 千尋,48,女,主婦・主夫,東京都23区,1770000,iHerb,化粧品,CeraVe フェイシャル モイスチャライザー 89ml,2466,0,家事中スマホで / 海外定番
1035,17:15,渡辺 千尋,48,女,主婦・主夫,東京都23区,1770000,Uniqlo online,アパレル,ヒートテック クルーネックT 極暖 (グレー M),1990,0,子供の世話の合間に / 冬支度
1260,21:00,渡辺 千尋,48,女,主婦・主夫,東京都23区,1770000,Uniqlo online,アパレル,リネンブレンド オープンカラー シャツ 半袖 (オフホワイト L),3990,0,家族の話題から / 週末カジュアル
1310,21:50,渡辺 千尋,48,女,主婦・主夫,東京都23区,1770000,MUJI passport,家具,無印良品 体にフィットするソファ 用 カバー,5990,0,家族の話題から / 汚れ補充
470,07:50,佐藤 拓海_369,55,男,会社員,東京都23区,3300000,楽天市場,化粧品,資生堂 マキアージュ ドラマティック ジェリー BB,3715,1,通勤中ふと思い出して / ポイント祭
1120,18:40,佐藤 拓海_369,55,男,会社員,東京都23区,3300000,Yahoo!ショッピング,日用品,除菌洗剤 業務用 4L,2986,1,通勤中ふと思い出して / PayPay祭
1140,19:00,佐藤 拓海_369,55,男,会社員,東京都23区,3300000,Uniqlo online,アパレル,ヒートテック クルーネックT 極暖 (グレー M),1990,0,夕食後にカートを処理 / 冬支度
1180,19:40,佐藤 拓海_369,55,男,会社員,東京都23区,3300000,honto,書籍,看護管理2025年4月号,2090,0,夕食後にカートを処理 / 安心のリピート
1405,23:25,佐藤 拓海_369,55,男,会社員,東京都23区,3300000,MUJI passport,日用品,無印良品 ポリプロピレン収納ケース 引出式M,1490,1,寝る前に思い立って / 安心のリピート
760,12:40,吉田 樹,56,男,看護師,埼玉県,5870000,Yahoo!ショッピング,日用品,除菌洗剤 業務用 4L,3110,0,ランチ食べながら / 安心のリピート
805,13:25,吉田 樹,56,男,看護師,埼玉県,5870000,Uniqlo online,アパレル,感動パンツ ウルトラライト ストレッチ ストレート (ブラック 32inch),3990,0,勤務中こっそり / 通勤新調
1195,19:55,吉田 樹,56,男,看護師,埼玉県,5870000,Amazon,サブスク,Amazon Prime 年会費 (1年),5900,0,夕食後にカートを処理 / 年次自動更新
1260,21:00,吉田 樹,56,男,看護師,埼玉県,5870000,honto,電子書籍,hontoポイント 1000円分,1000,1,夜のリラックス中に / 安心のリピート
1285,21:25,吉田 樹,56,男,看護師,埼玉県,5870000,Amazon,日用品,LION クリニカ アドバンテージ ハミガキ 130g x 3,1102,1,夜のリラックス中に / まとめ買い
1390,23:10,吉田 樹,56,男,看護師,埼玉県,5870000,MUJI passport,アパレル,無印良品 縦横ストレッチ 細身パンツ 黒 32inch,3990,1,寝る前に思い立って / 通勤用
795,13:15,山崎 義男,19,男,パート,神奈川県,1240000,Amazon,電化製品,ELECOM USB-C ハブ 7-in-1 4K HDMI,4999,0,ランチ食べながら / 在宅環境
1255,20:55,山崎 義男,19,男,パート,神奈川県,1240000,MUJI passport,アパレル,無印良品 縦横ストレッチ 細身パンツ 黒 32inch,3990,1,夜のリラックス中に / 通勤用
420,07:00,田中 誠,58,男,会社員,神奈川県,6970000,Yahoo!ショッピング,日用品,レノア 本格消臭 詰替 1320ml,986,0,朝の準備中ふと / PayPayキャンペーン
625,10:25,田中 誠,58,男,会社員,神奈川県,6970000,MUJI passport,アパレル,無印良品 縦横ストレッチ 細身パンツ 黒 32inch,3990,0,勤務中こっそり / 通勤用
845,14:05,田中 誠,58,男,会社員,神奈川県,6970000,MUJI passport,家具,無印良品 やわらかフィットソファ 1人掛け 用 カバー,4990,0,勤務中こっそり / 気分転換
1225,20:25,田中 誠,58,男,会社員,神奈川県,6970000,Uniqlo online,アパレル,リネンブレンド オープンカラー シャツ 半袖 (オフホワイト L),3990,1,夜のリラックス中に / 週末カジュアル
1325,22:05,田中 誠,58,男,会社員,神奈川県,6970000,MUJI passport,食品,無印良品 不揃いバウム メープル 5袋,1390,1,夜のリラックス中に / おやつストック
705,11:45,加藤 陽菜,56,女,工場勤務,栃木県,5660000,楽天市場,化粧品,KOSE 雪肌精 化粧水 200ml,3035,0,勤務中こっそり / 安心のリピート
1230,20:30,加藤 陽菜,56,女,工場勤務,栃木県,5660000,Amazon,電化製品,Anker PowerLine III USB-C ケーブル 1.8m,1290,1,夜のリラックス中に / 計画通り
1235,20:35,加藤 陽菜,56,女,工場勤務,栃木県,5660000,Amazon,コーヒー,UCC ザ ブレンド 114 レギュラーコーヒー 360g x 6,4468,1,夜のリラックス中に / 計画通り
1325,22:05,加藤 陽菜,56,女,工場勤務,栃木県,5660000,Uniqlo online,アパレル,ヒートテック クルーネックT 極暖 (グレー M),1990,1,夜のリラックス中に / 安心のリピート
1365,22:45,加藤 陽菜,56,女,工場勤務,栃木県,5660000,Uniqlo online,アパレル,ヒートテック クルーネックT 極暖 (グレー M),1990,1,夜のリラックス中に / 計画通り
1135,18:55,高橋 結衣,73,女,主婦・主夫,東京都23区,1040000,楽天市場,日用品,コストコ カークランド トイレットペーパー 30ロール,3757,0,夕食後にカートを処理 / 安心のリピート
1150,19:10,高橋 結衣,73,女,主婦・主夫,東京都23区,1040000,Uniqlo online,アパレル,感動パンツ ウルトラライト ストレッチ ストレート (ブラック 32inch),3990,0,夕食後にカートを処理 / 通勤新調
1000,16:40,山口 京子_375,36,女,会社員,埼玉県,7480000,Amazon,コーヒー,UCC ザ ブレンド 114 レギュラーコーヒー 360g x 6,4571,0,勤務中こっそり / 在宅用ストック
1130,18:50,山口 京子_375,36,女,会社員,埼玉県,7480000,MUJI passport,日用品,無印良品 化粧水 敏感肌用 高保湿 200ml,690,0,夕食後にカートを処理 / リピート
1170,19:30,山口 京子_375,36,女,会社員,埼玉県,7480000,MUJI passport,食品,無印良品 素材を生かしたカレー グリーン,350,0,夕食後にカートを処理 / ストック補充
1285,21:25,山口 京子_375,36,女,会社員,埼玉県,7480000,Amazon,電子書籍,Kindle ハイキュー!! 文庫版 1-3巻セット,1980,1,夜のリラックス中に / 懐かしい
1360,22:40,山口 京子_375,36,女,会社員,埼玉県,7480000,MUJI passport,日用品,無印良品 アロマオイル ラベンダー 10ml,1190,1,寝る前に思い立って / リラックス
1385,23:05,山口 京子_375,36,女,会社員,埼玉県,7480000,Yodobashi.com,電化製品,Panasonic ナノケアドライヤー EH-NA0J,33480,1,寝る前に思い立って / 髪質改善
1170,19:30,渡辺 心春,45,女,主婦・主夫,千葉県,1490000,Amazon,電子書籍,Kindle 三体III 死神永生 上,1820,0,夕食後にカートを処理 / 話題のSF
1215,20:15,渡辺 心春,45,女,主婦・主夫,千葉県,1490000,Yahoo!ショッピング,日用品,レノア 本格消臭 詰替 1320ml,1019,0,家族の話題から / PayPayキャンペーン
960,16:00,石川 孝雄,75,男,主婦・主夫,群馬県,1240000,Yahoo!ショッピング,日用品,除菌洗剤 業務用 4L,3042,0,子供の世話の合間に / PayPay祭
480,08:00,清水 貴志_378,46,男,会社員,埼玉県,6500000,honto,電子書籍,hontoポイント 1000円分,1000,1,通勤中ふと思い出して / 次回用ポイント購入
760,12:40,清水 貴志_378,46,男,会社員,埼玉県,6500000,Amazon,日用品,ピジョン 親子で使える泡シャンプー 詰替 350ml,700,0,ランチ食べながら / リピート
775,12:55,清水 貴志_378,46,男,会社員,埼玉県,6500000,MUJI passport,食品,無印良品 不揃いバウム メープル 5袋,1390,0,ランチ食べながら / おやつストック
780,13:00,清水 貴志_378,46,男,会社員,埼玉県,6500000,Yahoo!ショッピング,日用品,レノア 本格消臭 詰替 1320ml,985,0,勤務中こっそり / PayPayキャンペーン
825,13:45,清水 貴志_378,46,男,会社員,埼玉県,6500000,楽天市場,化粧品,KOSE 雪肌精 化粧水 200ml,3038,0,勤務中こっそり / リピート
1255,20:55,清水 貴志_378,46,男,会社員,埼玉県,6500000,Amazon,書籍,ジェイソン流お金の増やし方,1430,1,夜のリラックス中に / 投資勉強
1345,22:25,清水 貴志_378,46,男,会社員,埼玉県,6500000,楽天市場,食品,台湾カステラ 6個セット,2541,1,夜のリラックス中に / 話題スイーツ
1285,21:25,長谷川 杏,78,女,パート,東京都23区,1820000,MUJI passport,アパレル,無印良品 オーガニックコットン Vネック 半袖T 白 M,1490,1,夜のリラックス中に / 夏定番
490,08:10,伊藤 心春_380,33,女,会社員,東京都23区,5690000,楽天市場,化粧品,資生堂 マキアージュ ドラマティック ジェリー BB,3520,1,通勤中ふと思い出して / ポイント祭
1100,18:20,伊藤 心春_380,33,女,会社員,東京都23区,5690000,Uniqlo online,アパレル,ヒートテック クルーネックT 極暖 (グレー M),1990,1,通勤中ふと思い出して / 冬支度
1110,18:30,伊藤 心春_380,33,女,会社員,東京都23区,5690000,メルカリ,アパレル,MUJI 90s ヴィンテージ チノパン 31inch,3595,1,通勤中ふと思い出して / 古着趣味
1190,19:50,伊藤 心春_380,33,女,会社員,東京都23区,5690000,MUJI passport,日用品,無印良品 ポリプロピレン収納ケース 引出式M,1490,0,夕食後にカートを処理 / 整理用
1210,20:10,伊藤 心春_380,33,女,会社員,東京都23区,5690000,ZOZOTOWN,シューズ,CONVERSE All Star OX 黒 25cm,6600,1,夜のリラックス中に / 定番補充
1370,22:50,伊藤 心春_380,33,女,会社員,東京都23区,5690000,Amazon,書籍,達人プログラマー 第2版 (オーム社),3520,1,寝る前に思い立って / 技術書
840,14:00,斎藤 大翔,66,男,パート,神奈川県,2310000,MUJI passport,アパレル,無印良品 オーガニックコットン Vネック 半袖T 白 M,1490,0,勤務中こっそり / 夏定番
1335,22:15,斎藤 大翔,66,男,パート,神奈川県,2310000,楽天市場,食品,台湾カステラ 6個セット,2937,1,夜のリラックス中に / 話題スイーツ
405,06:45,岡田 拓海,50,男,教員,群馬県,8920000,Amazon,電化製品,Logicool MX Master 3S ワイヤレスマウス,15172,0,朝の準備中ふと / 新調
500,08:20,岡田 拓海,50,男,教員,群馬県,8920000,honto,書籍,看護管理2025年4月号,2090,0,勤務中こっそり / 仕事用
540,09:00,岡田 拓海,50,男,教員,群馬県,8920000,honto,書籍,THE THREE-BODY PROBLEM (English),2980,0,勤務中こっそり / 安心のリピート
620,10:20,岡田 拓海,50,男,教員,群馬県,8920000,楽天市場,化粧品,資生堂 マキアージュ ドラマティック ジェリー BB,3355,0,勤務中こっそり / ポイント祭
1125,18:45,岡田 拓海,50,男,教員,群馬県,8920000,MUJI passport,食品,無印良品 素材を生かしたカレー グリーン,350,0,夕食後にカートを処理 / ストック補充
1130,18:50,岡田 拓海,50,男,教員,群馬県,8920000,MUJI passport,食品,無印良品 素材を生かしたカレー グリーン,350,0,夕食後にカートを処理 / ストック補充
1050,17:30,森 莉子,28,女,看護師,茨城県,4440000,Amazon,電化製品,Anker PowerLine III USB-C ケーブル 1.8m,1290,0,勤務中こっそり / ケーブル断線
1260,21:00,森 莉子,28,女,看護師,茨城県,4440000,Yodobashi.com,電化製品,シャープ プラズマクラスター イオン発生機 IG-NX15,18800,1,夜のリラックス中に / 花粉対策
1270,21:10,森 莉子,28,女,看護師,茨城県,4440000,メルカリ,中古品,【動作確認済】Sony WH-1000XM4 黒 中古,19787,1,夜のリラックス中に / 新品より安い
1275,21:15,森 莉子,28,女,看護師,茨城県,4440000,ZOZOTOWN,アパレル,BEAMS HEART リネン ジャケット 7号,14300,1,夜のリラックス中に / コーデ用
1380,23:00,森 莉子,28,女,看護師,茨城県,4440000,Yodobashi.com,電化製品,シャープ プラズマクラスター イオン発生機 IG-NX15,18800,1,寝る前に思い立って / 花粉対策
555,09:15,井上 莉子,42,女,主婦・主夫,東京都23区,1650000,メルカリ,中古品,【動作確認済】Sony WH-1000XM4 黒 中古,22313,0,家事中スマホで / 新品より安い
870,14:30,井上 莉子,42,女,主婦・主夫,東京都23区,1650000,楽天市場,食品,讃岐うどん 半生 太麺 1kg,1338,0,ランチ食べながら / 在庫補充
1165,19:25,井上 莉子,42,女,主婦・主夫,東京都23区,1650000,Amazon,電化製品,Anker PowerLine III USB-C ケーブル 1.8m,1290,0,夕食後にカートを処理 / ケーブル断線
1170,19:30,井上 莉子,42,女,主婦・主夫,東京都23区,1650000,楽天市場,日用品,除菌できるウェットティッシュ 100枚 x 8パック,1823,0,夕食後にカートを処理 / ポイント10倍
925,15:25,中村 悠人,78,男,退職,東京都23区,2050000,MUJI passport,アパレル,無印良品 オーガニックコットン Vネック 半袖T 白 M,1490,1,午後のくつろぎ中に / 夏定番
1105,18:25,中村 悠人,78,男,退職,東京都23区,2050000,楽天市場,食品,台湾カステラ 6個セット,2517,0,夕食後にカートを処理 / 話題スイーツ
480,08:00,池田 由美,75,女,退職,神奈川県,2250000,honto,電子書籍,hontoポイント 1000円分,1000,1,朝のゆっくり時間に / 計画通り
955,15:55,池田 由美,75,女,退職,神奈川県,2250000,Amazon,書籍,達人プログラマー 第2版 (オーム社),3520,1,午後のくつろぎ中に / 技術書
675,11:15,渡辺 由美,44,女,教員,東京都23区,3840000,MUJI passport,アパレル,無印良品 縦横ストレッチ 細身パンツ 黒 32inch,3990,0,勤務中こっそり / 通勤用
1040,17:20,渡辺 由美,44,女,教員,東京都23区,3840000,Oisix,食品,Oisix おうちレストラン 旬の野菜セット,3980,0,勤務中こっそり / 安心のリピート
1135,18:55,渡辺 由美,44,女,教員,東京都23区,3840000,Uniqlo online,アパレル,感動パンツ ウルトラライト ストレッチ ストレート (ブラック 32inch),3990,0,夕食後にカートを処理 / 通勤新調
1285,21:25,渡辺 由美,44,女,教員,東京都23区,3840000,iHerb,サプリ,Solgar 鉄分 25mg 90粒,1708,1,夜のリラックス中に / 貧血対策
1295,21:35,渡辺 由美,44,女,教員,東京都23区,3840000,Amazon,食品,カゴメ 野菜一日これ一本 200ml x 24本,2704,1,夜のリラックス中に / 朝の野菜
530,08:50,加藤 芽依,75,女,退職,埼玉県,2490000,honto,書籍,看護管理2025年4月号,2090,1,朝のゆっくり時間に / 安心のリピート
1240,20:40,加藤 芽依,75,女,退職,埼玉県,2490000,Yahoo!ショッピング,日用品,レノア 本格消臭 詰替 1320ml,989,1,TVショッピング見て / 安心のリピート
905,15:05,後藤 孝雄,35,男,デザイナー,埼玉県,3050000,honto,電子書籍,hontoポイント 1000円分,1000,0,仕事の合間に / 次回用ポイント購入
1085,18:05,後藤 孝雄,35,男,デザイナー,埼玉県,3050000,Uniqlo online,アパレル,リネンブレンド オープンカラー シャツ 半袖 (オフホワイト L),3990,0,夕食後にカートを処理 / 週末カジュアル
1220,20:20,後藤 孝雄,35,男,デザイナー,埼玉県,3050000,Amazon,食品,カルビー フルグラ 800g x 3,2717,1,夜のリラックス中に / 安心のリピート
1240,20:40,後藤 孝雄,35,男,デザイナー,埼玉県,3050000,楽天市場,日用品,コストコ カークランド トイレットペーパー 30ロール,3839,1,夜のリラックス中に / 安心のリピート
1350,22:30,後藤 孝雄,35,男,デザイナー,埼玉県,3050000,Uniqlo online,アパレル,リネンブレンド オープンカラー シャツ 半袖 (オフホワイト L),3990,1,夜のリラックス中に / 計画通り
1205,20:05,加藤 麻衣,62,女,ITエンジニア,神奈川県,9280000,MUJI passport,日用品,無印良品 ポリプロピレン収納ケース 引出式M,1490,1,夜のリラックス中に / 安心のリピート
1330,22:10,加藤 麻衣,62,女,ITエンジニア,神奈川県,9280000,honto,電子書籍,hontoポイント 1000円分,1000,1,夜のリラックス中に / 次回用ポイント購入
1310,21:50,斎藤 颯太,67,男,工場勤務,東京都23区,2390000,Uniqlo online,アパレル,エアリズム コットン クルーネックT 半袖 (ネイビー L),1290,1,夜のリラックス中に / 安心のリピート
1360,22:40,斎藤 颯太,67,男,工場勤務,東京都23区,2390000,Uniqlo online,アパレル,感動パンツ ウルトラライト ストレッチ ストレート (ブラック 32inch),3990,1,夜のリラックス中に / 通勤新調
780,13:00,佐々木 達也_392,71,男,退職,神奈川県,2480000,honto,書籍,夜は短し歩けよ乙女 (角川文庫),770,1,お昼のひと息に / 再読
1230,20:30,佐々木 達也_392,71,男,退職,神奈川県,2480000,Yahoo!ショッピング,日用品,除菌洗剤 業務用 4L,2918,1,TVショッピング見て / PayPay祭
425,07:05,小林 義男,48,男,飲食店,東京都市部,3590000,Yahoo!ショッピング,日用品,除菌洗剤 業務用 4L,3108,0,朝の準備中ふと / PayPay祭
785,13:05,小林 義男,48,男,飲食店,東京都市部,3590000,Amazon,サブスク,Amazon Prime 年会費 (1年),5900,0,ランチ食べながら / 年次自動更新
790,13:10,小林 義男,48,男,飲食店,東京都市部,3590000,Amazon,日用品,ファブリーズ 衣類消臭スプレー 370ml x 2,1015,0,ランチ食べながら / 切らした
1265,21:05,小林 義男,48,男,飲食店,東京都市部,3590000,Amazon,サブスク,Kindle Unlimited 3ヶ月分,2940,1,夜のリラックス中に / 読み放題
1345,22:25,小林 義男,48,男,飲食店,東京都市部,3590000,Uniqlo online,アパレル,感動パンツ ウルトラライト ストレッチ ストレート (ブラック 32inch),3990,1,夜のリラックス中に / 通勤新調
710,11:50,藤田 貴志,50,男,工場勤務,神奈川県,5460000,Uniqlo online,アパレル,感動パンツ ウルトラライト ストレッチ ストレート (ブラック 32inch),3990,0,勤務中こっそり / 通勤新調
870,14:30,藤田 貴志,50,男,工場勤務,神奈川県,5460000,Amazon,電子書籍,Kindle ハイキュー!! 文庫版 1-3巻セット,1980,0,勤務中こっそり / 懐かしい
1000,16:40,藤田 貴志,50,男,工場勤務,神奈川県,5460000,Uniqlo online,アパレル,リネンブレンド オープンカラー シャツ 半袖 (オフホワイト L),3990,0,勤務中こっそり / 週末カジュアル
1340,22:20,藤田 貴志,50,男,工場勤務,神奈川県,5460000,honto,書籍,夜は短し歩けよ乙女 (角川文庫),770,1,夜のリラックス中に / 再読
1175,19:35,山田 節子_395,60,女,主婦・主夫,東京都23区,1790000,Amazon,電子書籍,Kindle ハイキュー!! 文庫版 1-3巻セット,1980,0,夕食後にカートを処理 / 懐かしい
1265,21:05,山田 節子_395,60,女,主婦・主夫,東京都23区,1790000,Amazon,電化製品,ELECOM USB-C ハブ 7-in-1 4K HDMI,4982,0,家族の話題から / 在宅環境
620,10:20,中村 結愛_396,74,女,退職,神奈川県,1430000,Yahoo!ショッピング,日用品,除菌洗剤 業務用 4L,2926,1,朝のゆっくり時間に / 安心のリピート
1035,17:15,中村 結愛_396,74,女,退職,神奈川県,1430000,MUJI passport,日用品,無印良品 化粧水 敏感肌用 高保湿 200ml,690,1,午後のくつろぎ中に / リピート
415,06:55,小林 綾,55,女,会社員,埼玉県,5960000,Apple,アクセサリ,AirPods Pro イヤーチップ XSサイズ,880,0,朝の準備中ふと / 安心のリピート
475,07:55,小林 綾,55,女,会社員,埼玉県,5960000,MUJI passport,家具,無印良品 やわらかフィットソファ 1人掛け 用 カバー,4990,1,通勤中ふと思い出して / 気分転換
830,13:50,小林 綾,55,女,会社員,埼玉県,5960000,楽天市場,食品,台湾カステラ 6個セット,2551,0,勤務中こっそり / 話題スイーツ
1130,18:50,小林 綾,55,女,会社員,埼玉県,5960000,楽天市場,食品,北海道産 ホタテ貝柱 1kg 訳あり,8447,0,夕食後にカートを処理 / ポイント10倍
1190,19:50,小林 綾,55,女,会社員,埼玉県,5960000,honto,書籍,夜は短し歩けよ乙女 (角川文庫),770,0,夕食後にカートを処理 / 再読
1205,20:05,小林 綾,55,女,会社員,埼玉県,5960000,MUJI passport,食品,無印良品 素材を生かしたカレー グリーン,350,1,夜のリラックス中に / 安心のリピート
1350,22:30,小林 綾,55,女,会社員,埼玉県,5960000,Uniqlo online,アパレル,ヒートテック クルーネックT 極暖 (グレー M),1990,1,寝る前に思い立って / 冬支度
1140,19:00,長谷川 拓海,41,男,ITエンジニア,東京都23区,4460000,Yahoo!ショッピング,日用品,除菌洗剤 業務用 4L,2971,0,夕食後にカートを処理 / PayPay祭
1160,19:20,長谷川 拓海,41,男,ITエンジニア,東京都23区,4460000,Amazon,電化製品,Anker PowerLine III USB-C ケーブル 1.8m,1290,0,夕食後にカートを処理 / ケーブル断線
1210,20:10,長谷川 拓海,41,男,ITエンジニア,東京都23区,4460000,Amazon,日用品,クイックル ワイパー 立体吸着 ウェット 32枚,1125,1,夜のリラックス中に / リピート
1315,21:55,長谷川 拓海,41,男,ITエンジニア,東京都23区,4460000,Amazon,電化製品,ELECOM USB-C ハブ 7-in-1 4K HDMI,5060,1,夜のリラックス中に / 安心のリピート
1335,22:15,長谷川 拓海,41,男,ITエンジニア,東京都23区,4460000,Uniqlo online,アパレル,ヒートテック クルーネックT 極暖 (グレー M),1990,1,夜のリラックス中に / 冬支度
810,13:30,伊藤 拓海_399,65,男,退職,東京都市部,4470000,楽天市場,食品,讃岐うどん 半生 太麺 1kg,1398,1,お昼のひと息に / 在庫補充
875,14:35,伊藤 拓海_399,65,男,退職,東京都市部,4470000,Amazon,コーヒー,Blue Bottle Coffee ベラ ドノヴァン 200g,1933,1,午後のくつろぎ中に / リピート
485,08:05,池田 大翔_400,53,男,会社員,東京都23区,7560000,Uniqlo online,アパレル,ヒートテック クルーネックT 極暖 (グレー M),1990,1,通勤中ふと思い出して / 冬支度
725,12:05,池田 大翔_400,53,男,会社員,東京都23区,7560000,honto,電子書籍,hontoポイント 1000円分,1000,0,ランチ食べながら / 次回用ポイント購入
925,15:25,池田 大翔_400,53,男,会社員,東京都23区,7560000,BUYMA,ブランド品,【関税送料込】Hermès Twilly スカーフ 復刻柄,26596,0,勤務中こっそり / ギフト用
1215,20:15,池田 大翔_400,53,男,会社員,東京都23区,7560000,MUJI passport,日用品,無印良品 ポリプロピレン収納ケース 引出式M,1490,1,夜のリラックス中に / 整理用
1240,20:40,池田 大翔_400,53,男,会社員,東京都23区,7560000,Yahoo!ショッピング,日用品,レノア 本格消臭 詰替 1320ml,1029,1,夜のリラックス中に / PayPayキャンペーン
855,14:15,橋本 誠,51,男,デザイナー,栃木県,10180000,Amazon,サブスク,Kindle Unlimited 3ヶ月分,2940,0,仕事の合間に / 読み放題
1100,18:20,橋本 誠,51,男,デザイナー,栃木県,10180000,Uniqlo online,アパレル,ヒートテック クルーネックT 極暖 (グレー M),1990,0,夕食後にカートを処理 / 冬支度
1110,18:30,橋本 誠,51,男,デザイナー,栃木県,10180000,Amazon,電子書籍,Kindle 三体III 死神永生 上,1820,0,夕食後にカートを処理 / 話題のSF
1205,20:05,橋本 誠,51,男,デザイナー,栃木県,10180000,Amazon,電子書籍,Kindle 三体III 死神永生 上,1820,1,夜のリラックス中に / 話題のSF
1250,20:50,橋本 誠,51,男,デザイナー,栃木県,10180000,BUYMA,ブランド品,【関税送料込】Hermès Twilly スカーフ 復刻柄,26418,1,夜のリラックス中に / ギフト用
1260,21:00,橋本 誠,51,男,デザイナー,栃木県,10180000,BUYMA,ブランド品,【関税送料込】Hermès Twilly スカーフ 復刻柄,23926,1,夜のリラックス中に / ギフト用
730,12:10,山田 芽依,63,女,デザイナー,東京都23区,3050000,Yahoo!ショッピング,日用品,除菌洗剤 業務用 4L,2880,0,ランチ食べながら / 安心のリピート
1110,18:30,山田 芽依,63,女,デザイナー,東京都23区,3050000,MUJI passport,アパレル,無印良品 縦横ストレッチ 細身パンツ 黒 32inch,3990,0,夕食後にカートを処理 / 安心のリピート
1155,19:15,山田 芽依,63,女,デザイナー,東京都23区,3050000,MUJI passport,家具,無印良品 体にフィットするソファ 用 カバー,5990,0,夕食後にカートを処理 / 汚れ補充
415,06:55,藤田 節子_403,34,女,会社員,東京都市部,5230000,ZOZOTOWN,シューズ,New Balance 327 グレー x ホワイト 24cm,12100,0,朝の準備中ふと / 新色気になって
465,07:45,藤田 節子_403,34,女,会社員,東京都市部,5230000,iHerb,サプリ,Solgar 鉄分 25mg 90粒,1497,1,通勤中ふと思い出して / 貧血対策
1050,17:30,藤田 節子_403,34,女,会社員,東京都市部,5230000,ZOZOTOWN,アパレル,SLY オーバーサイズ スウェット M ベージュ,8800,0,勤務中こっそり / 韓国っぽい
1160,19:20,藤田 節子_403,34,女,会社員,東京都市部,5230000,メルカリ,アパレル,【未使用】GU リブニットワンピース ベージュ M,1529,0,夕食後にカートを処理 / 試したい色
1165,19:25,藤田 節子_403,34,女,会社員,東京都市部,5230000,ZOZOTOWN,アパレル,steven alan 別注 ボーダー T ホワイト x ネイビー,7700,0,夕食後にカートを処理 / ZOZO特集
1180,19:40,藤田 節子_403,34,女,会社員,東京都市部,5230000,ZOZOTOWN,シューズ,New Balance 327 グレー x ホワイト 24cm,12100,0,夕食後にカートを処理 / 新色気になって
1355,22:35,藤田 節子_403,34,女,会社員,東京都市部,5230000,楽天市場,化粧品,資生堂 マキアージュ ドラマティック ジェリー BB,3418,1,寝る前に思い立って / ポイント祭
485,08:05,吉田 誠,58,男,会社員,茨城県,7820000,Amazon,日用品,エリエール 消臭+ トイレットペーパー 12ロール ダブル,621,1,通勤中ふと思い出して / ストック切れ
730,12:10,吉田 誠,58,男,会社員,茨城県,7820000,メルカリ,アパレル,MUJI 90s ヴィンテージ チノパン 31inch,4151,0,ランチ食べながら / 古着趣味
1345,22:25,吉田 誠,58,男,会社員,茨城県,7820000,Uniqlo online,アパレル,ヒートテック クルーネックT 極暖 (グレー M),1990,1,夜のリラックス中に / 冬支度
1375,22:55,吉田 誠,58,男,会社員,茨城県,7820000,Uniqlo online,アパレル,ヒートテック クルーネックT 極暖 (グレー M),1990,1,寝る前に思い立って / 冬支度
1390,23:10,吉田 誠,58,男,会社員,茨城県,7820000,Yahoo!ショッピング,日用品,除菌洗剤 業務用 4L,3248,1,寝る前に思い立って / PayPay祭
645,10:45,松本 正樹_405,46,男,経営者・役員,東京都23区,13300000,Amazon,食品,カゴメ 野菜一日これ一本 200ml x 24本,2663,0,勤務中こっそり / 朝の野菜
1120,18:40,松本 正樹_405,46,男,経営者・役員,東京都23区,13300000,Yahoo!ショッピング,日用品,除菌洗剤 業務用 4L,2973,1,通勤中ふと思い出して / PayPay祭
1140,19:00,松本 正樹_405,46,男,経営者・役員,東京都23区,13300000,MUJI passport,食品,無印良品 素材を生かしたカレー グリーン,350,0,夕食後にカートを処理 / ストック補充
1190,19:50,松本 正樹_405,46,男,経営者・役員,東京都23区,13300000,MUJI passport,食品,無印良品 素材を生かしたカレー グリーン,350,0,夕食後にカートを処理 / ストック補充
1240,20:40,松本 正樹_405,46,男,経営者・役員,東京都23区,13300000,Amazon,日用品,エリエール 消臭+ トイレットペーパー 12ロール ダブル,654,1,夜のリラックス中に / ストック切れ
420,07:00,井上 正樹,31,男,会社員,東京都23区,3780000,Uniqlo online,アパレル,リネンブレンド オープンカラー シャツ 半袖 (オフホワイト L),3990,0,朝の準備中ふと / 安心のリピート
735,12:15,井上 正樹,31,男,会社員,東京都23区,3780000,Amazon,電化製品,ELECOM USB-C ハブ 7-in-1 4K HDMI,5123,0,ランチ食べながら / 安心のリピート
945,15:45,井上 正樹,31,男,会社員,東京都23区,3780000,MUJI passport,日用品,無印良品 アロマオイル ラベンダー 10ml,1190,0,勤務中こっそり / 安心のリピート
1135,18:55,井上 正樹,31,男,会社員,東京都23区,3780000,ZOZOTOWN,シューズ,New Balance 327 グレー x ホワイト 24cm,12100,0,夕食後にカートを処理 / 計画通り
1185,19:45,井上 正樹,31,男,会社員,東京都23区,3780000,MUJI passport,アパレル,無印良品 オーガニックコットン Vネック 半袖T 白 M,1490,0,夕食後にカートを処理 / 夏定番
590,09:50,加藤 理恵_407,25,女,会社員,東京都市部,2800000,iHerb,食品,California Gold ナッツミックス 907g,2519,0,勤務中こっそり / 間食用
680,11:20,加藤 理恵_407,25,女,会社員,東京都市部,2800000,Uniqlo online,アパレル,ヒートテック クルーネックT 極暖 (グレー M),1990,0,勤務中こっそり / 冬支度
885,14:45,加藤 理恵_407,25,女,会社員,東京都市部,2800000,honto,書籍,THE THREE-BODY PROBLEM (English),2980,0,勤務中こっそり / 原書チャレンジ
1310,21:50,加藤 理恵_407,25,女,会社員,東京都市部,2800000,Uniqlo online,アパレル,感動パンツ ウルトラライト ストレッチ ストレート (ブラック 32inch),3990,1,夜のリラックス中に / 安心のリピート
415,06:55,山崎 美咲,27,女,会社員,千葉県,3920000,ZOZOTOWN,アパレル,nano universe テーパード パンツ 9号,11000,0,朝の準備中ふと / オフィス用
525,08:45,山崎 美咲,27,女,会社員,千葉県,3920000,メルカリ,本,【美品】コンサル一年目が学ぶこと,961,0,勤務中こっそり / 後輩から推薦
680,11:20,山崎 美咲,27,女,会社員,千葉県,3920000,Amazon,電子書籍,Kindle ハイキュー!! 文庫版 1-3巻セット,1980,0,勤務中こっそり / 懐かしい
1135,18:55,山崎 美咲,27,女,会社員,千葉県,3920000,ZOZOTOWN,アパレル,SLY オーバーサイズ スウェット M ベージュ,8800,0,夕食後にカートを処理 / 韓国っぽい
1255,20:55,山崎 美咲,27,女,会社員,千葉県,3920000,iHerb,化粧品,CeraVe フェイシャル モイスチャライザー 89ml,2483,1,夜のリラックス中に / 海外定番
435,07:15,池田 彩花,21,女,パート,群馬県,800000,SHEIN,アパレル,SHEIN オーバーサイズ Tシャツ 白 L,979,0,朝の準備中ふと / 色違いまとめ
1275,21:15,池田 彩花,21,女,パート,群馬県,800000,Uniqlo online,アパレル,感動パンツ ウルトラライト ストレッチ ストレート (ブラック 32inch),3990,1,夜のリラックス中に / 通勤新調
590,09:50,橋本 智子,37,女,会社員,東京都市部,6410000,Uniqlo online,アパレル,ヒートテック クルーネックT 極暖 (グレー M),1990,0,勤務中こっそり / 新製品が気になって
1035,17:15,橋本 智子,37,女,会社員,東京都市部,6410000,Uniqlo online,アパレル,ヒートテック クルーネックT 極暖 (グレー M),1990,0,勤務中こっそり / 新製品が気になって
1155,19:15,橋本 智子,37,女,会社員,東京都市部,6410000,MUJI passport,日用品,無印良品 化粧水 敏感肌用 高保湿 200ml,690,0,夕食後にカートを処理 / リピート
1230,20:30,橋本 智子,37,女,会社員,東京都市部,6410000,iHerb,化粧品,CeraVe フェイシャル モイスチャライザー 89ml,2507,1,夜のリラックス中に / 新製品が気になって
1240,20:40,橋本 智子,37,女,会社員,東京都市部,6410000,Amazon,日用品,クイックル ワイパー 立体吸着 ウェット 32枚,1033,1,夜のリラックス中に / リピート
1270,21:10,橋本 智子,37,女,会社員,東京都市部,6410000,Amazon,食品,カルビー フルグラ 800g x 3,2861,1,夜のリラックス中に / 朝食まとめ
1345,22:25,橋本 智子,37,女,会社員,東京都市部,6410000,Oisix,食品,Oisix おうちレストラン 旬の野菜セット,3980,1,夜のリラックス中に / 週末まとめ
1170,19:30,石川 悠人_411,59,男,販売員,栃木県,3790000,Yahoo!ショッピング,日用品,除菌洗剤 業務用 4L,3115,0,夕食後にカートを処理 / PayPay祭
1240,20:40,石川 悠人_411,59,男,販売員,栃木県,3790000,MUJI passport,家具,無印良品 ポリエステル 綿フランネル こたつ布団,9990,1,夜のリラックス中に / 冬支度
1270,21:10,石川 悠人_411,59,男,販売員,栃木県,3790000,楽天市場,食品,台湾カステラ 6個セット,2887,1,夜のリラックス中に / 話題スイーツ
1325,22:05,石川 悠人_411,59,男,販売員,栃木県,3790000,Amazon,電化製品,ELECOM USB-C ハブ 7-in-1 4K HDMI,6140,1,夜のリラックス中に / 在宅環境
1350,22:30,石川 悠人_411,59,男,販売員,栃木県,3790000,Uniqlo online,アパレル,ヒートテック クルーネックT 極暖 (グレー M),1990,1,夜のリラックス中に / 冬支度
465,07:45,池田 美咲,64,女,主婦・主夫,栃木県,800000,Yahoo!ショッピング,日用品,レノア 本格消臭 詰替 1320ml,1038,0,朝の準備中ふと / PayPayキャンペーン
1300,21:40,池田 美咲,64,女,主婦・主夫,栃木県,800000,Uniqlo online,アパレル,リネンブレンド オープンカラー シャツ 半袖 (オフホワイト L),3990,0,家族の話題から / 計画通り
455,07:35,前田 浩二_413,45,男,工場勤務,神奈川県,4530000,楽天市場,日用品,除菌できるウェットティッシュ 100枚 x 8パック,1527,0,朝の準備中ふと / ポイント10倍
855,14:15,前田 浩二_413,45,男,工場勤務,神奈川県,4530000,Amazon,電化製品,Anker PowerLine III USB-C ケーブル 1.8m,1290,0,勤務中こっそり / ケーブル断線
1255,20:55,前田 浩二_413,45,男,工場勤務,神奈川県,4530000,honto,書籍,夜は短し歩けよ乙女 (角川文庫),770,1,夜のリラックス中に / 再読
1270,21:10,前田 浩二_413,45,男,工場勤務,神奈川県,4530000,honto,電子書籍,hontoポイント 1000円分,1000,1,夜のリラックス中に / 次回用ポイント購入
715,11:55,山本 智也,51,男,教員,栃木県,5310000,Uniqlo online,アパレル,ヒートテック クルーネックT 極暖 (グレー M),1990,0,勤務中こっそり / 冬支度
820,13:40,山本 智也,51,男,教員,栃木県,5310000,Amazon,日用品,LION クリニカ アドバンテージ ハミガキ 130g x 3,1216,0,勤務中こっそり / まとめ買い
1120,18:40,山本 智也,51,男,教員,栃木県,5310000,Apple,アクセサリ,Apple Watch スポーツバンド 42mm ブラック,6800,1,通勤中ふと思い出して / 気分転換
1180,19:40,山本 智也,51,男,教員,栃木県,5310000,MUJI passport,食品,無印良品 素材を生かしたカレー グリーン,350,0,夕食後にカートを処理 / ストック補充
1215,20:15,山本 智也,51,男,教員,栃木県,5310000,Amazon,電化製品,Logicool MX Master 3S ワイヤレスマウス,15672,1,夜のリラックス中に / 新調
1375,22:55,山本 智也,51,男,教員,栃木県,5310000,Uniqlo online,アパレル,感動パンツ ウルトラライト ストレッチ ストレート (ブラック 32inch),3990,1,寝る前に思い立って / 通勤新調
1405,23:25,山本 智也,51,男,教員,栃木県,5310000,楽天市場,化粧品,KOSE 雪肌精 化粧水 200ml,2912,1,寝る前に思い立って / リピート
705,11:45,石川 貴志_415,29,男,パート,埼玉県,1150000,Uniqlo online,アパレル,ヒートテック クルーネックT 極暖 (グレー M),1990,0,勤務中こっそり / 冬支度
1200,20:00,石川 貴志_415,29,男,パート,埼玉県,1150000,ZOZOTOWN,シューズ,CONVERSE All Star OX 黒 25cm,6600,0,夕食後にカートを処理 / 定番補充
1100,18:20,伊藤 雄太,53,男,会社員,千葉県,3280000,MUJI passport,日用品,無印良品 アロマオイル ラベンダー 10ml,1190,1,通勤中ふと思い出して / リラックス
1195,19:55,伊藤 雄太,53,男,会社員,千葉県,3280000,Amazon,電化製品,Anker PowerLine III USB-C ケーブル 1.8m,1290,0,夕食後にカートを処理 / ケーブル断線
1255,20:55,伊藤 雄太,53,男,会社員,千葉県,3280000,Uniqlo online,アパレル,感動パンツ ウルトラライト ストレッチ ストレート (ブラック 32inch),3990,1,夜のリラックス中に / 通勤新調
1330,22:10,伊藤 雄太,53,男,会社員,千葉県,3280000,Uniqlo online,アパレル,ヒートテック クルーネックT 極暖 (グレー M),1990,1,夜のリラックス中に / 冬支度
1345,22:25,伊藤 雄太,53,男,会社員,千葉県,3280000,楽天市場,日用品,除菌できるウェットティッシュ 100枚 x 8パック,1574,1,夜のリラックス中に / ポイント10倍
870,14:30,田中 美穂,33,女,会社員,東京都23区,4910000,MUJI passport,食品,無印良品 素材を生かしたカレー グリーン,350,0,勤務中こっそり / ストック補充
1070,17:50,田中 美穂,33,女,会社員,東京都23区,4910000,MUJI passport,日用品,無印良品 ポリプロピレン収納ケース 引出式M,1490,0,勤務中こっそり / 整理用
1345,22:25,田中 美穂,33,女,会社員,東京都23区,4910000,MUJI passport,食品,無印良品 不揃いバウム メープル 5袋,1390,1,夜のリラックス中に / おやつストック
1350,22:30,田中 美穂,33,女,会社員,東京都23区,4910000,iHerb,食品,California Gold ナッツミックス 907g,2509,1,寝る前に思い立って / 間食用
1395,23:15,田中 美穂,33,女,会社員,東京都23区,4910000,Amazon,電化製品,Anker PowerLine III USB-C ケーブル 1.8m,1290,1,寝る前に思い立って / ケーブル断線
535,08:55,斎藤 雄太,67,男,退職,群馬県,4700000,Amazon,電化製品,Anker 737 Power Bank 24000mAh 140W,20147,1,朝のゆっくり時間に / 出張用
550,09:10,斎藤 雄太,67,男,退職,群馬県,4700000,Uniqlo online,アパレル,ヒートテック クルーネックT 極暖 (グレー M),1990,1,朝のゆっくり時間に / 冬支度
770,12:50,佐々木 正樹,22,男,大学生,茨城県,800000,メルカリ,本,【美品】コンサル一年目が学ぶこと,909,0,勉強の息抜きに / 後輩から推薦
945,15:45,佐々木 正樹,22,男,大学生,茨城県,800000,Uniqlo online,アパレル,ヒートテック クルーネックT 極暖 (グレー M),1990,0,勉強の息抜きに / 冬支度
855,14:15,岡田 正樹_420,75,男,主婦・主夫,東京都23区,800000,メルカリ,ホビー,プラモデル HG ガンダムエアリアル 未組立,1904,0,ランチ食べながら / 積みプラ追加
1175,19:35,岡田 正樹_420,75,男,主婦・主夫,東京都23区,800000,Amazon,電子書籍,Kindle ハイキュー!! 文庫版 1-3巻セット,1980,0,夕食後にカートを処理 / 懐かしい
490,08:10,山口 杏,71,女,パート,群馬県,1710000,iHerb,食品,California Gold ナッツミックス 907g,2488,0,朝の準備中ふと / 間食用
1290,21:30,山口 杏,71,女,パート,群馬県,1710000,iHerb,サプリ,Now Foods マルチビタミン ADAM 90粒,2709,1,夜のリラックス中に / 夫向け
510,08:30,高橋 悦子,48,女,ITエンジニア,栃木県,12450000,Yahoo!ショッピング,日用品,レノア 本格消臭 詰替 1320ml,1052,0,朝の準備中ふと / PayPayキャンペーン
1060,17:40,高橋 悦子,48,女,ITエンジニア,栃木県,12450000,楽天市場,化粧品,KOSE 雪肌精 化粧水 200ml,2929,0,仕事の合間に / リピート
1085,18:05,高橋 悦子,48,女,ITエンジニア,栃木県,12450000,Amazon,電子書籍,Kindle 三体III 死神永生 上,1820,0,夕食後にカートを処理 / 話題のSF
1090,18:10,高橋 悦子,48,女,ITエンジニア,栃木県,12450000,Amazon,日用品,LION クリニカ アドバンテージ ハミガキ 130g x 3,1069,0,夕食後にカートを処理 / まとめ買い
1100,18:20,高橋 悦子,48,女,ITエンジニア,栃木県,12450000,Uniqlo online,アパレル,エアリズム コットン クルーネックT 半袖 (ネイビー L),1290,0,夕食後にカートを処理 / 夏前リピート
1175,19:35,高橋 悦子,48,女,ITエンジニア,栃木県,12450000,iHerb,サプリ,California Gold ビタミンC 1000mg 240粒,2218,1,夜のリラックス中に / 風邪予防
1220,20:20,高橋 悦子,48,女,ITエンジニア,栃木県,12450000,Oisix,食品,Kit Oisix 牛肉と野菜のチンジャオロース 2人前,1580,1,夜のリラックス中に / 今夜の献立
1245,20:45,高橋 悦子,48,女,ITエンジニア,栃木県,12450000,Amazon,電子書籍,Kindle 三体III 死神永生 上,1820,1,夜のリラックス中に / 話題のSF
780,13:00,長谷川 彩花,75,女,パート,栃木県,1680000,楽天市場,日用品,除菌できるウェットティッシュ 100枚 x 8パック,1515,0,ランチ食べながら / ポイント10倍
1375,22:55,長谷川 彩花,75,女,パート,栃木県,1680000,MUJI passport,食品,無印良品 素材を生かしたカレー グリーン,350,1,夜のリラックス中に / ストック補充
970,16:10,佐藤 悦子,40,女,教員,埼玉県,7090000,Uniqlo online,アパレル,リネンブレンド オープンカラー シャツ 半袖 (オフホワイト L),3990,0,勤務中こっそり / 安心のリピート
1120,18:40,佐藤 悦子,40,女,教員,埼玉県,7090000,Uniqlo online,アパレル,リネンブレンド オープンカラー シャツ 半袖 (オフホワイト L),3990,1,通勤中ふと思い出して / 安心のリピート
1175,19:35,佐藤 悦子,40,女,教員,埼玉県,7090000,Amazon,書籍,成瀬は天下を取りに行く (新潮社),1705,0,夕食後にカートを処理 / 本屋大賞
1215,20:15,佐藤 悦子,40,女,教員,埼玉県,7090000,MUJI passport,食品,無印良品 素材を生かしたカレー グリーン,350,1,夜のリラックス中に / ストック補充
1235,20:35,佐藤 悦子,40,女,教員,埼玉県,7090000,iHerb,サプリ,Now Foods マルチビタミン ADAM 90粒,2520,1,夜のリラックス中に / 夫向け
1330,22:10,佐藤 悦子,40,女,教員,埼玉県,7090000,MUJI passport,家具,無印良品 やわらかフィットソファ 1人掛け 用 カバー,4990,1,夜のリラックス中に / 気分転換
1170,19:30,岡田 千尋,63,女,デザイナー,東京都市部,3230000,Yahoo!ショッピング,日用品,レノア 本格消臭 詰替 1320ml,1036,1,夜のリラックス中に / 安心のリピート
1265,21:05,岡田 千尋,63,女,デザイナー,東京都市部,3230000,Uniqlo online,アパレル,ヒートテック クルーネックT 極暖 (グレー M),1990,1,夜のリラックス中に / 安心のリピート
815,13:35,松本 理恵,30,女,パート,埼玉県,2080000,iHerb,サプリ,California Gold ビタミンC 1000mg 240粒,2400,0,ランチ食べながら / 風邪予防
1170,19:30,松本 理恵,30,女,パート,埼玉県,2080000,honto,電子書籍,hontoポイント 1000円分,1000,0,夕食後にカートを処理 / 次回用ポイント購入
1180,19:40,松本 理恵,30,女,パート,埼玉県,2080000,Uniqlo online,アパレル,エアリズム コットン クルーネックT 半袖 (ネイビー L),1290,0,夕食後にカートを処理 / 夏前リピート
1220,20:20,松本 理恵,30,女,パート,埼玉県,2080000,Amazon,食品,カルビー フルグラ 800g x 3,2974,0,夕食後にカートを処理 / 朝食まとめ
545,09:05,中村 彩_427,22,女,大学生,東京都23区,800000,Amazon,コーヒー,猿田彦珈琲 大吉ブレンド ドリップバッグ 10個,1856,0,勉強の息抜きに / 気分転換
550,09:10,中村 彩_427,22,女,大学生,東京都23区,800000,SHEIN,アパレル,SHEIN プリーツミニスカート 黒 Sサイズ,1329,0,勉強の息抜きに / TikTok で見て
450,07:30,橋本 浩二,27,男,会社員,東京都23区,3380000,メルカリ,中古品,【動作確認済】Sony WH-1000XM4 黒 中古,21767,1,通勤中ふと思い出して / 新品より安い
595,09:55,橋本 浩二,27,男,会社員,東京都23区,3380000,メルカリ,アパレル,MUJI 90s ヴィンテージ チノパン 31inch,2929,0,勤務中こっそり / 古着趣味
1145,19:05,橋本 浩二,27,男,会社員,東京都23区,3380000,メルカリ,中古品,【動作確認済】Sony WH-1000XM4 黒 中古,19937,0,夕食後にカートを処理 / 新品より安い
1155,19:15,橋本 浩二,27,男,会社員,東京都23区,3380000,MUJI passport,アパレル,無印良品 縦横ストレッチ 細身パンツ 黒 32inch,3990,0,夕食後にカートを処理 / 通勤用
1215,20:15,橋本 浩二,27,男,会社員,東京都23区,3380000,Yahoo!ショッピング,日用品,レノア 本格消臭 詰替 1320ml,1022,1,夜のリラックス中に / PayPayキャンペーン
1205,20:05,清水 雅人,33,男,販売員,群馬県,2620000,メルカリ,中古品,【動作確認済】Sony WH-1000XM4 黒 中古,21714,0,夕食後にカートを処理 / 新品より安い
1285,21:25,清水 雅人,33,男,販売員,群馬県,2620000,MUJI passport,日用品,無印良品 化粧水 敏感肌用 高保湿 200ml,690,1,夜のリラックス中に / リピート
1350,22:30,清水 雅人,33,男,販売員,群馬県,2620000,Amazon,電化製品,Anker PowerLine III USB-C ケーブル 1.8m,1290,1,夜のリラックス中に / ケーブル断線
1355,22:35,清水 雅人,33,男,販売員,群馬県,2620000,honto,電子書籍,hontoポイント 1000円分,1000,1,夜のリラックス中に / 次回用ポイント購入
935,15:35,後藤 麻衣,70,女,退職,埼玉県,1840000,Yahoo!ショッピング,日用品,除菌洗剤 業務用 4L,2964,1,午後のくつろぎ中に / PayPay祭
740,12:20,井上 蓮,37,男,会社員,千葉県,4460000,MUJI passport,日用品,無印良品 化粧水 敏感肌用 高保湿 200ml,690,0,ランチ食べながら / 安心のリピート
1070,17:50,井上 蓮,37,男,会社員,千葉県,4460000,楽天市場,日用品,除菌できるウェットティッシュ 100枚 x 8パック,1640,0,勤務中こっそり / ポイント10倍
1255,20:55,井上 蓮,37,男,会社員,千葉県,4460000,Amazon,書籍,達人プログラマー 第2版 (オーム社),3520,1,夜のリラックス中に / 技術書
1315,21:55,井上 蓮,37,男,会社員,千葉県,4460000,MUJI passport,アパレル,無印良品 オーガニックコットン Vネック 半袖T 白 M,1490,1,夜のリラックス中に / 夏定番
1345,22:25,井上 蓮,37,男,会社員,千葉県,4460000,MUJI passport,アパレル,無印良品 オーガニックコットン Vネック 半袖T 白 M,1490,1,夜のリラックス中に / 夏定番
575,09:35,藤田 節子_432,49,女,公務員,東京都23区,5450000,Yahoo!ショッピング,日用品,レノア 本格消臭 詰替 1320ml,1068,0,勤務中こっそり / PayPayキャンペーン
695,11:35,藤田 節子_432,49,女,公務員,東京都23区,5450000,honto,書籍,THE THREE-BODY PROBLEM (English),2980,0,勤務中こっそり / 原書チャレンジ
740,12:20,藤田 節子_432,49,女,公務員,東京都23区,5450000,Uniqlo online,アパレル,エアリズム コットン クルーネックT 半袖 (ネイビー L),1290,0,ランチ食べながら / 夏前リピート
765,12:45,藤田 節子_432,49,女,公務員,東京都23区,5450000,Amazon,電化製品,ELECOM USB-C ハブ 7-in-1 4K HDMI,6150,0,ランチ食べながら / 在宅環境
1165,19:25,藤田 節子_432,49,女,公務員,東京都23区,5450000,Uniqlo online,アパレル,ヒートテック クルーネックT 極暖 (グレー M),1990,0,夕食後にカートを処理 / 冬支度
1240,20:40,藤田 節子_432,49,女,公務員,東京都23区,5450000,Uniqlo online,アパレル,リネンブレンド オープンカラー シャツ 半袖 (オフホワイト L),3990,1,夜のリラックス中に / 週末カジュアル
1290,21:30,藤田 節子_432,49,女,公務員,東京都23区,5450000,Uniqlo online,アパレル,ヒートテック クルーネックT 極暖 (グレー M),1990,1,夜のリラックス中に / 冬支度
480,08:00,吉田 克彦,28,男,教員,千葉県,5020000,MUJI passport,家具,無印良品 体にフィットするソファ 用 カバー,5990,1,通勤中ふと思い出して / 汚れ補充
490,08:10,吉田 克彦,28,男,教員,千葉県,5020000,メルカリ,ホビー,ポケモンカード SV6a スカーレットex 1BOX,7657,1,通勤中ふと思い出して / 再販分
1190,19:50,吉田 克彦,28,男,教員,千葉県,5020000,楽天市場,化粧品,ETUDE ティアアイライナー 限定色,1537,0,夕食後にカートを処理 / 新作
1240,20:40,吉田 克彦,28,男,教員,千葉県,5020000,ZOZOTOWN,アパレル,BEAMS HEART リネン ジャケット 7号,14300,1,夜のリラックス中に / コーデ用
1265,21:05,吉田 克彦,28,男,教員,千葉県,5020000,楽天市場,食品,讃岐うどん 半生 太麺 1kg,1458,1,夜のリラックス中に / 在庫補充
1330,22:10,吉田 克彦,28,男,教員,千葉県,5020000,ZOZOTOWN,シューズ,New Balance 327 グレー x ホワイト 24cm,12100,1,夜のリラックス中に / 新製品が気になって
1365,22:45,吉田 克彦,28,男,教員,千葉県,5020000,Amazon,書籍,成瀬は天下を取りに行く (新潮社),1705,1,寝る前に思い立って / 新製品が気になって
1045,17:25,森 亮,46,男,会社員,栃木県,4350000,Amazon,電子書籍,Kindle 三体III 死神永生 上,1820,0,勤務中こっそり / 話題のSF
1075,17:55,森 亮,46,男,会社員,栃木県,4350000,Yahoo!ショッピング,日用品,レノア 本格消臭 詰替 1320ml,937,0,勤務中こっそり / PayPayキャンペーン
1115,18:35,森 亮,46,男,会社員,栃木県,4350000,楽天市場,日用品,コストコ カークランド トイレットペーパー 30ロール,4134,1,通勤中ふと思い出して / まとめ買いお得
1240,20:40,森 亮,46,男,会社員,栃木県,4350000,Yahoo!ショッピング,日用品,除菌洗剤 業務用 4L,2729,1,夜のリラックス中に / PayPay祭
1390,23:10,森 亮,46,男,会社員,栃木県,4350000,Uniqlo online,アパレル,エアリズム コットン クルーネックT 半袖 (ネイビー L),1290,1,寝る前に思い立って / 夏前リピート
775,12:55,池田 亮,52,男,会社員,茨城県,2920000,Yahoo!ショッピング,日用品,除菌洗剤 業務用 4L,2849,0,ランチ食べながら / PayPay祭
1135,18:55,池田 亮,52,男,会社員,茨城県,2920000,Uniqlo online,アパレル,ヒートテック クルーネックT 極暖 (グレー M),1990,0,夕食後にカートを処理 / 冬支度
1195,19:55,池田 亮,52,男,会社員,茨城県,2920000,楽天市場,日用品,コストコ カークランド トイレットペーパー 30ロール,4194,0,夕食後にカートを処理 / まとめ買いお得
1260,21:00,池田 亮,52,男,会社員,茨城県,2920000,Uniqlo online,アパレル,エアリズム コットン クルーネックT 半袖 (ネイビー L),1290,1,夜のリラックス中に / 夏前リピート
470,07:50,吉田 葵,23,女,会社員,千葉県,1980000,iHerb,食品,California Gold ナッツミックス 907g,2639,1,通勤中ふと思い出して / 計画通り
1265,21:05,吉田 葵,23,女,会社員,千葉県,1980000,MUJI passport,家具,無印良品 やわらかフィットソファ 1人掛け 用 カバー,4990,1,夜のリラックス中に / 気分転換
1345,22:25,吉田 葵,23,女,会社員,千葉県,1980000,楽天市場,日用品,除菌できるウェットティッシュ 100枚 x 8パック,1789,1,夜のリラックス中に / ポイント10倍
1365,22:45,吉田 葵,23,女,会社員,千葉県,1980000,Uniqlo online,アパレル,感動パンツ ウルトラライト ストレッチ ストレート (ブラック 32inch),3990,1,寝る前に思い立って / 通勤新調
1105,18:25,佐藤 翼,59,男,会社員,群馬県,3780000,honto,電子書籍,hontoポイント 1000円分,1000,1,通勤中ふと思い出して / 安心のリピート
1135,18:55,佐藤 翼,59,男,会社員,群馬県,3780000,楽天市場,化粧品,KOSE 雪肌精 化粧水 200ml,2949,0,夕食後にカートを処理 / リピート
1170,19:30,佐藤 翼,59,男,会社員,群馬県,3780000,honto,電子書籍,hontoポイント 1000円分,1000,0,夕食後にカートを処理 / 安心のリピート
1175,19:35,佐藤 翼,59,男,会社員,群馬県,3780000,楽天市場,食品,台湾カステラ 6個セット,2748,0,夕食後にカートを処理 / 話題スイーツ
1325,22:05,佐藤 翼,59,男,会社員,群馬県,3780000,Uniqlo online,アパレル,リネンブレンド オープンカラー シャツ 半袖 (オフホワイト L),3990,1,夜のリラックス中に / 週末カジュアル
1105,18:25,山口 和也_438,58,男,会社員,群馬県,6120000,Yahoo!ショッピング,日用品,レノア 本格消臭 詰替 1320ml,942,1,通勤中ふと思い出して / PayPayキャンペーン
1165,19:25,山口 和也_438,58,男,会社員,群馬県,6120000,Yahoo!ショッピング,日用品,レノア 本格消臭 詰替 1320ml,1061,0,夕食後にカートを処理 / PayPayキャンペーン
1200,20:00,山口 和也_438,58,男,会社員,群馬県,6120000,Amazon,日用品,エリエール 消臭+ トイレットペーパー 12ロール ダブル,719,1,夜のリラックス中に / ストック切れ
1280,21:20,山口 和也_438,58,男,会社員,群馬県,6120000,楽天市場,日用品,コストコ カークランド トイレットペーパー 30ロール,4239,1,夜のリラックス中に / まとめ買いお得
1310,21:50,山口 和也_438,58,男,会社員,群馬県,6120000,メルカリ,アパレル,MUJI 90s ヴィンテージ チノパン 31inch,3044,1,夜のリラックス中に / 古着趣味
775,12:55,後藤 亮,25,男,会社員,栃木県,3330000,MUJI passport,アパレル,無印良品 縦横ストレッチ 細身パンツ 黒 32inch,3990,0,ランチ食べながら / 安心のリピート
1255,20:55,後藤 亮,25,男,会社員,栃木県,3330000,Amazon,日用品,エリエール 消臭+ トイレットペーパー 12ロール ダブル,674,1,夜のリラックス中に / ストック切れ
1270,21:10,後藤 亮,25,男,会社員,栃木県,3330000,honto,電子書籍,hontoポイント 1000円分,1000,1,夜のリラックス中に / 次回用ポイント購入
1285,21:25,後藤 亮,25,男,会社員,栃木県,3330000,MUJI passport,日用品,無印良品 化粧水 敏感肌用 高保湿 200ml,690,1,夜のリラックス中に / 安心のリピート
1355,22:35,後藤 亮,25,男,会社員,栃木県,3330000,Uniqlo online,アパレル,エアリズム コットン クルーネックT 半袖 (ネイビー L),1290,1,寝る前に思い立って / 夏前リピート
725,12:05,前田 亮,43,男,ITエンジニア,東京都23区,6790000,Amazon,コーヒー,猿田彦珈琲 大吉ブレンド ドリップバッグ 10個,1985,0,ランチ食べながら / 気分転換
860,14:20,前田 亮,43,男,ITエンジニア,東京都23区,6790000,Amazon,電化製品,Anker 737 Power Bank 24000mAh 140W,21152,0,仕事の合間に / 安心のリピート
1010,16:50,前田 亮,43,男,ITエンジニア,東京都23区,6790000,honto,電子書籍,hontoポイント 1000円分,1000,0,仕事の合間に / 次回用ポイント購入
1020,17:00,前田 亮,43,男,ITエンジニア,東京都23区,6790000,Uniqlo online,アパレル,エアリズム コットン クルーネックT 半袖 (ネイビー L),1290,0,仕事の合間に / 夏前リピート
1310,21:50,前田 亮,43,男,ITエンジニア,東京都23区,6790000,Amazon,電化製品,ELECOM USB-C ハブ 7-in-1 4K HDMI,6065,1,夜のリラックス中に / 在宅環境
1345,22:25,前田 亮,43,男,ITエンジニア,東京都23区,6790000,楽天市場,化粧品,資生堂 マキアージュ ドラマティック ジェリー BB,3324,1,夜のリラックス中に / ポイント祭
1060,17:40,山崎 和也,62,男,主婦・主夫,群馬県,880000,Uniqlo online,アパレル,リネンブレンド オープンカラー シャツ 半袖 (オフホワイト L),3990,0,子供の世話の合間に / 週末カジュアル
1325,22:05,山崎 和也,62,男,主婦・主夫,群馬県,880000,honto,書籍,THE THREE-BODY PROBLEM (English),2980,0,家族の話題から / 原書チャレンジ
845,14:05,石川 貴志_442,69,男,退職,栃木県,1450000,Yahoo!ショッピング,日用品,除菌洗剤 業務用 4L,3261,1,午後のくつろぎ中に / PayPay祭
880,14:40,石川 貴志_442,69,男,退職,栃木県,1450000,Amazon,電化製品,ELECOM USB-C ハブ 7-in-1 4K HDMI,6005,1,午後のくつろぎ中に / 在宅環境
1120,18:40,渡辺 雅人,57,男,飲食店,東京都23区,1630000,Yahoo!ショッピング,日用品,レノア 本格消臭 詰替 1320ml,1076,0,勤務中こっそり / PayPayキャンペーン
1290,21:30,渡辺 雅人,57,男,飲食店,東京都23区,1630000,Amazon,日用品,エリエール 消臭+ トイレットペーパー 12ロール ダブル,753,1,夜のリラックス中に / ストック切れ
1340,22:20,渡辺 雅人,57,男,飲食店,東京都23区,1630000,MUJI passport,アパレル,無印良品 オーガニックコットン Vネック 半袖T 白 M,1490,1,夜のリラックス中に / 夏定番
1375,22:55,渡辺 雅人,57,男,飲食店,東京都23区,1630000,Amazon,食品,カルビー フルグラ 800g x 3,2704,1,夜のリラックス中に / 朝食まとめ
765,12:45,森 彩花,27,女,会社員,茨城県,2710000,メルカリ,本,【美品】コンサル一年目が学ぶこと,871,0,ランチ食べながら / 後輩から推薦
965,16:05,森 彩花,27,女,会社員,茨城県,2710000,Uniqlo online,アパレル,ヒートテック クルーネックT 極暖 (グレー M),1990,0,勤務中こっそり / 冬支度
1155,19:15,森 彩花,27,女,会社員,茨城県,2710000,ZOZOTOWN,シューズ,CONVERSE All Star OX 黒 25cm,6600,0,夕食後にカートを処理 / 定番補充
1340,22:20,森 彩花,27,女,会社員,茨城県,2710000,メルカリ,アパレル,【美品】UNIQLO x JW Anderson コラボ ニット L,3711,1,夜のリラックス中に / コラボ品再入手
1010,16:50,木村 浩二_445,50,男,会社員,東京都市部,7490000,BUYMA,ブランド品,【関税送料込】Hermès Twilly スカーフ 復刻柄,25790,0,勤務中こっそり / ギフト用
1165,19:25,木村 浩二_445,50,男,会社員,東京都市部,7490000,Apple,サブスク,Apple One 個人プラン 1ヶ月,1200,0,夕食後にカートを処理 / 自動更新
1230,20:30,木村 浩二_445,50,男,会社員,東京都市部,7490000,楽天市場,化粧品,KOSE 雪肌精 化粧水 200ml,3204,1,夜のリラックス中に / リピート
1350,22:30,木村 浩二_445,50,男,会社員,東京都市部,7490000,楽天市場,化粧品,ETUDE ティアアイライナー 限定色,1409,1,寝る前に思い立って / 新作
785,13:05,伊藤 悠人_446,26,男,公務員,埼玉県,5380000,Uniqlo online,アパレル,エアリズム コットン クルーネックT 半袖 (ネイビー L),1290,0,勤務中こっそり / 夏前リピート
1215,20:15,伊藤 悠人_446,26,男,公務員,埼玉県,5380000,Yahoo!ショッピング,日用品,除菌洗剤 業務用 4L,2818,1,夜のリラックス中に / PayPay祭
1235,20:35,伊藤 悠人_446,26,男,公務員,埼玉県,5380000,Amazon,日用品,エリエール 消臭+ トイレットペーパー 12ロール ダブル,745,1,夜のリラックス中に / ストック切れ
1250,20:50,伊藤 悠人_446,26,男,公務員,埼玉県,5380000,MUJI passport,アパレル,無印良品 オーガニックコットン Vネック 半袖T 白 M,1490,1,夜のリラックス中に / 夏定番
1390,23:10,伊藤 悠人_446,26,男,公務員,埼玉県,5380000,メルカリ,中古品,【動作確認済】Sony WH-1000XM4 黒 中古,20151,1,寝る前に思い立って / 安心のリピート
715,11:55,松本 樹,77,男,退職,埼玉県,3530000,Yahoo!ショッピング,日用品,レノア 本格消臭 詰替 1320ml,916,1,お昼のひと息に / PayPayキャンペーン
1315,21:55,松本 樹,77,男,退職,埼玉県,3530000,楽天市場,食品,台湾カステラ 6個セット,2719,1,TVショッピング見て / 安心のリピート
1160,19:20,吉田 義男,78,男,飲食店,千葉県,3130000,Uniqlo online,アパレル,感動パンツ ウルトラライト ストレッチ ストレート (ブラック 32inch),3990,0,夕食後にカートを処理 / 通勤新調
1340,22:20,吉田 義男,78,男,飲食店,千葉県,3130000,honto,電子書籍,hontoポイント 1000円分,1000,1,夜のリラックス中に / 次回用ポイント購入
640,10:40,鈴木 理恵,50,女,フリーランス,栃木県,6320000,MUJI passport,食品,無印良品 素材を生かしたカレー グリーン,350,0,仕事の合間に / ストック補充
930,15:30,鈴木 理恵,50,女,フリーランス,栃木県,6320000,honto,書籍,看護管理2025年4月号,2090,0,仕事の合間に / 仕事用
1090,18:10,鈴木 理恵,50,女,フリーランス,栃木県,6320000,Oisix,食品,Oisix おうちレストラン 旬の野菜セット,3980,0,夕食後にカートを処理 / 週末まとめ
1185,19:45,鈴木 理恵,50,女,フリーランス,栃木県,6320000,Oisix,食品,Oisix おうちレストラン 旬の野菜セット,3980,1,夜のリラックス中に / 週末まとめ
1290,21:30,鈴木 理恵,50,女,フリーランス,栃木県,6320000,Yahoo!ショッピング,日用品,レノア 本格消臭 詰替 1320ml,991,1,夜のリラックス中に / PayPayキャンペーン
465,07:45,吉田 雅人,44,男,会社員,東京都23区,5980000,MUJI passport,家具,無印良品 体にフィットするソファ 用 カバー,5990,1,通勤中ふと思い出して / 汚れ補充
835,13:55,吉田 雅人,44,男,会社員,東京都23区,5980000,楽天市場,化粧品,ETUDE ティアアイライナー 限定色,1373,0,勤務中こっそり / 新作
870,14:30,吉田 雅人,44,男,会社員,東京都23区,5980000,Uniqlo online,アパレル,リネンブレンド オープンカラー シャツ 半袖 (オフホワイト L),3990,0,勤務中こっそり / 週末カジュアル
1115,18:35,吉田 雅人,44,男,会社員,東京都23区,5980000,MUJI passport,日用品,無印良品 化粧水 敏感肌用 高保湿 200ml,690,1,通勤中ふと思い出して / リピート
1125,18:45,吉田 雅人,44,男,会社員,東京都23区,5980000,Uniqlo online,アパレル,ヒートテック クルーネックT 極暖 (グレー M),1990,0,夕食後にカートを処理 / 冬支度
1285,21:25,吉田 雅人,44,男,会社員,東京都23区,5980000,楽天市場,日用品,コストコ カークランド トイレットペーパー 30ロール,4072,1,夜のリラックス中に / まとめ買いお得
515,08:35,佐藤 美咲,68,女,主婦・主夫,千葉県,1320000,Yahoo!ショッピング,日用品,レノア 本格消臭 詰替 1320ml,990,0,家事中スマホで / PayPayキャンペーン
605,10:05,佐藤 美咲,68,女,主婦・主夫,千葉県,1320000,MUJI passport,日用品,無印良品 化粧水 敏感肌用 高保湿 200ml,690,0,家事中スマホで / 安心のリピート
615,10:15,前田 美穂,75,女,退職,東京都23区,3410000,Amazon,書籍,世界一流エンジニアの思考法 (文春新書),990,1,朝のゆっくり時間に / 計画通り
815,13:35,前田 美穂,75,女,退職,東京都23区,3410000,Amazon,書籍,成瀬は天下を取りに行く (新潮社),1705,1,お昼のひと息に / 計画通り
625,10:25,池田 凛_453,76,女,退職,神奈川県,1150000,Yahoo!ショッピング,日用品,除菌洗剤 業務用 4L,2967,1,朝のゆっくり時間に / PayPay祭
925,15:25,池田 凛_453,76,女,退職,神奈川県,1150000,Uniqlo online,アパレル,リネンブレンド オープンカラー シャツ 半袖 (オフホワイト L),3990,1,午後のくつろぎ中に / 安心のリピート
605,10:05,加藤 義男_454,21,男,大学生,東京都23区,800000,Amazon,電化製品,Anker PowerLine III USB-C ケーブル 1.8m,1290,0,勉強の息抜きに / ケーブル断線
775,12:55,加藤 義男_454,21,男,大学生,東京都23区,800000,ZOZOTOWN,アパレル,SLY オーバーサイズ スウェット M ベージュ,8800,0,勉強の息抜きに / 韓国っぽい
395,06:35,伊藤 健太,48,男,会社員,東京都23区,5020000,楽天市場,食品,北海道産 ホタテ貝柱 1kg 訳あり,7972,0,朝の準備中ふと / ポイント10倍
910,15:10,伊藤 健太,48,男,会社員,東京都23区,5020000,Yahoo!ショッピング,日用品,除菌洗剤 業務用 4L,2780,0,勤務中こっそり / PayPay祭
1275,21:15,伊藤 健太,48,男,会社員,東京都23区,5020000,honto,書籍,THE THREE-BODY PROBLEM (English),2980,1,夜のリラックス中に / 原書チャレンジ
1330,22:10,伊藤 健太,48,男,会社員,東京都23区,5020000,Uniqlo online,アパレル,リネンブレンド オープンカラー シャツ 半袖 (オフホワイト L),3990,1,夜のリラックス中に / 週末カジュアル
1360,22:40,伊藤 健太,48,男,会社員,東京都23区,5020000,Yahoo!ショッピング,日用品,レノア 本格消臭 詰替 1320ml,985,1,寝る前に思い立って / PayPayキャンペーン
1365,22:45,伊藤 健太,48,男,会社員,東京都23区,5020000,Yahoo!ショッピング,日用品,除菌洗剤 業務用 4L,2728,1,寝る前に思い立って / PayPay祭
1400,23:20,伊藤 健太,48,男,会社員,東京都23区,5020000,MUJI passport,アパレル,無印良品 縦横ストレッチ 細身パンツ 黒 32inch,3990,1,寝る前に思い立って / 通勤用
835,13:55,小林 浩二,46,男,公務員,東京都市部,5370000,Yahoo!ショッピング,日用品,除菌洗剤 業務用 4L,3125,0,勤務中こっそり / PayPay祭
1220,20:20,小林 浩二,46,男,公務員,東京都市部,5370000,honto,書籍,夜は短し歩けよ乙女 (角川文庫),770,1,夜のリラックス中に / 再読
1230,20:30,小林 浩二,46,男,公務員,東京都市部,5370000,Uniqlo online,アパレル,リネンブレンド オープンカラー シャツ 半袖 (オフホワイト L),3990,1,夜のリラックス中に / 週末カジュアル
1265,21:05,小林 浩二,46,男,公務員,東京都市部,5370000,MUJI passport,家具,無印良品 体にフィットするソファ 用 カバー,5990,1,夜のリラックス中に / 汚れ補充
1285,21:25,小林 浩二,46,男,公務員,東京都市部,5370000,MUJI passport,食品,無印良品 素材を生かしたカレー グリーン,350,1,夜のリラックス中に / 安心のリピート
565,09:25,前田 悠人,51,男,会社員,東京都23区,8050000,Amazon,書籍,Kindle Paperwhite シグニチャー エディション,28980,0,勤務中こっそり / 読書環境刷新
1205,20:05,前田 悠人,51,男,会社員,東京都23区,8050000,Uniqlo online,アパレル,感動パンツ ウルトラライト ストレッチ ストレート (ブラック 32inch),3990,1,夜のリラックス中に / 通勤新調
1230,20:30,前田 悠人,51,男,会社員,東京都23区,8050000,Amazon,コーヒー,猿田彦珈琲 大吉ブレンド ドリップバッグ 10個,1981,1,夜のリラックス中に / 気分転換
1245,20:45,前田 悠人,51,男,会社員,東京都23区,8050000,楽天市場,日用品,除菌できるウェットティッシュ 100枚 x 8パック,1752,1,夜のリラックス中に / ポイント10倍
1395,23:15,前田 悠人,51,男,会社員,東京都23区,8050000,楽天市場,化粧品,ETUDE ティアアイライナー 限定色,1564,1,寝る前に思い立って / 新作
865,14:25,佐藤 結衣,63,女,主婦・主夫,埼玉県,1110000,Amazon,書籍,世界一流エンジニアの思考法 (文春新書),990,0,ランチ食べながら / 話題本
1245,20:45,佐藤 結衣,63,女,主婦・主夫,埼玉県,1110000,Amazon,食品,カゴメ 野菜一日これ一本 200ml x 24本,2653,0,家族の話題から / 朝の野菜
685,11:25,松本 達也,77,男,退職,埼玉県,2160000,Uniqlo online,アパレル,ヒートテック クルーネックT 極暖 (グレー M),1990,1,お昼のひと息に / 冬支度
1100,18:20,松本 達也,77,男,退職,埼玉県,2160000,楽天市場,日用品,除菌できるウェットティッシュ 100枚 x 8パック,1669,0,夕食後にカートを処理 / ポイント10倍
415,06:55,森 美咲,42,女,主婦・主夫,埼玉県,2580000,Oisix,食品,Kit Oisix 牛肉と野菜のチンジャオロース 2人前,1580,0,朝の準備中ふと / 今夜の献立
460,07:40,森 美咲,42,女,主婦・主夫,埼玉県,2580000,iHerb,化粧品,Burt's Bees リップ バーム ハニー,621,0,朝の準備中ふと / リピート
780,13:00,森 美咲,42,女,主婦・主夫,埼玉県,2580000,Amazon,食品,カゴメ 野菜一日これ一本 200ml x 24本,2517,0,ランチ食べながら / 朝の野菜
1270,21:10,森 美咲,42,女,主婦・主夫,埼玉県,2580000,MUJI passport,家具,無印良品 ポリエステル 綿フランネル こたつ布団,9990,0,家族の話題から / 冬支度
705,11:45,山口 彩,40,女,主婦・主夫,埼玉県,2470000,Amazon,コーヒー,猿田彦珈琲 大吉ブレンド ドリップバッグ 10個,1853,0,用事の合間に / 安心のリピート
1015,16:55,山口 彩,40,女,主婦・主夫,埼玉県,2470000,Uniqlo online,アパレル,感動パンツ ウルトラライト ストレッチ ストレート (ブラック 32inch),3990,0,子供の世話の合間に / 通勤新調
1190,19:50,山口 彩,40,女,主婦・主夫,埼玉県,2470000,Yodobashi.com,ゲーム,Nintendo Switch 2 ソフト 「マリオカートワールド」,9980,0,夕食後にカートを処理 / 発売日購入
1315,21:55,山口 彩,40,女,主婦・主夫,埼玉県,2470000,Uniqlo online,アパレル,ヒートテック クルーネックT 極暖 (グレー M),1990,0,家族の話題から / 冬支度
415,06:55,前田 誠,47,男,主婦・主夫,神奈川県,1090000,楽天市場,食品,台湾カステラ 6個セット,2909,0,朝の準備中ふと / 安心のリピート
1105,18:25,前田 誠,47,男,主婦・主夫,神奈川県,1090000,楽天市場,化粧品,ETUDE ティアアイライナー 限定色,1450,0,夕食後にカートを処理 / 新作
1290,21:30,長谷川 陽翔,20,男,パート,千葉県,990000,楽天市場,化粧品,KOSE 雪肌精 化粧水 200ml,3174,1,夜のリラックス中に / リピート
1345,22:25,長谷川 陽翔,20,男,パート,千葉県,990000,メルカリ,本,【美品】コンサル一年目が学ぶこと,1169,1,夜のリラックス中に / 後輩から推薦
1100,18:20,山本 麻衣,40,女,主婦・主夫,神奈川県,1480000,Oisix,食品,Kit Oisix 牛肉と野菜のチンジャオロース 2人前,1580,0,夕食後にカートを処理 / 今夜の献立
1315,21:55,山本 麻衣,40,女,主婦・主夫,神奈川県,1480000,MUJI passport,家具,無印良品 体にフィットするソファ 用 カバー,5990,0,家族の話題から / 安心のリピート
975,16:15,渡辺 ハル_465,52,女,デザイナー,東京都市部,4400000,MUJI passport,アパレル,無印良品 縦横ストレッチ 細身パンツ 黒 32inch,3990,0,仕事の合間に / 通勤用
1080,18:00,渡辺 ハル_465,52,女,デザイナー,東京都市部,4400000,楽天市場,化粧品,ETUDE ティアアイライナー 限定色,1598,0,夕食後にカートを処理 / 新作
1150,19:10,渡辺 ハル_465,52,女,デザイナー,東京都市部,4400000,honto,電子書籍,hontoポイント 1000円分,1000,0,夕食後にカートを処理 / 次回用ポイント購入
1160,19:20,渡辺 ハル_465,52,女,デザイナー,東京都市部,4400000,honto,書籍,夜は短し歩けよ乙女 (角川文庫),770,0,夕食後にカートを処理 / 再読
1205,20:05,渡辺 ハル_465,52,女,デザイナー,東京都市部,4400000,Uniqlo online,アパレル,感動パンツ ウルトラライト ストレッチ ストレート (ブラック 32inch),3990,1,夜のリラックス中に / 通勤新調
1055,17:35,吉田 ハル_466,70,女,主婦・主夫,千葉県,1160000,楽天市場,化粧品,KOSE 雪肌精 化粧水 200ml,3014,0,子供の世話の合間に / リピート
1135,18:55,吉田 ハル_466,70,女,主婦・主夫,千葉県,1160000,楽天市場,化粧品,ETUDE ティアアイライナー 限定色,1422,0,夕食後にカートを処理 / 新作
860,14:20,清水 心春,19,女,大学生,群馬県,800000,Amazon,サブスク,Kindle Unlimited 3ヶ月分,2940,0,勉強の息抜きに / 読み放題
1310,21:50,清水 心春,19,女,大学生,群馬県,800000,MUJI passport,日用品,無印良品 化粧水 敏感肌用 高保湿 200ml,690,1,Instagram で広告見て / リピート
760,12:40,後藤 莉子,25,女,教員,神奈川県,4670000,iHerb,サプリ,California Gold ビタミンC 1000mg 240粒,2069,0,ランチ食べながら / 風邪予防
795,13:15,後藤 莉子,25,女,教員,神奈川県,4670000,メルカリ,中古品,【動作確認済】Sony WH-1000XM4 黒 中古,20349,0,勤務中こっそり / 新品より安い
915,15:15,後藤 莉子,25,女,教員,神奈川県,4670000,楽天市場,化粧品,資生堂 マキアージュ ドラマティック ジェリー BB,3734,0,勤務中こっそり / ポイント祭
1110,18:30,後藤 莉子,25,女,教員,神奈川県,4670000,Uniqlo online,アパレル,エアリズム コットン クルーネックT 半袖 (ネイビー L),1290,1,通勤中ふと思い出して / 夏前リピート
1155,19:15,後藤 莉子,25,女,教員,神奈川県,4670000,iHerb,化粧品,The Ordinary ナイアシンアミド 10% 30ml,1072,0,夕食後にカートを処理 / 話題のスキンケア
480,08:00,加藤 雄太,53,男,会社員,東京都23区,8140000,MUJI passport,アパレル,無印良品 縦横ストレッチ 細身パンツ 黒 32inch,3990,1,通勤中ふと思い出して / 通勤用
1125,18:45,加藤 雄太,53,男,会社員,東京都23区,8140000,MUJI passport,日用品,無印良品 アロマオイル ラベンダー 10ml,1190,0,夕食後にカートを処理 / リラックス
1170,19:30,加藤 雄太,53,男,会社員,東京都23区,8140000,MUJI passport,アパレル,無印良品 オーガニックコットン Vネック 半袖T 白 M,1490,0,夕食後にカートを処理 / 夏定番
1325,22:05,加藤 雄太,53,男,会社員,東京都23区,8140000,Amazon,電化製品,Anker PowerLine III USB-C ケーブル 1.8m,1290,1,夜のリラックス中に / ケーブル断線
1375,22:55,加藤 雄太,53,男,会社員,東京都23区,8140000,MUJI passport,食品,無印良品 素材を生かしたカレー グリーン,350,1,寝る前に思い立って / ストック補充
545,09:05,高橋 結衣_470,47,女,販売員,群馬県,3530000,Amazon,サブスク,Amazon Prime 年会費 (1年),5900,0,勤務中こっそり / 年次自動更新
910,15:10,高橋 結衣_470,47,女,販売員,群馬県,3530000,iHerb,化粧品,Burt's Bees リップ バーム ハニー,585,0,勤務中こっそり / リピート
935,15:35,高橋 結衣_470,47,女,販売員,群馬県,3530000,楽天市場,化粧品,ETUDE ティアアイライナー 限定色,1556,0,勤務中こっそり / 新作
1035,17:15,高橋 結衣_470,47,女,販売員,群馬県,3530000,Oisix,食品,Kit Oisix 牛肉と野菜のチンジャオロース 2人前,1580,0,勤務中こっそり / 今夜の献立
1165,19:25,高橋 結衣_470,47,女,販売員,群馬県,3530000,Yahoo!ショッピング,日用品,除菌洗剤 業務用 4L,3116,0,夕食後にカートを処理 / PayPay祭
450,07:30,斎藤 貴志,38,男,デザイナー,神奈川県,7420000,MUJI passport,日用品,無印良品 アロマオイル ラベンダー 10ml,1190,0,朝の準備中ふと / リラックス
725,12:05,斎藤 貴志,38,男,デザイナー,神奈川県,7420000,MUJI passport,アパレル,無印良品 縦横ストレッチ 細身パンツ 黒 32inch,3990,0,ランチ食べながら / 通勤用
1065,17:45,斎藤 貴志,38,男,デザイナー,神奈川県,7420000,Yodobashi.com,電化製品,Panasonic ナノケアドライヤー EH-NA0J,33480,0,仕事の合間に / 髪質改善
1090,18:10,斎藤 貴志,38,男,デザイナー,神奈川県,7420000,MUJI passport,食品,無印良品 素材を生かしたカレー グリーン,350,0,夕食後にカートを処理 / ストック補充
1125,18:45,斎藤 貴志,38,男,デザイナー,神奈川県,7420000,BUYMA,ブランド品,【関税送料込】Hermès Twilly スカーフ 復刻柄,25881,0,夕食後にカートを処理 / ギフト用
1355,22:35,斎藤 貴志,38,男,デザイナー,神奈川県,7420000,Uniqlo online,アパレル,感動パンツ ウルトラライト ストレッチ ストレート (ブラック 32inch),3990,1,夜のリラックス中に / 通勤新調
1375,22:55,斎藤 貴志,38,男,デザイナー,神奈川県,7420000,honto,書籍,THE THREE-BODY PROBLEM (English),2980,1,夜のリラックス中に / 原書チャレンジ
605,10:05,山口 凛,25,女,ITエンジニア,千葉県,4620000,Uniqlo online,アパレル,エアリズム コットン クルーネックT 半袖 (ネイビー L),1290,0,仕事の合間に / 夏前リピート
1070,17:50,山口 凛,25,女,ITエンジニア,千葉県,4620000,ZOZOTOWN,アパレル,SLY オーバーサイズ スウェット M ベージュ,8800,0,仕事の合間に / 韓国っぽい
1080,18:00,山口 凛,25,女,ITエンジニア,千葉県,4620000,MUJI passport,アパレル,無印良品 縦横ストレッチ 細身パンツ 黒 32inch,3990,0,夕食後にカートを処理 / 通勤用
1290,21:30,山口 凛,25,女,ITエンジニア,千葉県,4620000,Uniqlo online,アパレル,エアリズム コットン クルーネックT 半袖 (ネイビー L),1290,1,夜のリラックス中に / 夏前リピート
1315,21:55,山口 凛,25,女,ITエンジニア,千葉県,4620000,ZOZOTOWN,アパレル,SLY オーバーサイズ スウェット M ベージュ,8800,1,夜のリラックス中に / 韓国っぽい
405,06:45,前田 桜,30,女,公務員,群馬県,5210000,メチャカリ,アパレル,メチャカリ ベーシックプラン 月額,3278,0,朝の準備中ふと / サブスクで色々試したい
460,07:40,前田 桜,30,女,公務員,群馬県,5210000,メルカリ,アパレル,MUJI 90s ヴィンテージ チノパン 31inch,3825,1,通勤中ふと思い出して / 安心のリピート
475,07:55,前田 桜,30,女,公務員,群馬県,5210000,メルカリ,ホビー,プラモデル HG ガンダムエアリアル 未組立,2228,1,通勤中ふと思い出して / 安心のリピート
605,10:05,前田 桜,30,女,公務員,群馬県,5210000,ZOZOTOWN,シューズ,New Balance 327 グレー x ホワイト 24cm,12100,0,勤務中こっそり / 新色気になって
1195,19:55,前田 桜,30,女,公務員,群馬県,5210000,メルカリ,ホビー,ポケモンカード SV6a スカーレットex 1BOX,7324,0,夕食後にカートを処理 / 再販分
1245,20:45,前田 桜,30,女,公務員,群馬県,5210000,楽天市場,化粧品,資生堂 マキアージュ ドラマティック ジェリー BB,3791,1,夜のリラックス中に / ポイント祭
1320,22:00,前田 桜,30,女,公務員,群馬県,5210000,MUJI passport,食品,無印良品 不揃いバウム メープル 5袋,1390,1,夜のリラックス中に / 安心のリピート
755,12:35,山田 翼,24,男,教員,千葉県,3530000,Uniqlo online,アパレル,エアリズム コットン クルーネックT 半袖 (ネイビー L),1290,0,ランチ食べながら / 夏前リピート
1180,19:40,山田 翼,24,男,教員,千葉県,3530000,Uniqlo online,アパレル,リネンブレンド オープンカラー シャツ 半袖 (オフホワイト L),3990,0,夕食後にカートを処理 / 週末カジュアル
1285,21:25,山田 翼,24,男,教員,千葉県,3530000,Amazon,電子書籍,Kindle 進撃の巨人 最終34巻,538,1,夜のリラックス中に / シリーズ完結
1345,22:25,山田 翼,24,男,教員,千葉県,3530000,Amazon,コーヒー,STARBUCKS ハウス ブレンド ホール 250g,1405,1,夜のリラックス中に / 切らした
1380,23:00,山田 翼,24,男,教員,千葉県,3530000,Uniqlo online,アパレル,ヒートテック クルーネックT 極暖 (グレー M),1990,1,寝る前に思い立って / 冬支度
470,07:50,伊藤 誠,67,男,退職,東京都23区,2270000,MUJI passport,食品,無印良品 素材を生かしたカレー グリーン,350,0,朝の準備中ふと / ストック補充
650,10:50,伊藤 誠,67,男,退職,東京都23区,2270000,MUJI passport,家具,無印良品 体にフィットするソファ 用 カバー,5990,1,朝のゆっくり時間に / 汚れ補充
770,12:50,藤田 杏,23,女,工場勤務,埼玉県,4780000,MUJI passport,家具,無印良品 やわらかフィットソファ 1人掛け 用 カバー,4990,0,勤務中こっそり / 気分転換
1250,20:50,藤田 杏,23,女,工場勤務,埼玉県,4780000,MUJI passport,日用品,無印良品 ポリプロピレン収納ケース 引出式M,1490,1,夜のリラックス中に / 整理用
1285,21:25,藤田 杏,23,女,工場勤務,埼玉県,4780000,Uniqlo online,アパレル,リネンブレンド オープンカラー シャツ 半袖 (オフホワイト L),3990,1,夜のリラックス中に / 週末カジュアル
1305,21:45,藤田 杏,23,女,工場勤務,埼玉県,4780000,Amazon,電化製品,ELECOM USB-C ハブ 7-in-1 4K HDMI,5955,1,夜のリラックス中に / 在宅環境
1320,22:00,藤田 杏,23,女,工場勤務,埼玉県,4780000,honto,書籍,夜は短し歩けよ乙女 (角川文庫),770,1,夜のリラックス中に / 再読
1335,22:15,中村 雅人,65,男,飲食店,神奈川県,2380000,Amazon,日用品,アタック ZERO 抗菌プラス 詰替 720g,392,1,夜のリラックス中に / ストック切れ
1370,22:50,中村 雅人,65,男,飲食店,神奈川県,2380000,honto,電子書籍,hontoポイント 1000円分,1000,1,夜のリラックス中に / 安心のリピート
1205,20:05,渡辺 葵,24,女,飲食店,千葉県,2570000,Amazon,電子書籍,Kindle 進撃の巨人 最終34巻,538,0,夕食後にカートを処理 / シリーズ完結
1290,21:30,渡辺 葵,24,女,飲食店,千葉県,2570000,メルカリ,本,【美品】コンサル一年目が学ぶこと,1143,1,夜のリラックス中に / 後輩から推薦
1320,22:00,渡辺 葵,24,女,飲食店,千葉県,2570000,メチャカリ,アパレル,メチャカリ ベーシックプラン 月額,3278,1,夜のリラックス中に / 安心のリピート
1335,22:15,渡辺 葵,24,女,飲食店,千葉県,2570000,メチャカリ,アパレル,メチャカリ ベーシックプラン 月額,3278,1,夜のリラックス中に / サブスクで色々試したい
545,09:05,加藤 蓮,51,男,工場勤務,千葉県,4630000,honto,書籍,看護管理2025年4月号,2090,0,勤務中こっそり / 仕事用
870,14:30,加藤 蓮,51,男,工場勤務,千葉県,4630000,楽天市場,日用品,コストコ カークランド トイレットペーパー 30ロール,3792,0,勤務中こっそり / まとめ買いお得
965,16:05,加藤 蓮,51,男,工場勤務,千葉県,4630000,Amazon,書籍,成瀬は天下を取りに行く (新潮社),1705,0,勤務中こっそり / 安心のリピート
1150,19:10,加藤 蓮,51,男,工場勤務,千葉県,4630000,MUJI passport,日用品,無印良品 ポリプロピレン収納ケース 引出式M,1490,0,夕食後にカートを処理 / 安心のリピート
1155,19:15,加藤 蓮,51,男,工場勤務,千葉県,4630000,honto,書籍,看護管理2025年4月号,2090,0,夕食後にカートを処理 / 安心のリピート
475,07:55,後藤 雅人_480,55,男,経営者・役員,千葉県,14380000,Apple,電化製品,AirPods Pro (第2世代 USB-C),39800,1,通勤中ふと思い出して / 安心のリピート
925,15:25,後藤 雅人_480,55,男,経営者・役員,千葉県,14380000,Apple,アクセサリ,Apple Watch スポーツバンド 42mm ブラック,6800,0,勤務中こっそり / 気分転換
1005,16:45,後藤 雅人_480,55,男,経営者・役員,千葉県,14380000,Uniqlo online,アパレル,感動パンツ ウルトラライト ストレッチ ストレート (ブラック 32inch),3990,0,勤務中こっそり / 通勤新調
1200,20:00,後藤 雅人_480,55,男,経営者・役員,千葉県,14380000,BUYMA,ブランド品,【関税送料込】Hermès Twilly スカーフ 復刻柄,26690,1,夜のリラックス中に / 安心のリピート
1250,20:50,後藤 雅人_480,55,男,経営者・役員,千葉県,14380000,Uniqlo online,アパレル,エアリズム コットン クルーネックT 半袖 (ネイビー L),1290,1,夜のリラックス中に / 安心のリピート
1260,21:00,後藤 雅人_480,55,男,経営者・役員,千葉県,14380000,Apple,アクセサリ,AirPods Pro イヤーチップ XSサイズ,880,1,夜のリラックス中に / 安心のリピート
415,06:55,山崎 雄太,45,男,会社員,群馬県,8160000,楽天市場,食品,台湾カステラ 6個セット,2673,0,朝の準備中ふと / 安心のリピート
465,07:45,山崎 雄太,45,男,会社員,群馬県,8160000,BUYMA,ブランド品,【関税送料込】Hermès Twilly スカーフ 復刻柄,24736,1,通勤中ふと思い出して / ギフト用
935,15:35,山崎 雄太,45,男,会社員,群馬県,8160000,Uniqlo online,アパレル,感動パンツ ウルトラライト ストレッチ ストレート (ブラック 32inch),3990,0,勤務中こっそり / 通勤新調
1245,20:45,山崎 雄太,45,男,会社員,群馬県,8160000,MUJI passport,アパレル,無印良品 オーガニックコットン Vネック 半袖T 白 M,1490,1,夜のリラックス中に / 夏定番
1295,21:35,山崎 雄太,45,男,会社員,群馬県,8160000,Uniqlo online,アパレル,エアリズム コットン クルーネックT 半袖 (ネイビー L),1290,1,夜のリラックス中に / 夏前リピート
910,15:10,林 翼,70,男,退職,神奈川県,1180000,honto,電子書籍,hontoポイント 1000円分,1000,1,午後のくつろぎ中に / 次回用ポイント購入
1085,18:05,林 翼,70,男,退職,神奈川県,1180000,MUJI passport,家具,無印良品 やわらかフィットソファ 1人掛け 用 カバー,4990,0,夕食後にカートを処理 / 気分転換
1055,17:35,林 千尋,23,女,教員,神奈川県,2400000,Amazon,電化製品,Anker PowerLine III USB-C ケーブル 1.8m,1290,0,勤務中こっそり / ケーブル断線
1240,20:40,林 千尋,23,女,教員,神奈川県,2400000,ZOZOTOWN,シューズ,CONVERSE All Star OX 黒 25cm,6600,1,夜のリラックス中に / 定番補充
1280,21:20,林 千尋,23,女,教員,神奈川県,2400000,ZOZOTOWN,アパレル,steven alan 別注 ボーダー T ホワイト x ネイビー,7700,1,夜のリラックス中に / ZOZO特集
1295,21:35,林 千尋,23,女,教員,神奈川県,2400000,MUJI passport,食品,無印良品 不揃いバウム メープル 5袋,1390,1,夜のリラックス中に / おやつストック
1180,19:40,森 健太,73,男,飲食店,東京都23区,3500000,Uniqlo online,アパレル,リネンブレンド オープンカラー シャツ 半袖 (オフホワイト L),3990,0,夕食後にカートを処理 / 週末カジュアル
1320,22:00,森 健太,73,男,飲食店,東京都23区,3500000,Amazon,電化製品,Anker PowerLine III USB-C ケーブル 1.8m,1290,1,夜のリラックス中に / ケーブル断線
430,07:10,松本 樹_485,48,男,会社員,東京都市部,6650000,Amazon,コーヒー,STARBUCKS ハウス ブレンド ホール 250g,1353,0,朝の準備中ふと / 切らした
1095,18:15,松本 樹_485,48,男,会社員,東京都市部,6650000,honto,電子書籍,hontoポイント 1000円分,1000,1,通勤中ふと思い出して / 次回用ポイント購入
1180,19:40,松本 樹_485,48,男,会社員,東京都市部,6650000,Amazon,サブスク,Amazon Prime 年会費 (1年),5900,0,夕食後にカートを処理 / 年次自動更新
1185,19:45,松本 樹_485,48,男,会社員,東京都市部,6650000,楽天市場,食品,台湾カステラ 6個セット,2722,0,夕食後にカートを処理 / 話題スイーツ
1200,20:00,松本 樹_485,48,男,会社員,東京都市部,6650000,Amazon,コーヒー,Blue Bottle Coffee ベラ ドノヴァン 200g,2067,1,夜のリラックス中に / リピート
1020,17:00,佐藤 正樹,70,男,退職,神奈川県,2490000,Amazon,書籍,成瀬は天下を取りに行く (新潮社),1705,1,午後のくつろぎ中に / 本屋大賞
1030,17:10,佐藤 正樹,70,男,退職,神奈川県,2490000,Amazon,コーヒー,猿田彦珈琲 大吉ブレンド ドリップバッグ 10個,1873,1,午後のくつろぎ中に / 気分転換
580,09:40,山崎 翼,19,男,大学生,茨城県,800000,ZOZOTOWN,シューズ,CONVERSE All Star OX 黒 25cm,6600,0,勉強の息抜きに / 定番補充
1175,19:35,山崎 翼,19,男,大学生,茨城県,800000,楽天市場,化粧品,資生堂 マキアージュ ドラマティック ジェリー BB,3614,0,夕食後にカートを処理 / ポイント祭
450,07:30,渡辺 和也,70,男,工場勤務,千葉県,2590000,楽天市場,食品,讃岐うどん 半生 太麺 1kg,1304,0,朝の準備中ふと / 計画通り
710,11:50,渡辺 和也,70,男,工場勤務,千葉県,2590000,MUJI passport,家具,無印良品 やわらかフィットソファ 1人掛け 用 カバー,4990,0,勤務中こっそり / 気分転換
760,12:40,渡辺 和也,70,男,工場勤務,千葉県,2590000,Yahoo!ショッピング,日用品,除菌洗剤 業務用 4L,3195,0,勤務中こっそり / 計画通り
950,15:50,中村 智子,64,女,主婦・主夫,神奈川県,1190000,メルカリ,本,【美品】コンサル一年目が学ぶこと,1055,0,子供の世話の合間に / 後輩から推薦
1095,18:15,中村 智子,64,女,主婦・主夫,神奈川県,1190000,MUJI passport,食品,無印良品 不揃いバウム メープル 5袋,1390,0,夕食後にカートを処理 / おやつストック
480,08:00,石川 亮_490,40,男,看護師,埼玉県,8030000,honto,電子書籍,hontoポイント 1000円分,1000,1,通勤中ふと思い出して / 次回用ポイント購入
850,14:10,石川 亮_490,40,男,看護師,埼玉県,8030000,メルカリ,ホビー,プラモデル HG ガンダムエアリアル 未組立,2298,0,勤務中こっそり / 安心のリピート
1270,21:10,石川 亮_490,40,男,看護師,埼玉県,8030000,Amazon,電化製品,Anker PowerLine III USB-C ケーブル 1.8m,1290,1,夜のリラックス中に / ケーブル断線
1355,22:35,石川 亮_490,40,男,看護師,埼玉県,8030000,MUJI passport,家具,無印良品 ポリエステル 綿フランネル こたつ布団,9990,1,寝る前に思い立って / 安心のリピート
1385,23:05,石川 亮_490,40,男,看護師,埼玉県,8030000,honto,書籍,看護管理2025年4月号,2090,1,寝る前に思い立って / 安心のリピート
930,15:30,鈴木 彩花,28,女,主婦・主夫,茨城県,1360000,MUJI passport,家具,無印良品 やわらかフィットソファ 1人掛け 用 カバー,4990,0,子供の世話の合間に / 気分転換
1135,18:55,鈴木 彩花,28,女,主婦・主夫,茨城県,1360000,楽天市場,化粧品,資生堂 マキアージュ ドラマティック ジェリー BB,3625,0,夕食後にカートを処理 / ポイント祭
510,08:30,山田 雄太,46,男,教員,茨城県,5990000,楽天市場,食品,台湾カステラ 6個セット,2518,0,勤務中こっそり / 安心のリピート
1135,18:55,山田 雄太,46,男,教員,茨城県,5990000,honto,書籍,看護管理2025年4月号,2090,0,夕食後にカートを処理 / 仕事用
1140,19:00,山田 雄太,46,男,教員,茨城県,5990000,Uniqlo online,アパレル,ヒートテック クルーネックT 極暖 (グレー M),1990,0,夕食後にカートを処理 / 冬支度
1155,19:15,山田 雄太,46,男,教員,茨城県,5990000,MUJI passport,アパレル,無印良品 オーガニックコットン Vネック 半袖T 白 M,1490,0,夕食後にカートを処理 / 夏定番
1325,22:05,山田 雄太,46,男,教員,茨城県,5990000,Yahoo!ショッピング,日用品,レノア 本格消臭 詰替 1320ml,974,1,夜のリラックス中に / PayPayキャンペーン
1385,23:05,山田 雄太,46,男,教員,茨城県,5990000,Yahoo!ショッピング,日用品,レノア 本格消臭 詰替 1320ml,883,1,寝る前に思い立って / PayPayキャンペーン
1235,20:35,加藤 達也,54,男,フリーランス,埼玉県,2990000,メルカリ,本,【美品】コンサル一年目が学ぶこと,1101,1,夜のリラックス中に / 後輩から推薦
1290,21:30,加藤 達也,54,男,フリーランス,埼玉県,2990000,Amazon,サブスク,Amazon Prime 年会費 (1年),5900,1,夜のリラックス中に / 年次自動更新
1335,22:15,加藤 達也,54,男,フリーランス,埼玉県,2990000,MUJI passport,食品,無印良品 不揃いバウム メープル 5袋,1390,1,夜のリラックス中に / おやつストック
1360,22:40,加藤 達也,54,男,フリーランス,埼玉県,2990000,Uniqlo online,アパレル,感動パンツ ウルトラライト ストレッチ ストレート (ブラック 32inch),3990,1,夜のリラックス中に / 安心のリピート
600,10:00,伊藤 葵,42,女,主婦・主夫,茨城県,3460000,Amazon,食品,カゴメ 野菜一日これ一本 200ml x 24本,2506,0,家事中スマホで / 安心のリピート
665,11:05,伊藤 葵,42,女,主婦・主夫,茨城県,3460000,Uniqlo online,アパレル,リネンブレンド オープンカラー シャツ 半袖 (オフホワイト L),3990,0,用事の合間に / 安心のリピート
925,15:25,伊藤 葵,42,女,主婦・主夫,茨城県,3460000,Amazon,電化製品,Anker PowerLine III USB-C ケーブル 1.8m,1290,0,子供の世話の合間に / 安心のリピート
1210,20:10,伊藤 葵,42,女,主婦・主夫,茨城県,3460000,Amazon,書籍,ジェイソン流お金の増やし方,1430,0,家族の話題から / 安心のリピート
1345,22:25,伊藤 葵,42,女,主婦・主夫,茨城県,3460000,楽天市場,日用品,コストコ カークランド トイレットペーパー 30ロール,3618,0,家族の話題から / まとめ買いお得
455,07:35,佐藤 翼_495,37,男,会社員,茨城県,4390000,Uniqlo online,アパレル,感動パンツ ウルトラライト ストレッチ ストレート (ブラック 32inch),3990,1,通勤中ふと思い出して / 通勤新調
485,08:05,佐藤 翼_495,37,男,会社員,茨城県,4390000,楽天市場,食品,讃岐うどん 半生 太麺 1kg,1425,1,通勤中ふと思い出して / 新製品が気になって
1190,19:50,佐藤 翼_495,37,男,会社員,茨城県,4390000,Yodobashi.com,ゲーム,Nintendo Switch 2 ソフト 「マリオカートワールド」,9980,0,夕食後にカートを処理 / 発売日購入
1280,21:20,佐藤 翼_495,37,男,会社員,茨城県,4390000,楽天市場,食品,台湾カステラ 6個セット,2543,1,夜のリラックス中に / 話題スイーツ
1345,22:25,佐藤 翼_495,37,男,会社員,茨城県,4390000,Amazon,サブスク,Kindle Unlimited 3ヶ月分,2940,1,夜のリラックス中に / 新製品が気になって
365,06:05,橋本 芽依,35,女,主婦・主夫,神奈川県,2370000,honto,書籍,THE THREE-BODY PROBLEM (English),2980,0,朝の準備中ふと / 原書チャレンジ
615,10:15,橋本 芽依,35,女,主婦・主夫,神奈川県,2370000,Uniqlo online,アパレル,リネンブレンド オープンカラー シャツ 半袖 (オフホワイト L),3990,0,家事中スマホで / 週末カジュアル
765,12:45,橋本 芽依,35,女,主婦・主夫,神奈川県,2370000,メルカリ,アパレル,MUJI 90s ヴィンテージ チノパン 31inch,2827,0,用事の合間に / 古着趣味
1290,21:30,橋本 芽依,35,女,主婦・主夫,神奈川県,2370000,Uniqlo online,アパレル,感動パンツ ウルトラライト ストレッチ ストレート (ブラック 32inch),3990,0,家族の話題から / 通勤新調
525,08:45,佐々木 大翔,35,男,経営者・役員,千葉県,7230000,メルカリ,中古品,【1度使用】iRobot Roomba i3+ 充電器付き,37137,0,勤務中こっそり / 安心のリピート
765,12:45,佐々木 大翔,35,男,経営者・役員,千葉県,7230000,Amazon,電化製品,Anker PowerLine III USB-C ケーブル 1.8m,1290,0,ランチ食べながら / ケーブル断線
775,12:55,佐々木 大翔,35,男,経営者・役員,千葉県,7230000,ZOZOTOWN,シューズ,New Balance 327 グレー x ホワイト 24cm,12100,0,ランチ食べながら / 新色気になって
1150,19:10,佐々木 大翔,35,男,経営者・役員,千葉県,7230000,Yahoo!ショッピング,日用品,除菌洗剤 業務用 4L,2781,0,夕食後にカートを処理 / 安心のリピート
1165,19:25,佐々木 大翔,35,男,経営者・役員,千葉県,7230000,ZOZOTOWN,シューズ,CONVERSE All Star OX 黒 25cm,6600,0,夕食後にカートを処理 / 定番補充
1180,19:40,佐々木 大翔,35,男,経営者・役員,千葉県,7230000,ZOZOTOWN,アパレル,BEAMS HEART リネン ジャケット 7号,14300,0,夕食後にカートを処理 / コーデ用
420,07:00,斎藤 芽依,30,女,主婦・主夫,東京都23区,1490000,Uniqlo online,アパレル,エアリズム コットン クルーネックT 半袖 (ネイビー L),1290,0,朝の準備中ふと / 夏前リピート
930,15:30,斎藤 芽依,30,女,主婦・主夫,東京都23区,1490000,Yahoo!ショッピング,日用品,レノア 本格消臭 詰替 1320ml,906,0,子供の世話の合間に / 安心のリピート
690,11:30,伊藤 千尋,68,女,退職,東京都市部,3010000,iHerb,食品,California Gold ナッツミックス 907g,2614,1,お昼のひと息に / 間食用
900,15:00,伊藤 千尋,68,女,退職,東京都市部,3010000,Amazon,サブスク,Amazon Prime 年会費 (1年),5900,1,午後のくつろぎ中に / 年次自動更新
1080,18:00,伊藤 千尋,68,女,退職,東京都市部,3010000,Yahoo!ショッピング,日用品,除菌洗剤 業務用 4L,3201,0,夕食後にカートを処理 / PayPay祭
480,08:00,前田 千尋,68,女,退職,東京都23区,2720000,Yahoo!ショッピング,日用品,除菌洗剤 業務用 4L,2979,1,朝のゆっくり時間に / PayPay祭
1200,20:00,前田 千尋,68,女,退職,東京都23区,2720000,MUJI passport,アパレル,無印良品 縦横ストレッチ 細身パンツ 黒 32inch,3990,1,TVショッピング見て / 通勤用
760,12:40,吉田 智子,31,女,主婦・主夫,東京都23区,1640000,ZOZOTOWN,シューズ,CONVERSE All Star OX 黒 25cm,6600,0,用事の合間に / 定番補充
1090,18:10,吉田 智子,31,女,主婦・主夫,東京都23区,1640000,メルカリ,本,【美品】コンサル一年目が学ぶこと,1165,0,夕食後にカートを処理 / 後輩から推薦
1175,19:35,吉田 智子,31,女,主婦・主夫,東京都23区,1640000,ZOZOTOWN,アパレル,steven alan 別注 ボーダー T ホワイト x ネイビー,7700,0,夕食後にカートを処理 / ZOZO特集
1290,21:30,吉田 智子,31,女,主婦・主夫,東京都23区,1640000,ZOZOTOWN,アパレル,steven alan 別注 ボーダー T ホワイト x ネイビー,7700,0,家族の話題から / ZOZO特集
925,15:25,木村 颯太,34,男,飲食店,神奈川県,3340000,Uniqlo online,アパレル,エアリズム コットン クルーネックT 半袖 (ネイビー L),1290,0,勤務中こっそり / 夏前リピート
1165,19:25,木村 颯太,34,男,飲食店,神奈川県,3340000,honto,電子書籍,hontoポイント 1000円分,1000,0,夕食後にカートを処理 / 次回用ポイント購入
1210,20:10,木村 颯太,34,男,飲食店,神奈川県,3340000,メルカリ,本,【美品】コンサル一年目が学ぶこと,1176,0,夕食後にカートを処理 / 後輩から推薦
1320,22:00,木村 颯太,34,男,飲食店,神奈川県,3340000,MUJI passport,アパレル,無印良品 縦横ストレッチ 細身パンツ 黒 32inch,3990,1,夜のリラックス中に / 通勤用
925,15:25,清水 美咲,63,女,会社員,千葉県,3570000,Yahoo!ショッピング,日用品,レノア 本格消臭 詰替 1320ml,1076,0,勤務中こっそり / 安心のリピート
1310,21:50,清水 美咲,63,女,会社員,千葉県,3570000,honto,電子書籍,hontoポイント 1000円分,1000,1,夜のリラックス中に / 次回用ポイント購入
1315,21:55,清水 美咲,63,女,会社員,千葉県,3570000,楽天市場,化粧品,KOSE 雪肌精 化粧水 200ml,3074,1,夜のリラックス中に / リピート
485,08:05,池田 智也_504,45,男,公務員,埼玉県,12010000,Uniqlo online,アパレル,感動パンツ ウルトラライト ストレッチ ストレート (ブラック 32inch),3990,1,通勤中ふと思い出して / 通勤新調
1165,19:25,池田 智也_504,45,男,公務員,埼玉県,12010000,楽天市場,日用品,コストコ カークランド トイレットペーパー 30ロール,3589,0,夕食後にカートを処理 / 安心のリピート
1175,19:35,池田 智也_504,45,男,公務員,埼玉県,12010000,Yodobashi.com,ゲーム,PS5 ソフト 「Final Fantasy XVII」,9680,0,夕食後にカートを処理 / シリーズ続編
1220,20:20,池田 智也_504,45,男,公務員,埼玉県,12010000,honto,書籍,THE THREE-BODY PROBLEM (English),2980,1,夜のリラックス中に / 原書チャレンジ
1245,20:45,池田 智也_504,45,男,公務員,埼玉県,12010000,Amazon,日用品,エリエール 消臭+ トイレットペーパー 12ロール ダブル,668,1,夜のリラックス中に / ストック切れ
1295,21:35,池田 智也_504,45,男,公務員,埼玉県,12010000,楽天市場,食品,台湾カステラ 6個セット,2957,1,夜のリラックス中に / 話題スイーツ
575,09:35,井上 貴志,50,男,会社員,東京都市部,3830000,MUJI passport,日用品,無印良品 ポリプロピレン収納ケース 引出式M,1490,0,勤務中こっそり / 計画通り
950,15:50,井上 貴志,50,男,会社員,東京都市部,3830000,MUJI passport,日用品,無印良品 アロマオイル ラベンダー 10ml,1190,0,勤務中こっそり / 安心のリピート
1020,17:00,井上 貴志,50,男,会社員,東京都市部,3830000,Amazon,電子書籍,Kindle ハイキュー!! 文庫版 1-3巻セット,1980,0,勤務中こっそり / 懐かしい
1030,17:10,井上 貴志,50,男,会社員,東京都市部,3830000,Amazon,日用品,エリエール 消臭+ トイレットペーパー 12ロール ダブル,769,0,勤務中こっそり / 計画通り
1065,17:45,井上 貴志,50,男,会社員,東京都市部,3830000,楽天市場,日用品,除菌できるウェットティッシュ 100枚 x 8パック,1712,0,勤務中こっそり / 計画通り
425,07:05,林 達也,38,男,会社員,東京都市部,4380000,Amazon,電化製品,Logicool MX Master 3S ワイヤレスマウス,16134,0,朝の準備中ふと / 計画通り
445,07:25,林 達也,38,男,会社員,東京都市部,4380000,Yodobashi.com,ゲーム,Nintendo Switch 2 ソフト 「マリオカートワールド」,9980,0,朝の準備中ふと / 計画通り
835,13:55,林 達也,38,男,会社員,東京都市部,4380000,MUJI passport,アパレル,無印良品 オーガニックコットン Vネック 半袖T 白 M,1490,0,勤務中こっそり / 夏定番
910,15:10,林 達也,38,男,会社員,東京都市部,4380000,楽天市場,食品,讃岐うどん 半生 太麺 1kg,1326,0,勤務中こっそり / 在庫補充
1315,21:55,林 達也,38,男,会社員,東京都市部,4380000,Uniqlo online,アパレル,エアリズム コットン クルーネックT 半袖 (ネイビー L),1290,1,夜のリラックス中に / 計画通り
1185,19:45,井上 湊,25,男,工場勤務,東京都23区,2900000,メルカリ,中古品,【動作確認済】Sony WH-1000XM4 黒 中古,18935,0,夕食後にカートを処理 / 新品より安い
1195,19:55,井上 湊,25,男,工場勤務,東京都23区,2900000,ZOZOTOWN,アパレル,BEAMS HEART リネン ジャケット 7号,14300,0,夕食後にカートを処理 / コーデ用
1200,20:00,井上 湊,25,男,工場勤務,東京都23区,2900000,メルカリ,本,【美品】コンサル一年目が学ぶこと,1164,0,夕食後にカートを処理 / 安心のリピート
1360,22:40,井上 湊,25,男,工場勤務,東京都23区,2900000,Uniqlo online,アパレル,リネンブレンド オープンカラー シャツ 半袖 (オフホワイト L),3990,1,夜のリラックス中に / 安心のリピート
505,08:25,松本 桜,74,女,退職,東京都23区,1590000,メルカリ,本,【美品】コンサル一年目が学ぶこと,998,1,朝のゆっくり時間に / 後輩から推薦
975,16:15,松本 桜,74,女,退職,東京都23区,1590000,Uniqlo online,アパレル,エアリズム コットン クルーネックT 半袖 (ネイビー L),1290,1,午後のくつろぎ中に / 夏前リピート
1200,20:00,松本 桜,74,女,退職,東京都23区,1590000,メルカリ,アパレル,【未使用】GU リブニットワンピース ベージュ M,1468,1,TVショッピング見て / 試したい色
465,07:45,山崎 智也_509,41,男,パート,東京都23区,1990000,Amazon,電化製品,Anker PowerLine III USB-C ケーブル 1.8m,1290,0,朝の準備中ふと / ケーブル断線
755,12:35,山崎 智也_509,41,男,パート,東京都23区,1990000,Yodobashi.com,電化製品,シャープ プラズマクラスター イオン発生機 IG-NX15,18800,0,勤務中こっそり / 花粉対策
1215,20:15,山崎 智也_509,41,男,パート,東京都23区,1990000,MUJI passport,日用品,無印良品 ポリプロピレン収納ケース 引出式M,1490,0,夕食後にカートを処理 / 整理用
1285,21:25,山崎 智也_509,41,男,パート,東京都23区,1990000,Uniqlo online,アパレル,リネンブレンド オープンカラー シャツ 半袖 (オフホワイト L),3990,1,夜のリラックス中に / 週末カジュアル
580,09:40,渡辺 浩二,47,男,ITエンジニア,埼玉県,11120000,honto,電子書籍,hontoポイント 1000円分,1000,0,仕事の合間に / 安心のリピート
995,16:35,渡辺 浩二,47,男,ITエンジニア,埼玉県,11120000,Amazon,書籍,Kindle Paperwhite シグニチャー エディション,28980,0,仕事の合間に / 読書環境刷新
1035,17:15,渡辺 浩二,47,男,ITエンジニア,埼玉県,11120000,Yahoo!ショッピング,日用品,レノア 本格消臭 詰替 1320ml,1064,0,仕事の合間に / PayPayキャンペーン
1205,20:05,渡辺 浩二,47,男,ITエンジニア,埼玉県,11120000,楽天市場,食品,台湾カステラ 6個セット,2953,1,夜のリラックス中に / 安心のリピート
1250,20:50,渡辺 浩二,47,男,ITエンジニア,埼玉県,11120000,Yahoo!ショッピング,日用品,除菌洗剤 業務用 4L,2890,1,夜のリラックス中に / PayPay祭
730,12:10,渡辺 浩二_511,58,男,会社員,東京都23区,2990000,Yahoo!ショッピング,日用品,除菌洗剤 業務用 4L,2991,0,ランチ食べながら / PayPay祭
1150,19:10,渡辺 浩二_511,58,男,会社員,東京都23区,2990000,メルカリ,中古品,【動作確認済】Sony WH-1000XM4 黒 中古,20961,0,夕食後にカートを処理 / 新品より安い
1300,21:40,渡辺 浩二_511,58,男,会社員,東京都23区,2990000,honto,書籍,看護管理2025年4月号,2090,1,夜のリラックス中に / 仕事用
1390,23:10,渡辺 浩二_511,58,男,会社員,東京都23区,2990000,Amazon,サブスク,Kindle Unlimited 3ヶ月分,2940,1,寝る前に思い立って / 安心のリピート
950,15:50,山口 節子,43,女,公務員,東京都23区,7260000,楽天市場,食品,台湾カステラ 6個セット,2615,0,勤務中こっそり / 話題スイーツ
1120,18:40,山口 節子,43,女,公務員,東京都23区,7260000,Amazon,日用品,ピジョン 親子で使える泡シャンプー 詰替 350ml,730,1,通勤中ふと思い出して / 安心のリピート
1140,19:00,山口 節子,43,女,公務員,東京都23区,7260000,honto,書籍,夜は短し歩けよ乙女 (角川文庫),770,0,夕食後にカートを処理 / 再読
1220,20:20,山口 節子,43,女,公務員,東京都23区,7260000,楽天市場,食品,北海道産 ホタテ貝柱 1kg 訳あり,8327,1,夜のリラックス中に / ポイント10倍
1220,20:20,佐藤 悦子_513,75,女,工場勤務,埼玉県,5360000,Amazon,電化製品,Logicool MX Master 3S ワイヤレスマウス,15040,0,夕食後にカートを処理 / 新調
1325,22:05,佐藤 悦子_513,75,女,工場勤務,埼玉県,5360000,MUJI passport,家具,無印良品 体にフィットするソファ 用 カバー,5990,1,夜のリラックス中に / 汚れ補充
840,14:00,松本 理恵_514,20,女,大学生,東京都市部,870000,Amazon,コーヒー,UCC ザ ブレンド 114 レギュラーコーヒー 360g x 6,4905,0,勉強の息抜きに / 在宅用ストック
1405,23:25,松本 理恵_514,20,女,大学生,東京都市部,870000,SHEIN,雑貨,SHEIN シルバーチェーンネックレス 3点セット,646,1,Instagram で広告見て / Y2Kコーデ
1175,19:35,清水 杏_515,61,女,会社員,神奈川県,2810000,Uniqlo online,アパレル,ヒートテック クルーネックT 極暖 (グレー M),1990,0,夕食後にカートを処理 / 安心のリピート
1230,20:30,清水 杏_515,61,女,会社員,神奈川県,2810000,MUJI passport,日用品,無印良品 アロマオイル ラベンダー 10ml,1190,1,夜のリラックス中に / リラックス
1000,16:40,小林 ハル,52,女,主婦・主夫,埼玉県,1030000,Yahoo!ショッピング,日用品,レノア 本格消臭 詰替 1320ml,1076,0,子供の世話の合間に / PayPayキャンペーン
1260,21:00,小林 ハル,52,女,主婦・主夫,埼玉県,1030000,Uniqlo online,アパレル,リネンブレンド オープンカラー シャツ 半袖 (オフホワイト L),3990,0,家族の話題から / 週末カジュアル
580,09:40,佐藤 桜,44,女,会社員,栃木県,7270000,Uniqlo online,アパレル,感動パンツ ウルトラライト ストレッチ ストレート (ブラック 32inch),3990,0,勤務中こっそり / 通勤新調
780,13:00,佐藤 桜,44,女,会社員,栃木県,7270000,Uniqlo online,アパレル,リネンブレンド オープンカラー シャツ 半袖 (オフホワイト L),3990,0,勤務中こっそり / 週末カジュアル
1135,18:55,佐藤 桜,44,女,会社員,栃木県,7270000,Uniqlo online,アパレル,エアリズム コットン クルーネックT 半袖 (ネイビー L),1290,0,夕食後にカートを処理 / 夏前リピート
1175,19:35,佐藤 桜,44,女,会社員,栃木県,7270000,Amazon,食品,KIRIN 自然が磨いた天然水 2L x 9本,1380,0,夕食後にカートを処理 / 備蓄
1205,20:05,佐藤 桜,44,女,会社員,栃木県,7270000,iHerb,サプリ,California Gold ビタミンC 1000mg 240粒,2237,1,夜のリラックス中に / 安心のリピート
1385,23:05,佐藤 桜,44,女,会社員,栃木県,7270000,メルカリ,中古品,【動作確認済】Sony WH-1000XM4 黒 中古,22675,1,寝る前に思い立って / 新品より安い
550,09:10,加藤 彩_518,73,女,退職,東京都市部,1930000,MUJI passport,家具,無印良品 やわらかフィットソファ 1人掛け 用 カバー,4990,1,朝のゆっくり時間に / 気分転換
740,12:20,加藤 彩_518,73,女,退職,東京都市部,1930000,Yahoo!ショッピング,日用品,除菌洗剤 業務用 4L,2884,0,ランチ食べながら / 安心のリピート
810,13:30,林 杏_519,65,女,退職,東京都23区,2460000,Uniqlo online,アパレル,リネンブレンド オープンカラー シャツ 半袖 (オフホワイト L),3990,1,お昼のひと息に / 週末カジュアル
1130,18:50,林 杏_519,65,女,退職,東京都23区,2460000,Amazon,電子書籍,Kindle 進撃の巨人 最終34巻,538,0,夕食後にカートを処理 / シリーズ完結
1175,19:35,林 杏_519,65,女,退職,東京都23区,2460000,honto,書籍,THE THREE-BODY PROBLEM (English),2980,0,夕食後にカートを処理 / 原書チャレンジ
410,06:50,井上 拓海,26,男,公務員,埼玉県,3470000,Yahoo!ショッピング,日用品,除菌洗剤 業務用 4L,2981,0,朝の準備中ふと / PayPay祭
420,07:00,井上 拓海,26,男,公務員,埼玉県,3470000,Yahoo!ショッピング,日用品,レノア 本格消臭 詰替 1320ml,1005,0,朝の準備中ふと / PayPayキャンペーン
550,09:10,井上 拓海,26,男,公務員,埼玉県,3470000,Amazon,電化製品,Anker PowerLine III USB-C ケーブル 1.8m,1290,0,勤務中こっそり / ケーブル断線
610,10:10,井上 拓海,26,男,公務員,埼玉県,3470000,Yodobashi.com,電化製品,シャープ プラズマクラスター イオン発生機 IG-NX15,18800,0,勤務中こっそり / 花粉対策
1305,21:45,井上 拓海,26,男,公務員,埼玉県,3470000,MUJI passport,アパレル,無印良品 縦横ストレッチ 細身パンツ 黒 32inch,3990,1,夜のリラックス中に / 通勤用
830,13:50,石川 京子,59,女,教員,神奈川県,4300000,honto,電子書籍,hontoポイント 1000円分,1000,0,勤務中こっそり / 次回用ポイント購入
1165,19:25,石川 京子,59,女,教員,神奈川県,4300000,Amazon,コーヒー,STARBUCKS ハウス ブレンド ホール 250g,1397,0,夕食後にカートを処理 / 切らした
1180,19:40,石川 京子,59,女,教員,神奈川県,4300000,Yahoo!ショッピング,日用品,除菌洗剤 業務用 4L,2757,0,夕食後にカートを処理 / PayPay祭
1195,19:55,石川 京子,59,女,教員,神奈川県,4300000,honto,電子書籍,hontoポイント 1000円分,1000,0,夕食後にカートを処理 / 安心のリピート
1375,22:55,石川 京子,59,女,教員,神奈川県,4300000,Uniqlo online,アパレル,エアリズム コットン クルーネックT 半袖 (ネイビー L),1290,1,寝る前に思い立って / 夏前リピート
360,06:00,石川 美咲_522,32,女,主婦・主夫,群馬県,1800000,ZOZOTOWN,シューズ,CONVERSE All Star OX 黒 25cm,6600,0,朝の準備中ふと / 定番補充
585,09:45,石川 美咲_522,32,女,主婦・主夫,群馬県,1800000,メルカリ,ホビー,プラモデル HG ガンダムエアリアル 未組立,1801,0,家事中スマホで / 積みプラ追加
700,11:40,石川 美咲_522,32,女,主婦・主夫,群馬県,1800000,honto,電子書籍,hontoポイント 1000円分,1000,0,用事の合間に / 次回用ポイント購入
920,15:20,石川 美咲_522,32,女,主婦・主夫,群馬県,1800000,Uniqlo online,アパレル,エアリズム コットン クルーネックT 半袖 (ネイビー L),1290,0,子供の世話の合間に / 夏前リピート
505,08:25,井上 正樹_523,36,男,工場勤務,東京都23区,4380000,Uniqlo online,アパレル,リネンブレンド オープンカラー シャツ 半袖 (オフホワイト L),3990,0,朝の準備中ふと / 週末カジュアル
640,10:40,井上 正樹_523,36,男,工場勤務,東京都23区,4380000,楽天市場,日用品,コストコ カークランド トイレットペーパー 30ロール,3877,0,勤務中こっそり / まとめ買いお得
910,15:10,井上 正樹_523,36,男,工場勤務,東京都23区,4380000,Uniqlo online,アパレル,感動パンツ ウルトラライト ストレッチ ストレート (ブラック 32inch),3990,0,勤務中こっそり / 通勤新調
1115,18:35,井上 正樹_523,36,男,工場勤務,東京都23区,4380000,Amazon,電子書籍,Kindle 三体III 死神永生 上,1820,0,勤務中こっそり / 話題のSF
1365,22:45,井上 正樹_523,36,男,工場勤務,東京都23区,4380000,Uniqlo online,アパレル,リネンブレンド オープンカラー シャツ 半袖 (オフホワイト L),3990,1,夜のリラックス中に / 週末カジュアル
1240,20:40,清水 結衣,76,女,パート,神奈川県,1760000,Uniqlo online,アパレル,感動パンツ ウルトラライト ストレッチ ストレート (ブラック 32inch),3990,1,夜のリラックス中に / 通勤新調
1295,21:35,清水 結衣,76,女,パート,神奈川県,1760000,Amazon,食品,KIRIN 自然が磨いた天然水 2L x 9本,1380,1,夜のリラックス中に / 備蓄
685,11:25,伊藤 樹,26,男,会社員,東京都23区,2880000,Uniqlo online,アパレル,リネンブレンド オープンカラー シャツ 半袖 (オフホワイト L),3990,0,勤務中こっそり / 週末カジュアル
1000,16:40,伊藤 樹,26,男,会社員,東京都23区,2880000,ZOZOTOWN,シューズ,New Balance 327 グレー x ホワイト 24cm,12100,0,勤務中こっそり / 新色気になって
1155,19:15,伊藤 樹,26,男,会社員,東京都23区,2880000,Yahoo!ショッピング,日用品,レノア 本格消臭 詰替 1320ml,985,0,夕食後にカートを処理 / PayPayキャンペーン
1260,21:00,伊藤 樹,26,男,会社員,東京都23区,2880000,Uniqlo online,アパレル,エアリズム コットン クルーネックT 半袖 (ネイビー L),1290,1,夜のリラックス中に / 夏前リピート
665,11:05,小林 杏,58,女,会社員,神奈川県,4470000,MUJI passport,日用品,無印良品 アロマオイル ラベンダー 10ml,1190,0,勤務中こっそり / リラックス
805,13:25,小林 杏,58,女,会社員,神奈川県,4470000,MUJI passport,食品,無印良品 素材を生かしたカレー グリーン,350,0,勤務中こっそり / ストック補充
820,13:40,小林 杏,58,女,会社員,神奈川県,4470000,メルカリ,ホビー,ポケモンカード SV6a スカーレットex 1BOX,7864,0,勤務中こっそり / 再販分
1375,22:55,小林 杏,58,女,会社員,神奈川県,4470000,Amazon,食品,KIRIN 自然が磨いた天然水 2L x 9本,1380,1,寝る前に思い立って / 備蓄
1140,19:00,松本 彩花_527,41,女,飲食店,神奈川県,5540000,メルカリ,ホビー,【美品】鬼滅の刃 全巻セット 1-23巻,8826,0,夕食後にカートを処理 / 一気読み用
1170,19:30,松本 彩花_527,41,女,飲食店,神奈川県,5540000,楽天市場,日用品,コストコ カークランド トイレットペーパー 30ロール,3899,0,夕食後にカートを処理 / まとめ買いお得
1210,20:10,松本 彩花_527,41,女,飲食店,神奈川県,5540000,Amazon,日用品,LION クリニカ アドバンテージ ハミガキ 130g x 3,1255,0,夕食後にカートを処理 / 安心のリピート
1240,20:40,松本 彩花_527,41,女,飲食店,神奈川県,5540000,Amazon,書籍,ジェイソン流お金の増やし方,1430,1,夜のリラックス中に / 計画通り
1150,19:10,橋本 蓮,57,男,飲食店,東京都23区,3870000,MUJI passport,アパレル,無印良品 縦横ストレッチ 細身パンツ 黒 32inch,3990,0,夕食後にカートを処理 / 通勤用
1285,21:25,橋本 蓮,57,男,飲食店,東京都23区,3870000,honto,電子書籍,hontoポイント 1000円分,1000,1,夜のリラックス中に / 次回用ポイント購入
1300,21:40,橋本 蓮,57,男,飲食店,東京都23区,3870000,honto,書籍,THE THREE-BODY PROBLEM (English),2980,1,夜のリラックス中に / 原書チャレンジ
1360,22:40,橋本 蓮,57,男,飲食店,東京都23区,3870000,Uniqlo online,アパレル,ヒートテック クルーネックT 極暖 (グレー M),1990,1,夜のリラックス中に / 冬支度
455,07:35,山崎 葵_529,43,女,会社員,茨城県,5660000,楽天市場,日用品,除菌できるウェットティッシュ 100枚 x 8パック,1496,1,通勤中ふと思い出して / ポイント10倍
1165,19:25,山崎 葵_529,43,女,会社員,茨城県,5660000,Uniqlo online,アパレル,感動パンツ ウルトラライト ストレッチ ストレート (ブラック 32inch),3990,0,夕食後にカートを処理 / 通勤新調
1210,20:10,山崎 葵_529,43,女,会社員,茨城県,5660000,MUJI passport,日用品,無印良品 アロマオイル ラベンダー 10ml,1190,1,夜のリラックス中に / リラックス
1240,20:40,山崎 葵_529,43,女,会社員,茨城県,5660000,Uniqlo online,アパレル,エアリズム コットン クルーネックT 半袖 (ネイビー L),1290,1,夜のリラックス中に / 夏前リピート
1255,20:55,山崎 葵_529,43,女,会社員,茨城県,5660000,iHerb,サプリ,Now Foods マルチビタミン ADAM 90粒,2880,1,夜のリラックス中に / 夫向け
1320,22:00,山崎 葵_529,43,女,会社員,茨城県,5660000,Oisix,食品,Oisix おうちレストラン 旬の野菜セット,3980,1,夜のリラックス中に / 週末まとめ
1375,22:55,山崎 葵_529,43,女,会社員,茨城県,5660000,honto,電子書籍,hontoポイント 1000円分,1000,1,寝る前に思い立って / 次回用ポイント購入
1190,19:50,中村 義男,23,男,販売員,神奈川県,2680000,honto,電子書籍,hontoポイント 1000円分,1000,0,夕食後にカートを処理 / 次回用ポイント購入
1220,20:20,中村 義男,23,男,販売員,神奈川県,2680000,Amazon,食品,カルビー フルグラ 800g x 3,2911,0,夕食後にカートを処理 / 朝食まとめ
1340,22:20,中村 義男,23,男,販売員,神奈川県,2680000,Uniqlo online,アパレル,エアリズム コットン クルーネックT 半袖 (ネイビー L),1290,1,夜のリラックス中に / 夏前リピート
1345,22:25,中村 義男,23,男,販売員,神奈川県,2680000,ZOZOTOWN,アパレル,SLY オーバーサイズ スウェット M ベージュ,8800,1,夜のリラックス中に / 韓国っぽい
1000,16:40,田中 大翔_531,59,男,会社員,東京都市部,4160000,Yahoo!ショッピング,日用品,レノア 本格消臭 詰替 1320ml,998,0,勤務中こっそり / 安心のリピート
1075,17:55,田中 大翔_531,59,男,会社員,東京都市部,4160000,MUJI passport,食品,無印良品 不揃いバウム メープル 5袋,1390,0,勤務中こっそり / おやつストック
1265,21:05,田中 大翔_531,59,男,会社員,東京都市部,4160000,Yahoo!ショッピング,日用品,レノア 本格消臭 詰替 1320ml,1037,1,夜のリラックス中に / PayPayキャンペーン
1310,21:50,田中 大翔_531,59,男,会社員,東京都市部,4160000,Yahoo!ショッピング,日用品,レノア 本格消臭 詰替 1320ml,1023,1,夜のリラックス中に / PayPayキャンペーン
1085,18:05,池田 結衣,48,女,会社員,東京都23区,3240000,MUJI passport,日用品,無印良品 アロマオイル ラベンダー 10ml,1190,1,通勤中ふと思い出して / リラックス
1095,18:15,池田 結衣,48,女,会社員,東京都23区,3240000,honto,書籍,THE THREE-BODY PROBLEM (English),2980,1,通勤中ふと思い出して / 原書チャレンジ
1235,20:35,池田 結衣,48,女,会社員,東京都23区,3240000,MUJI passport,食品,無印良品 素材を生かしたカレー グリーン,350,1,夜のリラックス中に / ストック補充
1290,21:30,池田 結衣,48,女,会社員,東京都23区,3240000,Amazon,食品,カゴメ 野菜一日これ一本 200ml x 24本,2667,1,夜のリラックス中に / 朝の野菜
1345,22:25,池田 結衣,48,女,会社員,東京都23区,3240000,Oisix,食品,Kit Oisix 牛肉と野菜のチンジャオロース 2人前,1580,1,夜のリラックス中に / 今夜の献立
450,07:30,加藤 智也,34,男,会社員,東京都市部,4320000,楽天市場,食品,台湾カステラ 6個セット,2746,1,通勤中ふと思い出して / 話題スイーツ
760,12:40,加藤 智也,34,男,会社員,東京都市部,4320000,honto,書籍,看護管理2025年4月号,2090,0,ランチ食べながら / 仕事用
1165,19:25,加藤 智也,34,男,会社員,東京都市部,4320000,楽天市場,日用品,除菌できるウェットティッシュ 100枚 x 8パック,1577,0,夕食後にカートを処理 / ポイント10倍
1255,20:55,加藤 智也,34,男,会社員,東京都市部,4320000,ZOZOTOWN,アパレル,steven alan 別注 ボーダー T ホワイト x ネイビー,7700,1,夜のリラックス中に / ZOZO特集
1280,21:20,加藤 智也,34,男,会社員,東京都市部,4320000,Amazon,書籍,成瀬は天下を取りに行く (新潮社),1705,1,夜のリラックス中に / 本屋大賞
495,08:15,清水 健太,28,男,パート,東京都23区,1130000,MUJI passport,アパレル,無印良品 オーガニックコットン Vネック 半袖T 白 M,1490,0,朝の準備中ふと / 夏定番
1155,19:15,清水 健太,28,男,パート,東京都23区,1130000,Uniqlo online,アパレル,リネンブレンド オープンカラー シャツ 半袖 (オフホワイト L),3990,0,夕食後にカートを処理 / 週末カジュアル
450,07:30,長谷川 葵,43,女,販売員,茨城県,5160000,Yodobashi.com,電化製品,シャープ プラズマクラスター イオン発生機 IG-NX15,18800,0,朝の準備中ふと / 花粉対策
690,11:30,長谷川 葵,43,女,販売員,茨城県,5160000,Uniqlo online,アパレル,エアリズム コットン クルーネックT 半袖 (ネイビー L),1290,0,勤務中こっそり / 夏前リピート
1130,18:50,長谷川 葵,43,女,販売員,茨城県,5160000,Amazon,コーヒー,STARBUCKS ハウス ブレンド ホール 250g,1397,0,勤務中こっそり / 切らした
1240,20:40,長谷川 葵,43,女,販売員,茨城県,5160000,honto,電子書籍,hontoポイント 1000円分,1000,1,夜のリラックス中に / 次回用ポイント購入
1295,21:35,長谷川 葵,43,女,販売員,茨城県,5160000,iHerb,サプリ,Solgar 鉄分 25mg 90粒,1806,1,夜のリラックス中に / 貧血対策
1320,22:00,長谷川 葵,43,女,販売員,茨城県,5160000,Yahoo!ショッピング,日用品,除菌洗剤 業務用 4L,3130,1,夜のリラックス中に / PayPay祭
500,08:20,清水 綾,29,女,会社員,東京都23区,2720000,Uniqlo online,アパレル,ヒートテック クルーネックT 極暖 (グレー M),1990,0,勤務中こっそり / 冬支度
1100,18:20,清水 綾,29,女,会社員,東京都23区,2720000,ZOZOTOWN,シューズ,New Balance 327 グレー x ホワイト 24cm,12100,1,通勤中ふと思い出して / 新色気になって
1240,20:40,清水 綾,29,女,会社員,東京都23区,2720000,メチャカリ,アパレル,メチャカリ ベーシックプラン 月額,3278,1,夜のリラックス中に / サブスクで色々試したい
1265,21:05,清水 綾,29,女,会社員,東京都23区,2720000,Amazon,サブスク,Amazon Prime 年会費 (1年),5900,1,夜のリラックス中に / 年次自動更新
455,07:35,田中 克彦,61,男,会社員,茨城県,5380000,MUJI passport,食品,無印良品 素材を生かしたカレー グリーン,350,1,通勤中ふと思い出して / 計画通り
1045,17:25,田中 克彦,61,男,会社員,茨城県,5380000,honto,書籍,看護管理2025年4月号,2090,0,勤務中こっそり / 安心のリピート
770,12:50,佐藤 千尋,63,女,パート,神奈川県,1550000,メルカリ,中古品,【動作確認済】Sony WH-1000XM4 黒 中古,20350,0,勤務中こっそり / 新品より安い
1215,20:15,佐藤 千尋,63,女,パート,神奈川県,1550000,Uniqlo online,アパレル,感動パンツ ウルトラライト ストレッチ ストレート (ブラック 32inch),3990,0,夕食後にカートを処理 / 通勤新調
430,07:10,前田 達也,48,男,会社員,東京都23区,7910000,Amazon,電子書籍,Kindle 進撃の巨人 最終34巻,538,0,朝の準備中ふと / シリーズ完結
925,15:25,前田 達也,48,男,会社員,東京都23区,7910000,Yahoo!ショッピング,日用品,レノア 本格消臭 詰替 1320ml,998,0,勤務中こっそり / PayPayキャンペーン
1085,18:05,前田 達也,48,男,会社員,東京都23区,7910000,Uniqlo online,アパレル,ヒートテック クルーネックT 極暖 (グレー M),1990,1,通勤中ふと思い出して / 冬支度
1105,18:25,前田 達也,48,男,会社員,東京都23区,7910000,楽天市場,日用品,コストコ カークランド トイレットペーパー 30ロール,3643,1,通勤中ふと思い出して / まとめ買いお得
1180,19:40,前田 達也,48,男,会社員,東京都23区,7910000,MUJI passport,アパレル,無印良品 オーガニックコットン Vネック 半袖T 白 M,1490,0,夕食後にカートを処理 / 夏定番
1325,22:05,前田 達也,48,男,会社員,東京都23区,7910000,Uniqlo online,アパレル,リネンブレンド オープンカラー シャツ 半袖 (オフホワイト L),3990,1,夜のリラックス中に / 週末カジュアル
1330,22:10,前田 達也,48,男,会社員,東京都23区,7910000,honto,電子書籍,hontoポイント 1000円分,1000,1,夜のリラックス中に / 次回用ポイント購入
430,07:10,斎藤 翼,37,男,飲食店,東京都23区,2980000,Yodobashi.com,電化製品,シャープ プラズマクラスター イオン発生機 IG-NX15,18800,0,朝の準備中ふと / 花粉対策
1160,19:20,斎藤 翼,37,男,飲食店,東京都23区,2980000,Yodobashi.com,ゲーム,Nintendo Switch 2 ソフト 「マリオカートワールド」,9980,0,夕食後にカートを処理 / 発売日購入
1245,20:45,斎藤 翼,37,男,飲食店,東京都23区,2980000,Yahoo!ショッピング,日用品,除菌洗剤 業務用 4L,3007,1,夜のリラックス中に / 安心のリピート
1310,21:50,斎藤 翼,37,男,飲食店,東京都23区,2980000,Yodobashi.com,電化製品,シャープ プラズマクラスター イオン発生機 IG-NX15,18800,1,夜のリラックス中に / 安心のリピート
370,06:10,木村 和也,66,男,主婦・主夫,神奈川県,1020000,Amazon,電子書籍,Kindle ハイキュー!! 文庫版 1-3巻セット,1980,0,朝の準備中ふと / 懐かしい
1155,19:15,木村 和也,66,男,主婦・主夫,神奈川県,1020000,Amazon,書籍,達人プログラマー 第2版 (オーム社),3520,0,夕食後にカートを処理 / 技術書
615,10:15,小林 ハル_542,53,女,販売員,東京都23区,4200000,iHerb,食品,California Gold ナッツミックス 907g,2612,0,勤務中こっそり / 間食用
1195,19:55,小林 ハル_542,53,女,販売員,東京都23区,4200000,MUJI passport,食品,無印良品 素材を生かしたカレー グリーン,350,0,夕食後にカートを処理 / ストック補充
1305,21:45,小林 ハル_542,53,女,販売員,東京都23区,4200000,Amazon,書籍,世界一流エンジニアの思考法 (文春新書),990,1,夜のリラックス中に / 話題本
1325,22:05,小林 ハル_542,53,女,販売員,東京都23区,4200000,Yahoo!ショッピング,日用品,レノア 本格消臭 詰替 1320ml,958,1,夜のリラックス中に / PayPayキャンペーン
1355,22:35,小林 ハル_542,53,女,販売員,東京都23区,4200000,Yahoo!ショッピング,日用品,レノア 本格消臭 詰替 1320ml,948,1,夜のリラックス中に / 安心のリピート
550,09:10,高橋 結愛_543,69,女,退職,東京都市部,1570000,Amazon,書籍,達人プログラマー 第2版 (オーム社),3520,1,朝のゆっくり時間に / 安心のリピート
815,13:35,高橋 結愛_543,69,女,退職,東京都市部,1570000,Uniqlo online,アパレル,エアリズム コットン クルーネックT 半袖 (ネイビー L),1290,1,お昼のひと息に / 夏前リピート
505,08:25,鈴木 桜,73,女,退職,埼玉県,3210000,Uniqlo online,アパレル,感動パンツ ウルトラライト ストレッチ ストレート (ブラック 32inch),3990,1,朝のゆっくり時間に / 通勤新調
550,09:10,鈴木 桜,73,女,退職,埼玉県,3210000,Yahoo!ショッピング,日用品,レノア 本格消臭 詰替 1320ml,982,1,朝のゆっくり時間に / PayPayキャンペーン
1130,18:50,山崎 悠人,30,男,公務員,東京都23区,8090000,iHerb,化粧品,CeraVe フェイシャル モイスチャライザー 89ml,2653,0,夕食後にカートを処理 / 海外定番
1190,19:50,山崎 悠人,30,男,公務員,東京都23区,8090000,Amazon,書籍,ジェイソン流お金の増やし方,1430,0,夕食後にカートを処理 / 投資勉強
1215,20:15,山崎 悠人,30,男,公務員,東京都23区,8090000,ZOZOTOWN,アパレル,steven alan 別注 ボーダー T ホワイト x ネイビー,7700,1,夜のリラックス中に / ZOZO特集
1245,20:45,山崎 悠人,30,男,公務員,東京都23区,8090000,ZOZOTOWN,シューズ,CONVERSE All Star OX 黒 25cm,6600,1,夜のリラックス中に / 定番補充
1345,22:25,山崎 悠人,30,男,公務員,東京都23区,8090000,MUJI passport,アパレル,無印良品 オーガニックコットン Vネック 半袖T 白 M,1490,1,夜のリラックス中に / 夏定番
410,06:50,石川 樹,36,男,公務員,東京都23区,5020000,Uniqlo online,アパレル,エアリズム コットン クルーネックT 半袖 (ネイビー L),1290,0,朝の準備中ふと / 夏前リピート
465,07:45,石川 樹,36,男,公務員,東京都23区,5020000,MUJI passport,アパレル,無印良品 オーガニックコットン Vネック 半袖T 白 M,1490,1,通勤中ふと思い出して / 夏定番
570,09:30,石川 樹,36,男,公務員,東京都23区,5020000,Yodobashi.com,電化製品,シャープ プラズマクラスター イオン発生機 IG-NX15,18800,0,勤務中こっそり / 花粉対策
1150,19:10,石川 樹,36,男,公務員,東京都23区,5020000,MUJI passport,食品,無印良品 素材を生かしたカレー グリーン,350,0,夕食後にカートを処理 / ストック補充
1260,21:00,石川 樹,36,男,公務員,東京都23区,5020000,Uniqlo online,アパレル,リネンブレンド オープンカラー シャツ 半袖 (オフホワイト L),3990,1,夜のリラックス中に / 週末カジュアル
1400,23:20,石川 樹,36,男,公務員,東京都23区,5020000,Amazon,日用品,クイックル ワイパー 立体吸着 ウェット 32枚,1087,1,寝る前に思い立って / リピート
1040,17:20,長谷川 克彦,77,男,退職,茨城県,2400000,MUJI passport,家具,無印良品 ポリエステル 綿フランネル こたつ布団,9990,1,午後のくつろぎ中に / 冬支度
1285,21:25,長谷川 克彦,77,男,退職,茨城県,2400000,Yahoo!ショッピング,日用品,除菌洗剤 業務用 4L,3122,1,TVショッピング見て / PayPay祭
1115,18:35,加藤 拓海,31,男,看護師,神奈川県,3220000,メルカリ,アパレル,【美品】UNIQLO x JW Anderson コラボ ニット L,3528,1,通勤中ふと思い出して / コラボ品再入手
1180,19:40,加藤 拓海,31,男,看護師,神奈川県,3220000,楽天市場,日用品,除菌できるウェットティッシュ 100枚 x 8パック,1784,0,夕食後にカートを処理 / ポイント10倍
1280,21:20,加藤 拓海,31,男,看護師,神奈川県,3220000,ZOZOTOWN,アパレル,SLY オーバーサイズ スウェット M ベージュ,8800,1,夜のリラックス中に / 韓国っぽい
1350,22:30,加藤 拓海,31,男,看護師,神奈川県,3220000,Uniqlo online,アパレル,感動パンツ ウルトラライト ストレッチ ストレート (ブラック 32inch),3990,1,寝る前に思い立って / 通勤新調
1365,22:45,加藤 拓海,31,男,看護師,神奈川県,3220000,Amazon,電子書籍,Kindle 三体III 死神永生 上,1820,1,寝る前に思い立って / 話題のSF
850,14:10,前田 和也,21,男,パート,群馬県,840000,Amazon,日用品,ファブリーズ 衣類消臭スプレー 370ml x 2,1000,0,勤務中こっそり / 切らした
1295,21:35,前田 和也,21,男,パート,群馬県,840000,MUJI passport,日用品,無印良品 アロマオイル ラベンダー 10ml,1190,1,夜のリラックス中に / リラックス
485,08:05,清水 貴志_550,26,男,工場勤務,群馬県,4250000,Uniqlo online,アパレル,エアリズム コットン クルーネックT 半袖 (ネイビー L),1290,0,朝の準備中ふと / 夏前リピート
1155,19:15,清水 貴志_550,26,男,工場勤務,群馬県,4250000,メルカリ,本,【美品】コンサル一年目が学ぶこと,1054,0,夕食後にカートを処理 / 後輩から推薦
1160,19:20,清水 貴志_550,26,男,工場勤務,群馬県,4250000,ZOZOTOWN,アパレル,BEAMS HEART リネン ジャケット 7号,14300,0,夕食後にカートを処理 / コーデ用
1260,21:00,清水 貴志_550,26,男,工場勤務,群馬県,4250000,ZOZOTOWN,アパレル,nano universe テーパード パンツ 9号,11000,1,夜のリラックス中に / オフィス用
1295,21:35,清水 貴志_550,26,男,工場勤務,群馬県,4250000,Amazon,日用品,クイックル ワイパー 立体吸着 ウェット 32枚,957,1,夜のリラックス中に / リピート
695,11:35,林 京子,62,女,フリーランス,茨城県,3900000,楽天市場,日用品,コストコ カークランド トイレットペーパー 30ロール,3870,0,仕事の合間に / まとめ買いお得
740,12:20,林 京子,62,女,フリーランス,茨城県,3900000,honto,書籍,看護管理2025年4月号,2090,0,ランチ食べながら / 仕事用
970,16:10,佐藤 美咲_552,62,女,教員,神奈川県,4980000,Uniqlo online,アパレル,エアリズム コットン クルーネックT 半袖 (ネイビー L),1290,0,勤務中こっそり / 安心のリピート
1280,21:20,佐藤 美咲_552,62,女,教員,神奈川県,4980000,Uniqlo online,アパレル,ヒートテック クルーネックT 極暖 (グレー M),1990,1,夜のリラックス中に / 安心のリピート
785,13:05,田中 節子,21,女,販売員,茨城県,1270000,メチャカリ,アパレル,メチャカリ ベーシックプラン 月額,3278,0,ランチ食べながら / サブスクで色々試したい
1185,19:45,田中 節子,21,女,販売員,茨城県,1270000,メルカリ,中古品,【動作確認済】Sony WH-1000XM4 黒 中古,22612,0,夕食後にカートを処理 / 新品より安い
425,07:05,池田 杏,30,女,教員,茨城県,5100000,楽天市場,化粧品,資生堂 マキアージュ ドラマティック ジェリー BB,3605,0,朝の準備中ふと / ポイント祭
780,13:00,池田 杏,30,女,教員,茨城県,5100000,メチャカリ,アパレル,メチャカリ ベーシックプラン 月額,3278,0,勤務中こっそり / サブスクで色々試したい
1100,18:20,池田 杏,30,女,教員,茨城県,5100000,メチャカリ,アパレル,メチャカリ ベーシックプラン 月額,3278,1,通勤中ふと思い出して / サブスクで色々試したい
1230,20:30,池田 杏,30,女,教員,茨城県,5100000,Uniqlo online,アパレル,リネンブレンド オープンカラー シャツ 半袖 (オフホワイト L),3990,1,夜のリラックス中に / 週末カジュアル
1325,22:05,池田 杏,30,女,教員,茨城県,5100000,楽天市場,食品,北海道産 ホタテ貝柱 1kg 訳あり,7581,1,夜のリラックス中に / ポイント10倍
1395,23:15,池田 杏,30,女,教員,茨城県,5100000,ZOZOTOWN,アパレル,BEAMS HEART リネン ジャケット 7号,14300,1,寝る前に思い立って / コーデ用
1000,16:40,山本 美咲,47,女,工場勤務,千葉県,4600000,楽天市場,日用品,コストコ カークランド トイレットペーパー 30ロール,3867,0,勤務中こっそり / まとめ買いお得
1010,16:50,山本 美咲,47,女,工場勤務,千葉県,4600000,Amazon,電化製品,Anker 737 Power Bank 24000mAh 140W,20530,0,勤務中こっそり / 出張用
1245,20:45,山本 美咲,47,女,工場勤務,千葉県,4600000,メルカリ,本,【美品】コンサル一年目が学ぶこと,1124,1,夜のリラックス中に / 計画通り
1325,22:05,山本 美咲,47,女,工場勤務,千葉県,4600000,Uniqlo online,アパレル,ヒートテック クルーネックT 極暖 (グレー M),1990,1,夜のリラックス中に / 計画通り
1345,22:25,山本 美咲,47,女,工場勤務,千葉県,4600000,楽天市場,食品,讃岐うどん 半生 太麺 1kg,1345,1,夜のリラックス中に / 在庫補充
605,10:05,岡田 雄太,50,男,会社員,東京都市部,5410000,MUJI passport,日用品,無印良品 アロマオイル ラベンダー 10ml,1190,0,勤務中こっそり / リラックス
830,13:50,岡田 雄太,50,男,会社員,東京都市部,5410000,honto,書籍,看護管理2025年4月号,2090,0,勤務中こっそり / 仕事用
1100,18:20,岡田 雄太,50,男,会社員,東京都市部,5410000,Amazon,日用品,LION クリニカ アドバンテージ ハミガキ 130g x 3,1243,1,通勤中ふと思い出して / まとめ買い
1210,20:10,岡田 雄太,50,男,会社員,東京都市部,5410000,Yahoo!ショッピング,日用品,レノア 本格消臭 詰替 1320ml,1075,1,夜のリラックス中に / 安心のリピート
1260,21:00,岡田 雄太,50,男,会社員,東京都市部,5410000,MUJI passport,日用品,無印良品 ポリプロピレン収納ケース 引出式M,1490,1,夜のリラックス中に / 整理用
1270,21:10,岡田 雄太,50,男,会社員,東京都市部,5410000,楽天市場,食品,台湾カステラ 6個セット,2521,1,夜のリラックス中に / 話題スイーツ
660,11:00,吉田 彩花,33,女,会社員,群馬県,5290000,Amazon,書籍,成瀬は天下を取りに行く (新潮社),1705,0,勤務中こっそり / 本屋大賞
800,13:20,吉田 彩花,33,女,会社員,群馬県,5290000,楽天市場,食品,讃岐うどん 半生 太麺 1kg,1467,0,勤務中こっそり / 在庫補充
970,16:10,吉田 彩花,33,女,会社員,群馬県,5290000,Amazon,日用品,アタック ZERO 抗菌プラス 詰替 720g,407,0,勤務中こっそり / ストック切れ
1170,19:30,吉田 彩花,33,女,会社員,群馬県,5290000,honto,書籍,夜は短し歩けよ乙女 (角川文庫),770,0,夕食後にカートを処理 / 再読
1285,21:25,吉田 彩花,33,女,会社員,群馬県,5290000,Uniqlo online,アパレル,エアリズム コットン クルーネックT 半袖 (ネイビー L),1290,1,夜のリラックス中に / 夏前リピート
415,06:55,山崎 雅人,45,男,公務員,東京都市部,7230000,Yahoo!ショッピング,日用品,レノア 本格消臭 詰替 1320ml,1019,0,朝の準備中ふと / 安心のリピート
465,07:45,山崎 雅人,45,男,公務員,東京都市部,7230000,Yahoo!ショッピング,日用品,除菌洗剤 業務用 4L,2713,1,通勤中ふと思い出して / PayPay祭
575,09:35,山崎 雅人,45,男,公務員,東京都市部,7230000,Amazon,電化製品,Logicool MX Master 3S ワイヤレスマウス,16004,0,勤務中こっそり / 計画通り
695,11:35,山崎 雅人,45,男,公務員,東京都市部,7230000,honto,書籍,看護管理2025年4月号,2090,0,勤務中こっそり / 計画通り
1260,21:00,山崎 雅人,45,男,公務員,東京都市部,7230000,honto,電子書籍,hontoポイント 1000円分,1000,1,夜のリラックス中に / 次回用ポイント購入
1275,21:15,山崎 雅人,45,男,公務員,東京都市部,7230000,MUJI passport,食品,無印良品 不揃いバウム メープル 5袋,1390,1,夜のリラックス中に / 計画通り
470,07:50,伊藤 樹_559,30,男,会社員,千葉県,5650000,ZOZOTOWN,アパレル,BEAMS HEART リネン ジャケット 7号,14300,1,通勤中ふと思い出して / コーデ用
700,11:40,伊藤 樹_559,30,男,会社員,千葉県,5650000,楽天市場,食品,台湾カステラ 6個セット,2496,0,勤務中こっそり / 話題スイーツ
1145,19:05,伊藤 樹_559,30,男,会社員,千葉県,5650000,Yodobashi.com,ゲーム,Nintendo Switch 2 ソフト 「マリオカートワールド」,9980,0,夕食後にカートを処理 / 発売日購入
1300,21:40,伊藤 樹_559,30,男,会社員,千葉県,5650000,iHerb,食品,California Gold ナッツミックス 907g,2593,1,夜のリラックス中に / 間食用
1345,22:25,伊藤 樹_559,30,男,会社員,千葉県,5650000,Uniqlo online,アパレル,エアリズム コットン クルーネックT 半袖 (ネイビー L),1290,1,夜のリラックス中に / 夏前リピート
1395,23:15,伊藤 樹_559,30,男,会社員,千葉県,5650000,Uniqlo online,アパレル,リネンブレンド オープンカラー シャツ 半袖 (オフホワイト L),3990,1,寝る前に思い立って / 週末カジュアル
765,12:45,渡辺 亮,26,男,会社員,茨城県,2830000,MUJI passport,アパレル,無印良品 オーガニックコットン Vネック 半袖T 白 M,1490,0,ランチ食べながら / 安心のリピート
1135,18:55,渡辺 亮,26,男,会社員,茨城県,2830000,ZOZOTOWN,アパレル,nano universe テーパード パンツ 9号,11000,0,夕食後にカートを処理 / オフィス用
1220,20:20,渡辺 亮,26,男,会社員,茨城県,2830000,ZOZOTOWN,アパレル,SLY オーバーサイズ スウェット M ベージュ,8800,1,夜のリラックス中に / 安心のリピート
1395,23:15,渡辺 亮,26,男,会社員,茨城県,2830000,ZOZOTOWN,シューズ,New Balance 327 グレー x ホワイト 24cm,12100,1,寝る前に思い立って / 新色気になって
535,08:55,吉田 莉子,71,女,退職,神奈川県,1990000,メルカリ,中古品,【動作確認済】Sony WH-1000XM4 黒 中古,20283,1,朝のゆっくり時間に / 安心のリピート
1270,21:10,吉田 莉子,71,女,退職,神奈川県,1990000,honto,書籍,THE THREE-BODY PROBLEM (English),2980,1,TVショッピング見て / 安心のリピート
775,12:55,森 誠,51,男,会社員,東京都23区,6450000,楽天市場,日用品,除菌できるウェットティッシュ 100枚 x 8パック,1832,0,ランチ食べながら / ポイント10倍
785,13:05,森 誠,51,男,会社員,東京都23区,6450000,Amazon,コーヒー,STARBUCKS ハウス ブレンド ホール 250g,1392,0,勤務中こっそり / 切らした
1135,18:55,森 誠,51,男,会社員,東京都23区,6450000,MUJI passport,アパレル,無印良品 オーガニックコットン Vネック 半袖T 白 M,1490,0,夕食後にカートを処理 / 安心のリピート
1185,19:45,森 誠,51,男,会社員,東京都23区,6450000,MUJI passport,食品,無印良品 素材を生かしたカレー グリーン,350,0,夕食後にカートを処理 / 安心のリピート
695,11:35,伊藤 美穂,46,女,主婦・主夫,東京都23区,1470000,楽天市場,日用品,コストコ カークランド トイレットペーパー 30ロール,3621,0,用事の合間に / まとめ買いお得
1185,19:45,伊藤 美穂,46,女,主婦・主夫,東京都23区,1470000,Yahoo!ショッピング,日用品,レノア 本格消臭 詰替 1320ml,963,0,夕食後にカートを処理 / 安心のリピート
485,08:05,後藤 理恵,53,女,販売員,千葉県,3420000,honto,電子書籍,hontoポイント 1000円分,1000,0,朝の準備中ふと / 次回用ポイント購入
520,08:40,後藤 理恵,53,女,販売員,千葉県,3420000,Amazon,コーヒー,STARBUCKS ハウス ブレンド ホール 250g,1361,0,勤務中こっそり / 切らした
665,11:05,後藤 理恵,53,女,販売員,千葉県,3420000,Amazon,コーヒー,STARBUCKS ハウス ブレンド ホール 250g,1282,0,勤務中こっそり / 切らした
1305,21:45,後藤 理恵,53,女,販売員,千葉県,3420000,MUJI passport,家具,無印良品 やわらかフィットソファ 1人掛け 用 カバー,4990,1,夜のリラックス中に / 気分転換
1360,22:40,後藤 理恵,53,女,販売員,千葉県,3420000,iHerb,化粧品,Burt's Bees リップ バーム ハニー,559,1,夜のリラックス中に / 安心のリピート
630,10:30,後藤 浩二,22,男,大学生,神奈川県,800000,SHEIN,雑貨,SHEIN スマホケース クリア iPhone15,471,0,勉強の息抜きに / 安心のリピート
1380,23:00,後藤 浩二,22,男,大学生,神奈川県,800000,Uniqlo online,アパレル,ヒートテック クルーネックT 極暖 (グレー M),1990,1,Instagram で広告見て / 安心のリピート
1170,19:30,山田 結衣,66,女,主婦・主夫,茨城県,1040000,Amazon,食品,カルビー フルグラ 800g x 3,2783,0,夕食後にカートを処理 / 朝食まとめ
1375,22:55,山田 結衣,66,女,主婦・主夫,茨城県,1040000,honto,電子書籍,hontoポイント 1000円分,1000,0,家族の話題から / 次回用ポイント購入
515,08:35,小林 義男_567,51,男,主婦・主夫,栃木県,2960000,MUJI passport,日用品,無印良品 アロマオイル ラベンダー 10ml,1190,0,家事中スマホで / 新製品が気になって
635,10:35,小林 義男_567,51,男,主婦・主夫,栃木県,2960000,Yahoo!ショッピング,日用品,除菌洗剤 業務用 4L,2867,0,家事中スマホで / 新製品が気になって
910,15:10,小林 義男_567,51,男,主婦・主夫,栃木県,2960000,MUJI passport,アパレル,無印良品 縦横ストレッチ 細身パンツ 黒 32inch,3990,0,子供の世話の合間に / 通勤用
1180,19:40,小林 義男_567,51,男,主婦・主夫,栃木県,2960000,MUJI passport,食品,無印良品 不揃いバウム メープル 5袋,1390,0,夕食後にカートを処理 / おやつストック
1120,18:40,中村 健太,41,男,会社員,群馬県,12390000,MUJI passport,アパレル,無印良品 縦横ストレッチ 細身パンツ 黒 32inch,3990,1,通勤中ふと思い出して / 安心のリピート
1185,19:45,中村 健太,41,男,会社員,群馬県,12390000,Amazon,日用品,ファブリーズ 衣類消臭スプレー 370ml x 2,949,0,夕食後にカートを処理 / 切らした
1195,19:55,中村 健太,41,男,会社員,群馬県,12390000,Uniqlo online,アパレル,感動パンツ ウルトラライト ストレッチ ストレート (ブラック 32inch),3990,0,夕食後にカートを処理 / 通勤新調
1315,21:55,中村 健太,41,男,会社員,群馬県,12390000,メルカリ,アパレル,MUJI 90s ヴィンテージ チノパン 31inch,3461,1,夜のリラックス中に / 古着趣味
1345,22:25,中村 健太,41,男,会社員,群馬県,12390000,楽天市場,食品,台湾カステラ 6個セット,2798,1,夜のリラックス中に / 話題スイーツ
1375,22:55,中村 健太,41,男,会社員,群馬県,12390000,楽天市場,食品,北海道産 ホタテ貝柱 1kg 訳あり,7264,1,寝る前に思い立って / ポイント10倍
675,11:15,石川 杏,40,女,飲食店,千葉県,4850000,Amazon,食品,カルビー フルグラ 800g x 3,2835,0,勤務中こっそり / 朝食まとめ
810,13:30,石川 杏,40,女,飲食店,千葉県,4850000,Amazon,電化製品,Anker 737 Power Bank 24000mAh 140W,21482,0,ランチ食べながら / 安心のリピート
1170,19:30,石川 杏,40,女,飲食店,千葉県,4850000,Amazon,書籍,達人プログラマー 第2版 (オーム社),3520,0,夕食後にカートを処理 / 技術書
1235,20:35,石川 杏,40,女,飲食店,千葉県,4850000,Uniqlo online,アパレル,リネンブレンド オープンカラー シャツ 半袖 (オフホワイト L),3990,1,夜のリラックス中に / 週末カジュアル
1300,21:40,石川 杏,40,女,飲食店,千葉県,4850000,Amazon,コーヒー,UCC ザ ブレンド 114 レギュラーコーヒー 360g x 6,4314,1,夜のリラックス中に / 在宅用ストック
660,11:00,後藤 正樹,49,男,工場勤務,東京都市部,5640000,Uniqlo online,アパレル,エアリズム コットン クルーネックT 半袖 (ネイビー L),1290,0,勤務中こっそり / 夏前リピート
950,15:50,後藤 正樹,49,男,工場勤務,東京都市部,5640000,Amazon,コーヒー,Blue Bottle Coffee ベラ ドノヴァン 200g,2015,0,勤務中こっそり / リピート
1180,19:40,後藤 正樹,49,男,工場勤務,東京都市部,5640000,Uniqlo online,アパレル,ヒートテック クルーネックT 極暖 (グレー M),1990,0,夕食後にカートを処理 / 冬支度
1250,20:50,後藤 正樹,49,男,工場勤務,東京都市部,5640000,MUJI passport,アパレル,無印良品 オーガニックコットン Vネック 半袖T 白 M,1490,1,夜のリラックス中に / 夏定番
1040,17:20,石川 義男,78,男,退職,東京都23区,1430000,楽天市場,化粧品,資生堂 マキアージュ ドラマティック ジェリー BB,3566,1,午後のくつろぎ中に / ポイント祭
1110,18:30,石川 義男,78,男,退職,東京都23区,1430000,Amazon,日用品,Mr.CLEAN マジックリン キッチン用 400ml,282,0,夕食後にカートを処理 / 切らしそう
860,14:20,橋本 結愛_572,18,女,パート,東京都23区,1200000,Amazon,日用品,LION クリニカ アドバンテージ ハミガキ 130g x 3,1236,0,勤務中こっそり / まとめ買い
1195,19:55,橋本 結愛_572,18,女,パート,東京都23区,1200000,メルカリ,中古品,【動作確認済】Sony WH-1000XM4 黒 中古,19148,0,夕食後にカートを処理 / 安心のリピート
675,11:15,山田 大翔_573,65,男,工場勤務,埼玉県,2110000,Amazon,コーヒー,Blue Bottle Coffee ベラ ドノヴァン 200g,2012,0,勤務中こっそり / リピート
1220,20:20,山田 大翔_573,65,男,工場勤務,埼玉県,2110000,メルカリ,本,【美品】コンサル一年目が学ぶこと,800,0,夕食後にカートを処理 / 後輩から推薦
485,08:05,藤田 芽依_574,34,女,飲食店,東京都市部,3060000,ZOZOTOWN,アパレル,BEAMS HEART リネン ジャケット 7号,14300,0,朝の準備中ふと / コーデ用
510,08:30,藤田 芽依_574,34,女,飲食店,東京都市部,3060000,ZOZOTOWN,シューズ,New Balance 327 グレー x ホワイト 24cm,12100,0,勤務中こっそり / 新色気になって
830,13:50,藤田 芽依_574,34,女,飲食店,東京都市部,3060000,ZOZOTOWN,アパレル,steven alan 別注 ボーダー T ホワイト x ネイビー,7700,0,ランチ食べながら / ZOZO特集
1210,20:10,藤田 芽依_574,34,女,飲食店,東京都市部,3060000,Amazon,サブスク,Kindle Unlimited 3ヶ月分,2940,0,夕食後にカートを処理 / 読み放題
1355,22:35,藤田 芽依_574,34,女,飲食店,東京都市部,3060000,MUJI passport,食品,無印良品 素材を生かしたカレー グリーン,350,1,夜のリラックス中に / ストック補充
480,08:00,石川 智也_575,33,男,ITエンジニア,茨城県,4610000,iHerb,化粧品,The Ordinary ナイアシンアミド 10% 30ml,1030,0,朝の準備中ふと / 話題のスキンケア
1145,19:05,石川 智也_575,33,男,ITエンジニア,茨城県,4610000,ZOZOTOWN,アパレル,steven alan 別注 ボーダー T ホワイト x ネイビー,7700,0,夕食後にカートを処理 / ZOZO特集
1240,20:40,石川 智也_575,33,男,ITエンジニア,茨城県,4610000,メルカリ,本,【美品】コンサル一年目が学ぶこと,946,1,夜のリラックス中に / 後輩から推薦
1265,21:05,石川 智也_575,33,男,ITエンジニア,茨城県,4610000,メルカリ,中古品,【動作確認済】Sony WH-1000XM4 黒 中古,20212,1,夜のリラックス中に / 新品より安い
1340,22:20,石川 智也_575,33,男,ITエンジニア,茨城県,4610000,メルカリ,アパレル,【美品】UNIQLO x JW Anderson コラボ ニット L,3338,1,夜のリラックス中に / コラボ品再入手
1110,18:30,高橋 由美,76,女,工場勤務,東京都23区,2680000,楽天市場,日用品,除菌できるウェットティッシュ 100枚 x 8パック,1550,0,勤務中こっそり / ポイント10倍
1320,22:00,高橋 由美,76,女,工場勤務,東京都23区,2680000,honto,電子書籍,hontoポイント 1000円分,1000,1,夜のリラックス中に / 次回用ポイント購入
925,15:25,山本 彩花,73,女,退職,千葉県,2200000,MUJI passport,アパレル,無印良品 縦横ストレッチ 細身パンツ 黒 32inch,3990,1,午後のくつろぎ中に / 通勤用
935,15:35,山本 彩花,73,女,退職,千葉県,2200000,楽天市場,日用品,除菌できるウェットティッシュ 100枚 x 8パック,1551,1,午後のくつろぎ中に / ポイント10倍
410,06:50,中村 節子_578,37,女,会社員,栃木県,3080000,Oisix,食品,Oisix おうちレストラン 旬の野菜セット,3980,0,朝の準備中ふと / 週末まとめ
415,06:55,中村 節子_578,37,女,会社員,栃木県,3080000,Yodobashi.com,ゲーム,PS5 ソフト 「Final Fantasy XVII」,9680,0,朝の準備中ふと / シリーズ続編
490,08:10,中村 節子_578,37,女,会社員,栃木県,3080000,MUJI passport,日用品,無印良品 化粧水 敏感肌用 高保湿 200ml,690,1,通勤中ふと思い出して / リピート
555,09:15,中村 節子_578,37,女,会社員,栃木県,3080000,メルカリ,アパレル,【美品】UNIQLO x JW Anderson コラボ ニット L,4060,0,勤務中こっそり / コラボ品再入手
740,12:20,中村 節子_578,37,女,会社員,栃木県,3080000,Amazon,日用品,ファブリーズ 衣類消臭スプレー 370ml x 2,887,0,ランチ食べながら / 切らした
570,09:30,伊藤 陽菜,32,女,ITエンジニア,埼玉県,9580000,MUJI passport,家具,無印良品 体にフィットするソファ 用 カバー,5990,0,仕事の合間に / 汚れ補充
730,12:10,伊藤 陽菜,32,女,ITエンジニア,埼玉県,9580000,メルカリ,アパレル,MUJI 90s ヴィンテージ チノパン 31inch,3491,0,ランチ食べながら / 古着趣味
1105,18:25,伊藤 陽菜,32,女,ITエンジニア,埼玉県,9580000,ZOZOTOWN,シューズ,CONVERSE All Star OX 黒 25cm,6600,0,夕食後にカートを処理 / 定番補充
1115,18:35,伊藤 陽菜,32,女,ITエンジニア,埼玉県,9580000,楽天市場,化粧品,KOSE 雪肌精 化粧水 200ml,3238,0,夕食後にカートを処理 / リピート
1130,18:50,伊藤 陽菜,32,女,ITエンジニア,埼玉県,9580000,Uniqlo online,アパレル,リネンブレンド オープンカラー シャツ 半袖 (オフホワイト L),3990,0,夕食後にカートを処理 / 週末カジュアル
1200,20:00,伊藤 陽菜,32,女,ITエンジニア,埼玉県,9580000,honto,書籍,看護管理2025年4月号,2090,1,夜のリラックス中に / 仕事用
1330,22:10,伊藤 陽菜,32,女,ITエンジニア,埼玉県,9580000,メルカリ,ホビー,ポケモンカード SV6a スカーレットex 1BOX,7000,1,夜のリラックス中に / 再販分
775,12:55,加藤 節子,55,女,会社員,東京都23区,5230000,Uniqlo online,アパレル,リネンブレンド オープンカラー シャツ 半袖 (オフホワイト L),3990,0,ランチ食べながら / 新製品が気になって
1105,18:25,加藤 節子,55,女,会社員,東京都23区,5230000,MUJI passport,アパレル,無印良品 オーガニックコットン Vネック 半袖T 白 M,1490,1,通勤中ふと思い出して / 安心のリピート
1130,18:50,加藤 節子,55,女,会社員,東京都23区,5230000,Amazon,食品,KIRIN 自然が磨いた天然水 2L x 9本,1380,0,夕食後にカートを処理 / 備蓄
1135,18:55,加藤 節子,55,女,会社員,東京都23区,5230000,MUJI passport,食品,無印良品 不揃いバウム メープル 5袋,1390,0,夕食後にカートを処理 / おやつストック
1265,21:05,加藤 節子,55,女,会社員,東京都23区,5230000,Amazon,食品,カゴメ 野菜一日これ一本 200ml x 24本,2708,1,夜のリラックス中に / 朝の野菜
1325,22:05,加藤 節子,55,女,会社員,東京都23区,5230000,楽天市場,日用品,コストコ カークランド トイレットペーパー 30ロール,3948,1,夜のリラックス中に / 新製品が気になって
1145,19:05,石川 結衣,50,女,会社員,千葉県,2280000,Oisix,食品,Kit Oisix 牛肉と野菜のチンジャオロース 2人前,1580,0,夕食後にカートを処理 / 今夜の献立
1150,19:10,石川 結衣,50,女,会社員,千葉県,2280000,honto,書籍,夜は短し歩けよ乙女 (角川文庫),770,0,夕食後にカートを処理 / 再読
1265,21:05,石川 結衣,50,女,会社員,千葉県,2280000,Amazon,電化製品,Anker PowerLine III USB-C ケーブル 1.8m,1290,1,夜のリラックス中に / ケーブル断線
1320,22:00,石川 結衣,50,女,会社員,千葉県,2280000,Amazon,コーヒー,猿田彦珈琲 大吉ブレンド ドリップバッグ 10個,1911,1,夜のリラックス中に / 気分転換
460,07:40,山本 芽依,43,女,公務員,東京都23区,3560000,Uniqlo online,アパレル,感動パンツ ウルトラライト ストレッチ ストレート (ブラック 32inch),3990,1,通勤中ふと思い出して / 安心のリピート
1190,19:50,山本 芽依,43,女,公務員,東京都23区,3560000,Oisix,食品,Kit Oisix 牛肉と野菜のチンジャオロース 2人前,1580,0,夕食後にカートを処理 / 安心のリピート
1340,22:20,山本 芽依,43,女,公務員,東京都23区,3560000,MUJI passport,食品,無印良品 素材を生かしたカレー グリーン,350,1,夜のリラックス中に / ストック補充
1350,22:30,山本 芽依,43,女,公務員,東京都23区,3560000,Uniqlo online,アパレル,リネンブレンド オープンカラー シャツ 半袖 (オフホワイト L),3990,1,寝る前に思い立って / 安心のリピート
1365,22:45,山本 芽依,43,女,公務員,東京都23区,3560000,Yodobashi.com,電化製品,シャープ プラズマクラスター イオン発生機 IG-NX15,18800,1,寝る前に思い立って / 花粉対策
1065,17:45,山崎 克彦,52,男,会社員,群馬県,4900000,Uniqlo online,アパレル,感動パンツ ウルトラライト ストレッチ ストレート (ブラック 32inch),3990,0,勤務中こっそり / 通勤新調
1115,18:35,山崎 克彦,52,男,会社員,群馬県,4900000,MUJI passport,日用品,無印良品 アロマオイル ラベンダー 10ml,1190,1,通勤中ふと思い出して / 計画通り
1205,20:05,山崎 克彦,52,男,会社員,群馬県,4900000,Yahoo!ショッピング,日用品,除菌洗剤 業務用 4L,2909,1,夜のリラックス中に / 計画通り
1220,20:20,山崎 克彦,52,男,会社員,群馬県,4900000,Yahoo!ショッピング,日用品,除菌洗剤 業務用 4L,2757,1,夜のリラックス中に / PayPay祭
1405,23:25,山崎 克彦,52,男,会社員,群馬県,4900000,Uniqlo online,アパレル,エアリズム コットン クルーネックT 半袖 (ネイビー L),1290,1,寝る前に思い立って / 夏前リピート
495,08:15,前田 麻衣_584,41,女,フリーランス,東京都23区,5790000,honto,書籍,夜は短し歩けよ乙女 (角川文庫),770,0,朝の準備中ふと / 再読
1120,18:40,前田 麻衣_584,41,女,フリーランス,東京都23区,5790000,Oisix,食品,Oisix おうちレストラン 旬の野菜セット,3980,0,夕食後にカートを処理 / 週末まとめ
1135,18:55,前田 麻衣_584,41,女,フリーランス,東京都23区,5790000,Uniqlo online,アパレル,エアリズム コットン クルーネックT 半袖 (ネイビー L),1290,0,夕食後にカートを処理 / 夏前リピート
1150,19:10,前田 麻衣_584,41,女,フリーランス,東京都23区,5790000,楽天市場,化粧品,資生堂 マキアージュ ドラマティック ジェリー BB,3504,0,夕食後にカートを処理 / ポイント祭
1190,19:50,前田 麻衣_584,41,女,フリーランス,東京都23区,5790000,iHerb,食品,California Gold ナッツミックス 907g,2519,1,夜のリラックス中に / 間食用
1255,20:55,前田 麻衣_584,41,女,フリーランス,東京都23区,5790000,Amazon,食品,カゴメ 野菜一日これ一本 200ml x 24本,2839,1,夜のリラックス中に / 朝の野菜
1270,21:10,前田 麻衣_584,41,女,フリーランス,東京都23区,5790000,Amazon,コーヒー,UCC ザ ブレンド 114 レギュラーコーヒー 360g x 6,4931,1,夜のリラックス中に / 在宅用ストック
1075,17:55,山本 美穂,57,女,主婦・主夫,神奈川県,1940000,Uniqlo online,アパレル,リネンブレンド オープンカラー シャツ 半袖 (オフホワイト L),3990,0,子供の世話の合間に / 週末カジュアル
1180,19:40,山本 美穂,57,女,主婦・主夫,神奈川県,1940000,MUJI passport,アパレル,無印良品 オーガニックコットン Vネック 半袖T 白 M,1490,0,夕食後にカートを処理 / 夏定番
1265,21:05,山本 美穂,57,女,主婦・主夫,神奈川県,1940000,MUJI passport,アパレル,無印良品 オーガニックコットン Vネック 半袖T 白 M,1490,0,家族の話題から / 夏定番
1370,22:50,山本 美穂,57,女,主婦・主夫,神奈川県,1940000,MUJI passport,日用品,無印良品 ポリプロピレン収納ケース 引出式M,1490,0,家族の話題から / 整理用
475,07:55,松本 悠人,64,男,教員,神奈川県,3760000,MUJI passport,アパレル,無印良品 縦横ストレッチ 細身パンツ 黒 32inch,3990,1,通勤中ふと思い出して / 安心のリピート
615,10:15,松本 悠人,64,男,教員,神奈川県,3760000,Yahoo!ショッピング,日用品,除菌洗剤 業務用 4L,2838,0,勤務中こっそり / PayPay祭
525,08:45,山崎 由美,43,女,主婦・主夫,千葉県,2350000,楽天市場,日用品,コストコ カークランド トイレットペーパー 30ロール,3705,0,家事中スマホで / まとめ買いお得
710,11:50,山崎 由美,43,女,主婦・主夫,千葉県,2350000,Amazon,電子書籍,Kindle 三体III 死神永生 上,1820,0,用事の合間に / 話題のSF
1140,19:00,山崎 由美,43,女,主婦・主夫,千葉県,2350000,Amazon,食品,カゴメ 野菜一日これ一本 200ml x 24本,2655,0,夕食後にカートを処理 / 安心のリピート
1175,19:35,山崎 由美,43,女,主婦・主夫,千葉県,2350000,Amazon,コーヒー,Blue Bottle Coffee ベラ ドノヴァン 200g,1932,0,夕食後にカートを処理 / リピート
610,10:10,吉田 凛,24,女,教員,神奈川県,1650000,Amazon,書籍,成瀬は天下を取りに行く (新潮社),1705,0,勤務中こっそり / 本屋大賞
1145,19:05,吉田 凛,24,女,教員,神奈川県,1650000,ZOZOTOWN,シューズ,CONVERSE All Star OX 黒 25cm,6600,0,夕食後にカートを処理 / 安心のリピート
1230,20:30,吉田 凛,24,女,教員,神奈川県,1650000,Yahoo!ショッピング,日用品,除菌洗剤 業務用 4L,2848,1,夜のリラックス中に / 安心のリピート
1400,23:20,吉田 凛,24,女,教員,神奈川県,1650000,ZOZOTOWN,シューズ,CONVERSE All Star OX 黒 25cm,6600,1,寝る前に思い立って / 定番補充
800,13:20,小林 彩花_589,36,女,主婦・主夫,東京都市部,1370000,MUJI passport,家具,無印良品 体にフィットするソファ 用 カバー,5990,0,ランチ食べながら / 汚れ補充
1255,20:55,小林 彩花_589,36,女,主婦・主夫,東京都市部,1370000,楽天市場,食品,台湾カステラ 6個セット,2881,0,家族の話題から / 話題スイーツ
860,14:20,松本 美咲,76,女,主婦・主夫,栃木県,970000,MUJI passport,家具,無印良品 やわらかフィットソファ 1人掛け 用 カバー,4990,0,ランチ食べながら / 気分転換
1105,18:25,松本 美咲,76,女,主婦・主夫,栃木県,970000,Amazon,食品,カルビー フルグラ 800g x 3,2835,0,夕食後にカートを処理 / 朝食まとめ
825,13:45,高橋 節子_591,74,女,退職,千葉県,2750000,iHerb,サプリ,Solgar 鉄分 25mg 90粒,1596,1,お昼のひと息に / 貧血対策
1160,19:20,高橋 節子_591,74,女,退職,千葉県,2750000,Uniqlo online,アパレル,リネンブレンド オープンカラー シャツ 半袖 (オフホワイト L),3990,0,夕食後にカートを処理 / 週末カジュアル
960,16:00,山本 悠人_592,21,男,パート,埼玉県,890000,Amazon,食品,カゴメ 野菜一日これ一本 200ml x 24本,2592,0,勤務中こっそり / 朝の野菜
1305,21:45,山本 悠人_592,21,男,パート,埼玉県,890000,ZOZOTOWN,シューズ,CONVERSE All Star OX 黒 25cm,6600,1,夜のリラックス中に / 定番補充
1170,19:30,木村 誠_593,70,男,工場勤務,東京都市部,4200000,honto,書籍,THE THREE-BODY PROBLEM (English),2980,0,夕食後にカートを処理 / 安心のリピート
1310,21:50,木村 誠_593,70,男,工場勤務,東京都市部,4200000,Yahoo!ショッピング,日用品,除菌洗剤 業務用 4L,2810,1,夜のリラックス中に / 計画通り
1095,18:15,後藤 芽依_594,54,女,フリーランス,栃木県,4660000,Amazon,サブスク,Kindle Unlimited 3ヶ月分,2940,0,夕食後にカートを処理 / 読み放題
1135,18:55,後藤 芽依_594,54,女,フリーランス,栃木県,4660000,iHerb,化粧品,Burt's Bees リップ バーム ハニー,485,0,夕食後にカートを処理 / リピート
1315,21:55,後藤 芽依_594,54,女,フリーランス,栃木県,4660000,Uniqlo online,アパレル,ヒートテック クルーネックT 極暖 (グレー M),1990,1,夜のリラックス中に / 冬支度
1325,22:05,後藤 芽依_594,54,女,フリーランス,栃木県,4660000,Amazon,サブスク,Kindle Unlimited 3ヶ月分,2940,1,夜のリラックス中に / 安心のリピート
1330,22:10,後藤 芽依_594,54,女,フリーランス,栃木県,4660000,MUJI passport,食品,無印良品 不揃いバウム メープル 5袋,1390,1,夜のリラックス中に / おやつストック
1125,18:45,渡辺 誠,58,男,工場勤務,埼玉県,3770000,Amazon,サブスク,Kindle Unlimited 3ヶ月分,2940,0,勤務中こっそり / 読み放題
1185,19:45,渡辺 誠,58,男,工場勤務,埼玉県,3770000,Amazon,食品,KIRIN 自然が磨いた天然水 2L x 9本,1380,0,夕食後にカートを処理 / 備蓄
1230,20:30,渡辺 誠,58,男,工場勤務,埼玉県,3770000,メルカリ,中古品,【動作確認済】Sony WH-1000XM4 黒 中古,20113,1,夜のリラックス中に / 新品より安い
1320,22:00,渡辺 誠,58,男,工場勤務,埼玉県,3770000,Uniqlo online,アパレル,感動パンツ ウルトラライト ストレッチ ストレート (ブラック 32inch),3990,1,夜のリラックス中に / 通勤新調
1355,22:35,渡辺 誠,58,男,工場勤務,埼玉県,3770000,honto,電子書籍,hontoポイント 1000円分,1000,1,夜のリラックス中に / 次回用ポイント購入
655,10:55,松本 孝雄_596,24,男,会社員,茨城県,1560000,Yodobashi.com,ゲーム,PS5 ソフト 「Final Fantasy XVII」,9680,0,勤務中こっそり / シリーズ続編
1135,18:55,松本 孝雄_596,24,男,会社員,茨城県,1560000,ZOZOTOWN,アパレル,steven alan 別注 ボーダー T ホワイト x ネイビー,7700,0,夕食後にカートを処理 / ZOZO特集
1185,19:45,松本 孝雄_596,24,男,会社員,茨城県,1560000,MUJI passport,家具,無印良品 やわらかフィットソファ 1人掛け 用 カバー,4990,0,夕食後にカートを処理 / 安心のリピート
1210,20:10,松本 孝雄_596,24,男,会社員,茨城県,1560000,ZOZOTOWN,シューズ,CONVERSE All Star OX 黒 25cm,6600,1,夜のリラックス中に / 定番補充
1200,20:00,田中 智也,64,男,フリーランス,埼玉県,3370000,Amazon,コーヒー,STARBUCKS ハウス ブレンド ホール 250g,1292,1,夜のリラックス中に / 切らした
1330,22:10,田中 智也,64,男,フリーランス,埼玉県,3370000,MUJI passport,食品,無印良品 不揃いバウム メープル 5袋,1390,1,夜のリラックス中に / おやつストック
920,15:20,石川 美咲_598,34,女,ITエンジニア,栃木県,9120000,Amazon,書籍,ジェイソン流お金の増やし方,1430,0,仕事の合間に / 投資勉強
1120,18:40,石川 美咲_598,34,女,ITエンジニア,栃木県,9120000,Yahoo!ショッピング,日用品,除菌洗剤 業務用 4L,3127,0,夕食後にカートを処理 / PayPay祭
1240,20:40,石川 美咲_598,34,女,ITエンジニア,栃木県,9120000,BUYMA,ブランド品,【関税送料込】Hermès Twilly スカーフ 復刻柄,25164,1,夜のリラックス中に / ギフト用
1335,22:15,石川 美咲_598,34,女,ITエンジニア,栃木県,9120000,Yahoo!ショッピング,日用品,除菌洗剤 業務用 4L,2730,1,夜のリラックス中に / PayPay祭
1360,22:40,石川 美咲_598,34,女,ITエンジニア,栃木県,9120000,Amazon,サブスク,Kindle Unlimited 3ヶ月分,2940,1,夜のリラックス中に / 読み放題
1375,22:55,石川 美咲_598,34,女,ITエンジニア,栃木県,9120000,Yahoo!ショッピング,日用品,除菌洗剤 業務用 4L,2780,1,夜のリラックス中に / PayPay祭
1225,20:25,吉田 智子_599,49,女,工場勤務,千葉県,2700000,Amazon,サブスク,Amazon Prime 年会費 (1年),5900,0,夕食後にカートを処理 / 年次自動更新
1235,20:35,吉田 智子_599,49,女,工場勤務,千葉県,2700000,Amazon,食品,KIRIN 自然が磨いた天然水 2L x 9本,1380,1,夜のリラックス中に / 備蓄
1345,22:25,吉田 智子_599,49,女,工場勤務,千葉県,2700000,Yahoo!ショッピング,日用品,除菌洗剤 業務用 4L,2961,1,夜のリラックス中に / PayPay祭
1375,22:55,吉田 智子_599,49,女,工場勤務,千葉県,2700000,MUJI passport,日用品,無印良品 ポリプロピレン収納ケース 引出式M,1490,1,夜のリラックス中に / 整理用
545,09:05,林 雅人,53,男,飲食店,埼玉県,3720000,メルカリ,中古品,【動作確認済】Sony WH-1000XM4 黒 中古,22780,0,勤務中こっそり / 新品より安い
955,15:55,林 雅人,53,男,飲食店,埼玉県,3720000,Yahoo!ショッピング,日用品,レノア 本格消臭 詰替 1320ml,957,0,勤務中こっそり / PayPayキャンペーン
1305,21:45,林 雅人,53,男,飲食店,埼玉県,3720000,Amazon,コーヒー,Blue Bottle Coffee ベラ ドノヴァン 200g,2095,1,夜のリラックス中に / リピート
1165,19:25,井上 莉子_601,61,女,販売員,神奈川県,3310000,Yahoo!ショッピング,日用品,除菌洗剤 業務用 4L,2852,0,夕食後にカートを処理 / PayPay祭
1250,20:50,井上 莉子_601,61,女,販売員,神奈川県,3310000,iHerb,化粧品,Burt's Bees リップ バーム ハニー,533,1,夜のリラックス中に / リピート
1090,18:10,井上 陽菜,38,女,会社員,東京都23区,9660000,Uniqlo online,アパレル,感動パンツ ウルトラライト ストレッチ ストレート (ブラック 32inch),3990,1,通勤中ふと思い出して / 通勤新調
1200,20:00,井上 陽菜,38,女,会社員,東京都23区,9660000,Oisix,食品,Kit Oisix 牛肉と野菜のチンジャオロース 2人前,1580,1,夜のリラックス中に / 安心のリピート
1285,21:25,井上 陽菜,38,女,会社員,東京都23区,9660000,MUJI passport,アパレル,無印良品 縦横ストレッチ 細身パンツ 黒 32inch,3990,1,夜のリラックス中に / 安心のリピート
1295,21:35,井上 陽菜,38,女,会社員,東京都23区,9660000,iHerb,化粧品,CeraVe フェイシャル モイスチャライザー 89ml,2423,1,夜のリラックス中に / 海外定番
1320,22:00,井上 陽菜,38,女,会社員,東京都23区,9660000,Oisix,食品,Oisix おうちレストラン 旬の野菜セット,3980,1,夜のリラックス中に / 安心のリピート
575,09:35,林 結愛,20,女,大学生,東京都23区,800000,MUJI passport,日用品,無印良品 アロマオイル ラベンダー 10ml,1190,0,勉強の息抜きに / リラックス
610,10:10,林 結愛,20,女,大学生,東京都23区,800000,MUJI passport,食品,無印良品 不揃いバウム メープル 5袋,1390,0,勉強の息抜きに / おやつストック
990,16:30,小林 智也,76,男,退職,東京都市部,2080000,Uniqlo online,アパレル,ヒートテック クルーネックT 極暖 (グレー M),1990,1,午後のくつろぎ中に / 冬支度
1135,18:55,小林 智也,76,男,退職,東京都市部,2080000,MUJI passport,日用品,無印良品 ポリプロピレン収納ケース 引出式M,1490,0,夕食後にカートを処理 / 整理用
615,10:15,前田 由美,70,女,退職,東京都23区,1580000,iHerb,化粧品,The Ordinary ナイアシンアミド 10% 30ml,1044,1,朝のゆっくり時間に / 計画通り
1250,20:50,前田 由美,70,女,退職,東京都23区,1580000,Amazon,書籍,成瀬は天下を取りに行く (新潮社),1705,1,TVショッピング見て / 本屋大賞
675,11:15,池田 凛_606,71,女,飲食店,栃木県,4310000,Uniqlo online,アパレル,ヒートテック クルーネックT 極暖 (グレー M),1990,0,勤務中こっそり / 冬支度
1015,16:55,池田 凛_606,71,女,飲食店,栃木県,4310000,MUJI passport,家具,無印良品 やわらかフィットソファ 1人掛け 用 カバー,4990,0,勤務中こっそり / 気分転換
985,16:25,高橋 桜,64,女,会社員,東京都23区,2770000,MUJI passport,アパレル,無印良品 縦横ストレッチ 細身パンツ 黒 32inch,3990,0,勤務中こっそり / 通勤用
1235,20:35,高橋 桜,64,女,会社員,東京都23区,2770000,Uniqlo online,アパレル,エアリズム コットン クルーネックT 半袖 (ネイビー L),1290,1,夜のリラックス中に / 夏前リピート
1120,18:40,井上 智子,54,女,会社員,東京都23区,5270000,MUJI passport,食品,無印良品 不揃いバウム メープル 5袋,1390,1,通勤中ふと思い出して / おやつストック
1150,19:10,井上 智子,54,女,会社員,東京都23区,5270000,MUJI passport,食品,無印良品 素材を生かしたカレー グリーン,350,0,夕食後にカートを処理 / ストック補充
1220,20:20,井上 智子,54,女,会社員,東京都23区,5270000,Uniqlo online,アパレル,エアリズム コットン クルーネックT 半袖 (ネイビー L),1290,1,夜のリラックス中に / 夏前リピート
1235,20:35,井上 智子,54,女,会社員,東京都23区,5270000,Yahoo!ショッピング,日用品,除菌洗剤 業務用 4L,2794,1,夜のリラックス中に / PayPay祭
1405,23:25,井上 智子,54,女,会社員,東京都23区,5270000,Uniqlo online,アパレル,ヒートテック クルーネックT 極暖 (グレー M),1990,1,寝る前に思い立って / 冬支度
1165,19:25,井上 麻衣,57,女,主婦・主夫,東京都市部,2170000,メルカリ,ホビー,プラモデル HG ガンダムエアリアル 未組立,2174,0,夕食後にカートを処理 / 積みプラ追加
1195,19:55,井上 麻衣,57,女,主婦・主夫,東京都市部,2170000,Amazon,日用品,Mr.CLEAN マジックリン キッチン用 400ml,359,0,夕食後にカートを処理 / 切らしそう
1205,20:05,井上 麻衣,57,女,主婦・主夫,東京都市部,2170000,Amazon,日用品,エリエール 消臭+ トイレットペーパー 12ロール ダブル,703,0,家族の話題から / ストック切れ
1265,21:05,井上 麻衣,57,女,主婦・主夫,東京都市部,2170000,Yahoo!ショッピング,日用品,レノア 本格消臭 詰替 1320ml,979,0,家族の話題から / PayPayキャンペーン
560,09:20,後藤 美咲,43,女,会社員,神奈川県,6790000,Oisix,食品,Kit Oisix 牛肉と野菜のチンジャオロース 2人前,1580,0,勤務中こっそり / 今夜の献立
1015,16:55,後藤 美咲,43,女,会社員,神奈川県,6790000,Uniqlo online,アパレル,ヒートテック クルーネックT 極暖 (グレー M),1990,0,勤務中こっそり / 冬支度
1025,17:05,後藤 美咲,43,女,会社員,神奈川県,6790000,楽天市場,日用品,除菌できるウェットティッシュ 100枚 x 8パック,1605,0,勤務中こっそり / 安心のリピート
1080,18:00,後藤 美咲,43,女,会社員,神奈川県,6790000,楽天市場,化粧品,KOSE 雪肌精 化粧水 200ml,3186,1,通勤中ふと思い出して / 安心のリピート
1135,18:55,後藤 美咲,43,女,会社員,神奈川県,6790000,MUJI passport,アパレル,無印良品 縦横ストレッチ 細身パンツ 黒 32inch,3990,0,夕食後にカートを処理 / 安心のリピート
1375,22:55,後藤 美咲,43,女,会社員,神奈川県,6790000,Uniqlo online,アパレル,リネンブレンド オープンカラー シャツ 半袖 (オフホワイト L),3990,1,寝る前に思い立って / 週末カジュアル
955,15:55,清水 孝雄,31,男,会社員,神奈川県,2650000,iHerb,食品,California Gold ナッツミックス 907g,2851,0,勤務中こっそり / 間食用
1150,19:10,清水 孝雄,31,男,会社員,神奈川県,2650000,ZOZOTOWN,アパレル,nano universe テーパード パンツ 9号,11000,0,夕食後にカートを処理 / オフィス用
1350,22:30,清水 孝雄,31,男,会社員,神奈川県,2650000,ZOZOTOWN,シューズ,CONVERSE All Star OX 黒 25cm,6600,1,寝る前に思い立って / 定番補充
1375,22:55,清水 孝雄,31,男,会社員,神奈川県,2650000,楽天市場,化粧品,KOSE 雪肌精 化粧水 200ml,3217,1,寝る前に思い立って / リピート
640,10:40,清水 彩花_612,27,女,工場勤務,神奈川県,3670000,メルカリ,ホビー,【美品】鬼滅の刃 全巻セット 1-23巻,10383,0,勤務中こっそり / 一気読み用
695,11:35,清水 彩花_612,27,女,工場勤務,神奈川県,3670000,Amazon,食品,カルビー フルグラ 800g x 3,2675,0,勤務中こっそり / 朝食まとめ
720,12:00,清水 彩花_612,27,女,工場勤務,神奈川県,3670000,Uniqlo online,アパレル,リネンブレンド オープンカラー シャツ 半袖 (オフホワイト L),3990,0,勤務中こっそり / 週末カジュアル
1300,21:40,清水 彩花_612,27,女,工場勤務,神奈川県,3670000,楽天市場,日用品,除菌できるウェットティッシュ 100枚 x 8パック,1564,1,夜のリラックス中に / ポイント10倍
1340,22:20,清水 彩花_612,27,女,工場勤務,神奈川県,3670000,Amazon,サブスク,Amazon Prime 年会費 (1年),5900,1,夜のリラックス中に / 年次自動更新
1190,19:50,斎藤 拓海,45,男,公務員,東京都23区,8360000,Amazon,電化製品,ELECOM USB-C ハブ 7-in-1 4K HDMI,5383,0,夕食後にカートを処理 / 在宅環境
1230,20:30,斎藤 拓海,45,男,公務員,東京都23区,8360000,Amazon,サブスク,Amazon Prime 年会費 (1年),5900,1,夜のリラックス中に / 年次自動更新
1330,22:10,斎藤 拓海,45,男,公務員,東京都23区,8360000,Amazon,電子書籍,Kindle ハイキュー!! 文庫版 1-3巻セット,1980,1,夜のリラックス中に / 懐かしい
1340,22:20,斎藤 拓海,45,男,公務員,東京都23区,8360000,メルカリ,本,【美品】コンサル一年目が学ぶこと,1034,1,夜のリラックス中に / 後輩から推薦
1370,22:50,斎藤 拓海,45,男,公務員,東京都23区,8360000,楽天市場,化粧品,KOSE 雪肌精 化粧水 200ml,3267,1,寝る前に思い立って / リピート
660,11:00,清水 孝雄_614,64,男,ITエンジニア,東京都23区,3880000,楽天市場,日用品,コストコ カークランド トイレットペーパー 30ロール,4273,0,仕事の合間に / 安心のリピート
1365,22:45,清水 孝雄_614,64,男,ITエンジニア,東京都23区,3880000,honto,書籍,看護管理2025年4月号,2090,1,夜のリラックス中に / 仕事用
530,08:50,長谷川 克彦_615,35,男,ITエンジニア,神奈川県,6240000,Amazon,書籍,Kindle Paperwhite シグニチャー エディション,28980,0,朝の準備中ふと / 計画通り
625,10:25,長谷川 克彦_615,35,男,ITエンジニア,神奈川県,6240000,Uniqlo online,アパレル,リネンブレンド オープンカラー シャツ 半袖 (オフホワイト L),3990,0,仕事の合間に / 週末カジュアル
905,15:05,長谷川 克彦_615,35,男,ITエンジニア,神奈川県,6240000,ZOZOTOWN,シューズ,CONVERSE All Star OX 黒 25cm,6600,0,仕事の合間に / 定番補充
1110,18:30,長谷川 克彦_615,35,男,ITエンジニア,神奈川県,6240000,MUJI passport,家具,無印良品 やわらかフィットソファ 1人掛け 用 カバー,4990,0,夕食後にカートを処理 / 安心のリピート
1195,19:55,長谷川 克彦_615,35,男,ITエンジニア,神奈川県,6240000,楽天市場,食品,讃岐うどん 半生 太麺 1kg,1470,1,夜のリラックス中に / 安心のリピート
465,07:45,渡辺 雄太,38,男,ITエンジニア,東京都23区,8580000,honto,書籍,夜は短し歩けよ乙女 (角川文庫),770,0,朝の準備中ふと / 安心のリピート
990,16:30,渡辺 雄太,38,男,ITエンジニア,東京都23区,8580000,Uniqlo online,アパレル,感動パンツ ウルトラライト ストレッチ ストレート (ブラック 32inch),3990,0,仕事の合間に / 安心のリピート
1275,21:15,渡辺 雄太,38,男,ITエンジニア,東京都23区,8580000,楽天市場,日用品,コストコ カークランド トイレットペーパー 30ロール,4206,1,夜のリラックス中に / まとめ買いお得
1280,21:20,渡辺 雄太,38,男,ITエンジニア,東京都23区,8580000,楽天市場,食品,讃岐うどん 半生 太麺 1kg,1331,1,夜のリラックス中に / 在庫補充
1320,22:00,渡辺 雄太,38,男,ITエンジニア,東京都23区,8580000,BUYMA,アパレル,【正規品】POLO Ralph Lauren ケーブルニット 紺 M,26895,1,夜のリラックス中に / 安心のリピート
1335,22:15,渡辺 雄太,38,男,ITエンジニア,東京都23区,8580000,楽天市場,日用品,コストコ カークランド トイレットペーパー 30ロール,3799,1,夜のリラックス中に / まとめ買いお得
735,12:15,吉田 美穂_617,46,女,会社員,東京都23区,8770000,MUJI passport,アパレル,無印良品 縦横ストレッチ 細身パンツ 黒 32inch,3990,0,ランチ食べながら / 安心のリピート
760,12:40,吉田 美穂_617,46,女,会社員,東京都23区,8770000,Amazon,サブスク,Kindle Unlimited 3ヶ月分,2940,0,ランチ食べながら / 読み放題
985,16:25,吉田 美穂_617,46,女,会社員,東京都23区,8770000,MUJI passport,アパレル,無印良品 縦横ストレッチ 細身パンツ 黒 32inch,3990,0,勤務中こっそり / 通勤用
1260,21:00,吉田 美穂_617,46,女,会社員,東京都23区,8770000,Uniqlo online,アパレル,エアリズム コットン クルーネックT 半袖 (ネイビー L),1290,1,夜のリラックス中に / 安心のリピート
1340,22:20,吉田 美穂_617,46,女,会社員,東京都23区,8770000,Uniqlo online,アパレル,ヒートテック クルーネックT 極暖 (グレー M),1990,1,夜のリラックス中に / 冬支度
1350,22:30,吉田 美穂_617,46,女,会社員,東京都23区,8770000,楽天市場,化粧品,ETUDE ティアアイライナー 限定色,1550,1,寝る前に思い立って / 安心のリピート
805,13:25,吉田 陽翔,22,男,パート,東京都23区,880000,Yahoo!ショッピング,日用品,除菌洗剤 業務用 4L,3273,0,ランチ食べながら / PayPay祭
1165,19:25,吉田 陽翔,22,男,パート,東京都23区,880000,SHEIN,雑貨,SHEIN シルバーチェーンネックレス 3点セット,819,0,夕食後にカートを処理 / Y2Kコーデ
1170,19:30,中村 大翔,66,男,飲食店,栃木県,3110000,Amazon,電子書籍,Kindle ハイキュー!! 文庫版 1-3巻セット,1980,0,夕食後にカートを処理 / 懐かしい
1225,20:25,中村 大翔,66,男,飲食店,栃木県,3110000,Uniqlo online,アパレル,エアリズム コットン クルーネックT 半袖 (ネイビー L),1290,0,夕食後にカートを処理 / 夏前リピート
465,07:45,斎藤 智子,44,女,販売員,埼玉県,2940000,Uniqlo online,アパレル,エアリズム コットン クルーネックT 半袖 (ネイビー L),1290,0,朝の準備中ふと / 夏前リピート
1140,19:00,斎藤 智子,44,女,販売員,埼玉県,2940000,Amazon,電化製品,ELECOM USB-C ハブ 7-in-1 4K HDMI,5261,0,夕食後にカートを処理 / 在宅環境
1235,20:35,斎藤 智子,44,女,販売員,埼玉県,2940000,Uniqlo online,アパレル,ヒートテック クルーネックT 極暖 (グレー M),1990,1,夜のリラックス中に / 冬支度
1305,21:45,斎藤 智子,44,女,販売員,埼玉県,2940000,honto,電子書籍,hontoポイント 1000円分,1000,1,夜のリラックス中に / 次回用ポイント購入
515,08:35,木村 和也_621,43,男,会社員,埼玉県,4680000,楽天市場,化粧品,KOSE 雪肌精 化粧水 200ml,2891,0,勤務中こっそり / リピート
1180,19:40,木村 和也_621,43,男,会社員,埼玉県,4680000,MUJI passport,食品,無印良品 不揃いバウム メープル 5袋,1390,0,夕食後にカートを処理 / おやつストック
1320,22:00,木村 和也_621,43,男,会社員,埼玉県,4680000,Amazon,食品,カゴメ 野菜一日これ一本 200ml x 24本,2491,1,夜のリラックス中に / 朝の野菜
1370,22:50,木村 和也_621,43,男,会社員,埼玉県,4680000,Uniqlo online,アパレル,リネンブレンド オープンカラー シャツ 半袖 (オフホワイト L),3990,1,寝る前に思い立って / 週末カジュアル
1390,23:10,木村 和也_621,43,男,会社員,埼玉県,4680000,楽天市場,日用品,除菌できるウェットティッシュ 100枚 x 8パック,1663,1,寝る前に思い立って / ポイント10倍
1180,19:40,加藤 陽菜_622,62,女,ITエンジニア,東京都市部,8270000,BUYMA,ブランド品,【関税送料込】Hermès Twilly スカーフ 復刻柄,23984,1,夜のリラックス中に / ギフト用
1320,22:00,加藤 陽菜_622,62,女,ITエンジニア,東京都市部,8270000,Yahoo!ショッピング,日用品,除菌洗剤 業務用 4L,2968,1,夜のリラックス中に / 安心のリピート
1175,19:35,小林 翔_623,63,男,販売員,千葉県,2760000,Uniqlo online,アパレル,ヒートテック クルーネックT 極暖 (グレー M),1990,0,夕食後にカートを処理 / 冬支度
1260,21:00,小林 翔_623,63,男,販売員,千葉県,2760000,Yahoo!ショッピング,日用品,除菌洗剤 業務用 4L,3031,1,夜のリラックス中に / PayPay祭
485,08:05,長谷川 桜,33,女,公務員,東京都市部,5060000,Amazon,食品,カゴメ 野菜一日これ一本 200ml x 24本,2823,1,通勤中ふと思い出して / 朝の野菜
885,14:45,長谷川 桜,33,女,公務員,東京都市部,5060000,Amazon,コーヒー,UCC ザ ブレンド 114 レギュラーコーヒー 360g x 6,4361,0,勤務中こっそり / 在宅用ストック
1055,17:35,長谷川 桜,33,女,公務員,東京都市部,5060000,Uniqlo online,アパレル,エアリズム コットン クルーネックT 半袖 (ネイビー L),1290,0,勤務中こっそり / 夏前リピート
1170,19:30,長谷川 桜,33,女,公務員,東京都市部,5060000,Apple,電化製品,MagSafe充電器 (1m),5980,0,夕食後にカートを処理 / 正規品で揃える
1220,20:20,長谷川 桜,33,女,公務員,東京都市部,5060000,ZOZOTOWN,アパレル,nano universe テーパード パンツ 9号,11000,1,夜のリラックス中に / オフィス用
1265,21:05,長谷川 桜,33,女,公務員,東京都市部,5060000,楽天市場,日用品,除菌できるウェットティッシュ 100枚 x 8パック,1624,1,夜のリラックス中に / ポイント10倍
1300,21:40,長谷川 桜,33,女,公務員,東京都市部,5060000,Apple,電化製品,MagSafe充電器 (1m),5980,1,夜のリラックス中に / 正規品で揃える
600,10:00,井上 彩花_625,63,女,工場勤務,埼玉県,3550000,MUJI passport,アパレル,無印良品 縦横ストレッチ 細身パンツ 黒 32inch,3990,0,勤務中こっそり / 通勤用
1310,21:50,井上 彩花_625,63,女,工場勤務,埼玉県,3550000,楽天市場,化粧品,ETUDE ティアアイライナー 限定色,1614,1,夜のリラックス中に / 新作
1125,18:45,斎藤 彩花,62,女,フリーランス,埼玉県,3770000,Amazon,書籍,世界一流エンジニアの思考法 (文春新書),990,0,夕食後にカートを処理 / 話題本
1225,20:25,斎藤 彩花,62,女,フリーランス,埼玉県,3770000,Uniqlo online,アパレル,感動パンツ ウルトラライト ストレッチ ストレート (ブラック 32inch),3990,1,夜のリラックス中に / 通勤新調
700,11:40,加藤 湊,69,男,退職,神奈川県,2510000,メルカリ,ホビー,ポケモンカード SV6a スカーレットex 1BOX,8164,1,お昼のひと息に / 再販分
1050,17:30,加藤 湊,69,男,退職,神奈川県,2510000,honto,書籍,看護管理2025年4月号,2090,1,午後のくつろぎ中に / 仕事用
490,08:10,林 雅人_628,51,男,会社員,茨城県,3230000,メルカリ,ホビー,プラモデル HG ガンダムエアリアル 未組立,2136,1,通勤中ふと思い出して / 積みプラ追加
1140,19:00,林 雅人_628,51,男,会社員,茨城県,3230000,Amazon,コーヒー,Blue Bottle Coffee ベラ ドノヴァン 200g,1907,0,夕食後にカートを処理 / リピート
1255,20:55,林 雅人_628,51,男,会社員,茨城県,3230000,honto,電子書籍,hontoポイント 1000円分,1000,1,夜のリラックス中に / 次回用ポイント購入
1265,21:05,林 雅人_628,51,男,会社員,茨城県,3230000,MUJI passport,食品,無印良品 不揃いバウム メープル 5袋,1390,1,夜のリラックス中に / おやつストック
1310,21:50,林 雅人_628,51,男,会社員,茨城県,3230000,honto,電子書籍,hontoポイント 1000円分,1000,1,夜のリラックス中に / 次回用ポイント購入
665,11:05,吉田 杏,40,女,飲食店,神奈川県,3580000,MUJI passport,家具,無印良品 やわらかフィットソファ 1人掛け 用 カバー,4990,0,勤務中こっそり / 気分転換
845,14:05,吉田 杏,40,女,飲食店,神奈川県,3580000,Oisix,食品,Kit Oisix 牛肉と野菜のチンジャオロース 2人前,1580,0,勤務中こっそり / 今夜の献立
990,16:30,吉田 杏,40,女,飲食店,神奈川県,3580000,Amazon,サブスク,Kindle Unlimited 3ヶ月分,2940,0,勤務中こっそり / 読み放題
1145,19:05,吉田 杏,40,女,飲食店,神奈川県,3580000,Amazon,サブスク,Amazon Prime 年会費 (1年),5900,0,夕食後にカートを処理 / 年次自動更新
1275,21:15,吉田 杏,40,女,飲食店,神奈川県,3580000,Uniqlo online,アパレル,エアリズム コットン クルーネックT 半袖 (ネイビー L),1290,1,夜のリラックス中に / 夏前リピート
835,13:55,井上 美咲,43,女,パート,東京都23区,2200000,Amazon,電化製品,ELECOM USB-C ハブ 7-in-1 4K HDMI,4995,0,ランチ食べながら / 在宅環境
1175,19:35,井上 美咲,43,女,パート,東京都23区,2200000,メルカリ,ホビー,ポケモンカード SV6a スカーレットex 1BOX,8276,0,夕食後にカートを処理 / 再販分
1235,20:35,井上 美咲,43,女,パート,東京都23区,2200000,Amazon,日用品,エリエール 消臭+ トイレットペーパー 12ロール ダブル,667,1,夜のリラックス中に / ストック切れ
1325,22:05,井上 美咲,43,女,パート,東京都23区,2200000,Amazon,書籍,達人プログラマー 第2版 (オーム社),3520,1,夜のリラックス中に / 技術書
475,07:55,加藤 拓海_631,30,男,会社員,東京都23区,2730000,ZOZOTOWN,アパレル,steven alan 別注 ボーダー T ホワイト x ネイビー,7700,1,通勤中ふと思い出して / 計画通り
590,09:50,加藤 拓海_631,30,男,会社員,東京都23区,2730000,Amazon,電子書籍,Kindle 三体III 死神永生 上,1820,0,勤務中こっそり / 話題のSF
1215,20:15,加藤 拓海_631,30,男,会社員,東京都23区,2730000,楽天市場,食品,北海道産 ホタテ貝柱 1kg 訳あり,7002,1,夜のリラックス中に / ポイント10倍
1305,21:45,加藤 拓海_631,30,男,会社員,東京都23区,2730000,Amazon,サブスク,Kindle Unlimited 3ヶ月分,2940,1,夜のリラックス中に / 読み放題
1055,17:35,森 理恵_632,21,女,大学生,神奈川県,800000,Uniqlo online,アパレル,エアリズム コットン クルーネックT 半袖 (ネイビー L),1290,1,午後のくつろぎ中に / 夏前リピート
1390,23:10,森 理恵_632,21,女,大学生,神奈川県,800000,メルカリ,中古品,【動作確認済】Sony WH-1000XM4 黒 中古,22624,1,Instagram で広告見て / 新品より安い
625,10:25,渡辺 貴志,65,男,退職,東京都23区,2440000,Amazon,書籍,成瀬は天下を取りに行く (新潮社),1705,1,朝のゆっくり時間に / 本屋大賞
1120,18:40,渡辺 貴志,65,男,退職,東京都23区,2440000,楽天市場,食品,台湾カステラ 6個セット,2691,0,夕食後にカートを処理 / 話題スイーツ
490,08:10,山口 葵,63,女,飲食店,東京都23区,2690000,iHerb,化粧品,CeraVe フェイシャル モイスチャライザー 89ml,2626,0,朝の準備中ふと / 海外定番
1170,19:30,山口 葵,63,女,飲食店,東京都23区,2690000,honto,書籍,看護管理2025年4月号,2090,0,夕食後にカートを処理 / 仕事用
545,09:05,橋本 克彦_635,33,男,会社員,東京都市部,3100000,ZOZOTOWN,シューズ,New Balance 327 グレー x ホワイト 24cm,12100,0,勤務中こっそり / 新色気になって
1240,20:40,橋本 克彦_635,33,男,会社員,東京都市部,3100000,MUJI passport,家具,無印良品 やわらかフィットソファ 1人掛け 用 カバー,4990,1,夜のリラックス中に / 気分転換
1305,21:45,橋本 克彦_635,33,男,会社員,東京都市部,3100000,iHerb,化粧品,The Ordinary ナイアシンアミド 10% 30ml,1031,1,夜のリラックス中に / 安心のリピート
1335,22:15,橋本 克彦_635,33,男,会社員,東京都市部,3100000,Uniqlo online,アパレル,エアリズム コットン クルーネックT 半袖 (ネイビー L),1290,1,夜のリラックス中に / 夏前リピート
1405,23:25,橋本 克彦_635,33,男,会社員,東京都市部,3100000,Amazon,コーヒー,Blue Bottle Coffee ベラ ドノヴァン 200g,1911,1,寝る前に思い立って / リピート
470,07:50,長谷川 湊,64,男,公務員,神奈川県,4100000,MUJI passport,食品,無印良品 素材を生かしたカレー グリーン,350,1,通勤中ふと思い出して / ストック補充
1070,17:50,長谷川 湊,64,男,公務員,神奈川県,4100000,楽天市場,化粧品,ETUDE ティアアイライナー 限定色,1503,0,勤務中こっそり / 新作
875,14:35,木村 莉子,24,女,工場勤務,東京都23区,2530000,iHerb,サプリ,California Gold ビタミンC 1000mg 240粒,2045,0,勤務中こっそり / 風邪予防
950,15:50,木村 莉子,24,女,工場勤務,東京都23区,2530000,Amazon,コーヒー,Blue Bottle Coffee ベラ ドノヴァン 200g,2048,0,勤務中こっそり / リピート
1190,19:50,木村 莉子,24,女,工場勤務,東京都23区,2530000,Uniqlo online,アパレル,エアリズム コットン クルーネックT 半袖 (ネイビー L),1290,0,夕食後にカートを処理 / 夏前リピート
1230,20:30,木村 莉子,24,女,工場勤務,東京都23区,2530000,Yahoo!ショッピング,日用品,除菌洗剤 業務用 4L,2868,1,夜のリラックス中に / PayPay祭
615,10:15,後藤 陽翔,46,男,公務員,神奈川県,5520000,Amazon,電化製品,ELECOM USB-C ハブ 7-in-1 4K HDMI,5122,0,勤務中こっそり / 在宅環境
1215,20:15,後藤 陽翔,46,男,公務員,神奈川県,5520000,楽天市場,食品,台湾カステラ 6個セット,2826,1,夜のリラックス中に / 話題スイーツ
1270,21:10,後藤 陽翔,46,男,公務員,神奈川県,5520000,Yahoo!ショッピング,日用品,除菌洗剤 業務用 4L,2907,1,夜のリラックス中に / PayPay祭
1355,22:35,後藤 陽翔,46,男,公務員,神奈川県,5520000,Uniqlo online,アパレル,リネンブレンド オープンカラー シャツ 半袖 (オフホワイト L),3990,1,寝る前に思い立って / 安心のリピート
490,08:10,渡辺 達也,68,男,退職,茨城県,1300000,Amazon,日用品,クイックル ワイパー 立体吸着 ウェット 32枚,965,1,朝のゆっくり時間に / 安心のリピート
665,11:05,渡辺 達也,68,男,退職,茨城県,1300000,Uniqlo online,アパレル,リネンブレンド オープンカラー シャツ 半袖 (オフホワイト L),3990,1,お昼のひと息に / 週末カジュアル
785,13:05,山崎 由美_640,52,女,会社員,埼玉県,4100000,Uniqlo online,アパレル,ヒートテック クルーネックT 極暖 (グレー M),1990,0,勤務中こっそり / 冬支度
1025,17:05,山崎 由美_640,52,女,会社員,埼玉県,4100000,楽天市場,食品,讃岐うどん 半生 太麺 1kg,1455,0,勤務中こっそり / 在庫補充
1115,18:35,山崎 由美_640,52,女,会社員,埼玉県,4100000,MUJI passport,アパレル,無印良品 縦横ストレッチ 細身パンツ 黒 32inch,3990,1,通勤中ふと思い出して / 通勤用
1305,21:45,山崎 由美_640,52,女,会社員,埼玉県,4100000,Amazon,電子書籍,Kindle ハイキュー!! 文庫版 1-3巻セット,1980,1,夜のリラックス中に / 懐かしい
1325,22:05,山崎 由美_640,52,女,会社員,埼玉県,4100000,honto,書籍,夜は短し歩けよ乙女 (角川文庫),770,1,夜のリラックス中に / 再読
580,09:40,小林 彩,59,女,工場勤務,埼玉県,6390000,Uniqlo online,アパレル,リネンブレンド オープンカラー シャツ 半袖 (オフホワイト L),3990,0,勤務中こっそり / 週末カジュアル
1155,19:15,小林 彩,59,女,工場勤務,埼玉県,6390000,Amazon,日用品,LION クリニカ アドバンテージ ハミガキ 130g x 3,1105,0,夕食後にカートを処理 / まとめ買い
1180,19:40,小林 彩,59,女,工場勤務,埼玉県,6390000,Amazon,書籍,Kindle Paperwhite シグニチャー エディション,28980,0,夕食後にカートを処理 / 読書環境刷新
1270,21:10,小林 彩,59,女,工場勤務,埼玉県,6390000,Yahoo!ショッピング,日用品,レノア 本格消臭 詰替 1320ml,1019,1,夜のリラックス中に / PayPayキャンペーン
1295,21:35,小林 彩,59,女,工場勤務,埼玉県,6390000,Uniqlo online,アパレル,ヒートテック クルーネックT 極暖 (グレー M),1990,1,夜のリラックス中に / 冬支度
465,07:45,山本 正樹_642,32,男,会社員,埼玉県,4300000,MUJI passport,アパレル,無印良品 オーガニックコットン Vネック 半袖T 白 M,1490,1,通勤中ふと思い出して / 夏定番
520,08:40,山本 正樹_642,32,男,会社員,埼玉県,4300000,MUJI passport,アパレル,無印良品 オーガニックコットン Vネック 半袖T 白 M,1490,0,勤務中こっそり / 夏定番
1170,19:30,山本 正樹_642,32,男,会社員,埼玉県,4300000,メルカリ,ホビー,【美品】鬼滅の刃 全巻セット 1-23巻,12369,0,夕食後にカートを処理 / 一気読み用
1235,20:35,山本 正樹_642,32,男,会社員,埼玉県,4300000,ZOZOTOWN,アパレル,steven alan 別注 ボーダー T ホワイト x ネイビー,7700,1,夜のリラックス中に / ZOZO特集
1345,22:25,山本 正樹_642,32,男,会社員,埼玉県,4300000,楽天市場,化粧品,資生堂 マキアージュ ドラマティック ジェリー BB,3473,1,夜のリラックス中に / ポイント祭
450,07:30,渡辺 健太,36,男,ITエンジニア,茨城県,9390000,MUJI passport,アパレル,無印良品 縦横ストレッチ 細身パンツ 黒 32inch,3990,0,朝の準備中ふと / 通勤用
705,11:45,渡辺 健太,36,男,ITエンジニア,茨城県,9390000,Uniqlo online,アパレル,リネンブレンド オープンカラー シャツ 半袖 (オフホワイト L),3990,0,仕事の合間に / 週末カジュアル
1200,20:00,渡辺 健太,36,男,ITエンジニア,茨城県,9390000,Uniqlo online,アパレル,エアリズム コットン クルーネックT 半袖 (ネイビー L),1290,1,夜のリラックス中に / 夏前リピート
1230,20:30,渡辺 健太,36,男,ITエンジニア,茨城県,9390000,Amazon,サブスク,Amazon Prime 年会費 (1年),5900,1,夜のリラックス中に / 年次自動更新
1310,21:50,渡辺 健太,36,男,ITエンジニア,茨城県,9390000,honto,書籍,THE THREE-BODY PROBLEM (English),2980,1,夜のリラックス中に / 原書チャレンジ
1370,22:50,渡辺 健太,36,男,ITエンジニア,茨城県,9390000,Uniqlo online,アパレル,ヒートテック クルーネックT 極暖 (グレー M),1990,1,夜のリラックス中に / 冬支度
525,08:45,井上 彩花_644,32,女,教員,東京都市部,8020000,メルカリ,中古品,【1度使用】iRobot Roomba i3+ 充電器付き,35841,0,勤務中こっそり / 誰かのお下がり狙い
1065,17:45,井上 彩花_644,32,女,教員,東京都市部,8020000,楽天市場,化粧品,ETUDE ティアアイライナー 限定色,1345,0,勤務中こっそり / 新作
1090,18:10,井上 彩花_644,32,女,教員,東京都市部,8020000,MUJI passport,アパレル,無印良品 縦横ストレッチ 細身パンツ 黒 32inch,3990,1,通勤中ふと思い出して / 通勤用
1120,18:40,井上 彩花_644,32,女,教員,東京都市部,8020000,MUJI passport,食品,無印良品 素材を生かしたカレー グリーン,350,1,通勤中ふと思い出して / ストック補充
1390,23:10,井上 彩花_644,32,女,教員,東京都市部,8020000,楽天市場,化粧品,KOSE 雪肌精 化粧水 200ml,3218,1,寝る前に思い立って / リピート
760,12:40,中村 大翔_645,52,男,会社員,千葉県,4330000,Amazon,電子書籍,Kindle 進撃の巨人 最終34巻,538,0,ランチ食べながら / シリーズ完結
1220,20:20,中村 大翔_645,52,男,会社員,千葉県,4330000,Yahoo!ショッピング,日用品,除菌洗剤 業務用 4L,2907,1,夜のリラックス中に / PayPay祭
1290,21:30,中村 大翔_645,52,男,会社員,千葉県,4330000,楽天市場,食品,讃岐うどん 半生 太麺 1kg,1443,1,夜のリラックス中に / 在庫補充
1365,22:45,中村 大翔_645,52,男,会社員,千葉県,4330000,Amazon,コーヒー,UCC ザ ブレンド 114 レギュラーコーヒー 360g x 6,4812,1,寝る前に思い立って / 在宅用ストック
1095,18:15,井上 颯太_646,22,男,大学生,東京都23区,800000,ZOZOTOWN,アパレル,SLY オーバーサイズ スウェット M ベージュ,8800,1,夜のリラックス中に / 韓国っぽい
1100,18:20,井上 颯太_646,22,男,大学生,東京都23区,800000,SHEIN,アパレル,SHEIN リブニットトップ ピンク Sサイズ,1218,1,夜のリラックス中に / 韓国っぽコーデ
1095,18:15,石川 和也,37,男,デザイナー,茨城県,5170000,楽天市場,食品,台湾カステラ 6個セット,2713,0,夕食後にカートを処理 / 安心のリピート
1185,19:45,石川 和也,37,男,デザイナー,茨城県,5170000,Uniqlo online,アパレル,リネンブレンド オープンカラー シャツ 半袖 (オフホワイト L),3990,1,夜のリラックス中に / 週末カジュアル
1290,21:30,石川 和也,37,男,デザイナー,茨城県,5170000,Yodobashi.com,ゲーム,PS5 ソフト 「Final Fantasy XVII」,9680,1,夜のリラックス中に / シリーズ続編
1345,22:25,石川 和也,37,男,デザイナー,茨城県,5170000,MUJI passport,食品,無印良品 素材を生かしたカレー グリーン,350,1,夜のリラックス中に / ストック補充
1375,22:55,石川 和也,37,男,デザイナー,茨城県,5170000,楽天市場,化粧品,資生堂 マキアージュ ドラマティック ジェリー BB,3532,1,夜のリラックス中に / ポイント祭
445,07:25,吉田 智子_648,40,女,工場勤務,神奈川県,5560000,Amazon,食品,カゴメ 野菜一日これ一本 200ml x 24本,2764,0,朝の準備中ふと / 朝の野菜
1115,18:35,吉田 智子_648,40,女,工場勤務,神奈川県,5560000,楽天市場,食品,台湾カステラ 6個セット,2624,0,勤務中こっそり / 話題スイーツ
1185,19:45,吉田 智子_648,40,女,工場勤務,神奈川県,5560000,楽天市場,食品,台湾カステラ 6個セット,2662,0,夕食後にカートを処理 / 話題スイーツ
1205,20:05,吉田 智子_648,40,女,工場勤務,神奈川県,5560000,MUJI passport,家具,無印良品 やわらかフィットソファ 1人掛け 用 カバー,4990,0,夕食後にカートを処理 / 気分転換
1220,20:20,吉田 智子_648,40,女,工場勤務,神奈川県,5560000,MUJI passport,食品,無印良品 素材を生かしたカレー グリーン,350,0,夕食後にカートを処理 / ストック補充
670,11:10,山田 健太,35,男,ITエンジニア,神奈川県,7560000,楽天市場,日用品,コストコ カークランド トイレットペーパー 30ロール,3803,0,仕事の合間に / まとめ買いお得
825,13:45,山田 健太,35,男,ITエンジニア,神奈川県,7560000,Uniqlo online,アパレル,感動パンツ ウルトラライト ストレッチ ストレート (ブラック 32inch),3990,0,仕事の合間に / 通勤新調
1175,19:35,山田 健太,35,男,ITエンジニア,神奈川県,7560000,メルカリ,アパレル,MUJI 90s ヴィンテージ チノパン 31inch,3115,1,夜のリラックス中に / 古着趣味
1205,20:05,山田 健太,35,男,ITエンジニア,神奈川県,7560000,BUYMA,ブランド品,【関税送料込】Hermès Twilly スカーフ 復刻柄,26502,1,夜のリラックス中に / ギフト用
1300,21:40,山田 健太,35,男,ITエンジニア,神奈川県,7560000,メルカリ,中古品,【動作確認済】Sony WH-1000XM4 黒 中古,20306,1,夜のリラックス中に / 新品より安い
1310,21:50,山田 健太,35,男,ITエンジニア,神奈川県,7560000,BUYMA,アパレル,【正規品】POLO Ralph Lauren ケーブルニット 紺 M,25686,1,夜のリラックス中に / クラシック
1320,22:00,山田 健太,35,男,ITエンジニア,神奈川県,7560000,Uniqlo online,アパレル,感動パンツ ウルトラライト ストレッチ ストレート (ブラック 32inch),3990,1,夜のリラックス中に / 通勤新調
645,10:45,後藤 亮_650,68,男,退職,東京都23区,3790000,Yahoo!ショッピング,日用品,除菌洗剤 業務用 4L,3208,1,朝のゆっくり時間に / PayPay祭
1120,18:40,後藤 亮_650,68,男,退職,東京都23区,3790000,Uniqlo online,アパレル,エアリズム コットン クルーネックT 半袖 (ネイビー L),1290,0,夕食後にカートを処理 / 夏前リピート
875,14:35,林 颯太,56,男,公務員,神奈川県,6380000,Apple,サブスク,Apple One 個人プラン 1ヶ月,1200,0,勤務中こっそり / 自動更新
1100,18:20,林 颯太,56,男,公務員,神奈川県,6380000,Amazon,食品,カゴメ 野菜一日これ一本 200ml x 24本,2796,1,通勤中ふと思い出して / 朝の野菜
1135,18:55,林 颯太,56,男,公務員,神奈川県,6380000,Apple,アクセサリ,Apple Watch スポーツバンド 42mm ブラック,6800,0,夕食後にカートを処理 / 気分転換
1140,19:00,林 颯太,56,男,公務員,神奈川県,6380000,Apple,電化製品,MagSafe充電器 (1m),5980,0,夕食後にカートを処理 / 正規品で揃える
1295,21:35,林 颯太,56,男,公務員,神奈川県,6380000,Uniqlo online,アパレル,エアリズム コットン クルーネックT 半袖 (ネイビー L),1290,1,夜のリラックス中に / 夏前リピート
1345,22:25,林 颯太,56,男,公務員,神奈川県,6380000,楽天市場,化粧品,KOSE 雪肌精 化粧水 200ml,3159,1,夜のリラックス中に / リピート
1360,22:40,林 颯太,56,男,公務員,神奈川県,6380000,Uniqlo online,アパレル,感動パンツ ウルトラライト ストレッチ ストレート (ブラック 32inch),3990,1,寝る前に思い立って / 通勤新調
825,13:45,藤田 智子,67,女,退職,神奈川県,2030000,honto,書籍,夜は短し歩けよ乙女 (角川文庫),770,1,お昼のひと息に / 再読
1125,18:45,藤田 智子,67,女,退職,神奈川県,2030000,iHerb,サプリ,California Gold ビタミンC 1000mg 240粒,2179,0,夕食後にカートを処理 / 風邪予防
550,09:10,前田 克彦,21,男,大学生,神奈川県,800000,ZOZOTOWN,シューズ,CONVERSE All Star OX 黒 25cm,6600,0,勉強の息抜きに / 定番補充
895,14:55,前田 克彦,21,男,大学生,神奈川県,800000,Amazon,コーヒー,猿田彦珈琲 大吉ブレンド ドリップバッグ 10個,1986,0,勉強の息抜きに / 気分転換
565,09:25,佐藤 桜_654,72,女,工場勤務,東京都市部,2470000,楽天市場,食品,讃岐うどん 半生 太麺 1kg,1289,0,勤務中こっそり / 在庫補充
1225,20:25,佐藤 桜_654,72,女,工場勤務,東京都市部,2470000,メルカリ,中古品,【動作確認済】Sony WH-1000XM4 黒 中古,19789,0,夕食後にカートを処理 / 新品より安い
1080,18:00,山崎 葵_655,35,女,主婦・主夫,東京都23区,1220000,メルカリ,中古品,【動作確認済】Sony WH-1000XM4 黒 中古,22149,0,夕食後にカートを処理 / 新品より安い
1355,22:35,山崎 葵_655,35,女,主婦・主夫,東京都23区,1220000,ZOZOTOWN,アパレル,SLY オーバーサイズ スウェット M ベージュ,8800,0,家族の話題から / 韓国っぽい
680,11:20,橋本 心春,52,女,飲食店,茨城県,8730000,MUJI passport,家具,無印良品 やわらかフィットソファ 1人掛け 用 カバー,4990,0,勤務中こっそり / 気分転換
1180,19:40,橋本 心春,52,女,飲食店,茨城県,8730000,Amazon,サブスク,Kindle Unlimited 3ヶ月分,2940,0,夕食後にカートを処理 / 読み放題
1225,20:25,橋本 心春,52,女,飲食店,茨城県,8730000,Amazon,書籍,ジェイソン流お金の増やし方,1430,0,夕食後にカートを処理 / 投資勉強
1245,20:45,橋本 心春,52,女,飲食店,茨城県,8730000,楽天市場,日用品,除菌できるウェットティッシュ 100枚 x 8パック,1568,1,夜のリラックス中に / ポイント10倍
1355,22:35,橋本 心春,52,女,飲食店,茨城県,8730000,honto,書籍,THE THREE-BODY PROBLEM (English),2980,1,夜のリラックス中に / 原書チャレンジ
1105,18:25,高橋 湊,42,男,会社員,神奈川県,7880000,Amazon,書籍,Kindle Paperwhite シグニチャー エディション,28980,1,通勤中ふと思い出して / 読書環境刷新
1295,21:35,高橋 湊,42,男,会社員,神奈川県,7880000,Uniqlo online,アパレル,感動パンツ ウルトラライト ストレッチ ストレート (ブラック 32inch),3990,1,夜のリラックス中に / 通勤新調
1305,21:45,高橋 湊,42,男,会社員,神奈川県,7880000,Uniqlo online,アパレル,エアリズム コットン クルーネックT 半袖 (ネイビー L),1290,1,夜のリラックス中に / 夏前リピート
1335,22:15,高橋 湊,42,男,会社員,神奈川県,7880000,Uniqlo online,アパレル,エアリズム コットン クルーネックT 半袖 (ネイビー L),1290,1,夜のリラックス中に / 夏前リピート
1355,22:35,高橋 湊,42,男,会社員,神奈川県,7880000,honto,書籍,看護管理2025年4月号,2090,1,寝る前に思い立って / 仕事用
1070,17:50,林 貴志,26,男,会社員,東京都市部,3350000,MUJI passport,アパレル,無印良品 縦横ストレッチ 細身パンツ 黒 32inch,3990,0,勤務中こっそり / 通勤用
1170,19:30,林 貴志,26,男,会社員,東京都市部,3350000,MUJI passport,アパレル,無印良品 縦横ストレッチ 細身パンツ 黒 32inch,3990,0,夕食後にカートを処理 / 通勤用
1200,20:00,林 貴志,26,男,会社員,東京都市部,3350000,Amazon,書籍,成瀬は天下を取りに行く (新潮社),1705,1,夜のリラックス中に / 本屋大賞
1360,22:40,林 貴志,26,男,会社員,東京都市部,3350000,ZOZOTOWN,シューズ,CONVERSE All Star OX 黒 25cm,6600,1,寝る前に思い立って / 定番補充
1370,22:50,林 貴志,26,男,会社員,東京都市部,3350000,ZOZOTOWN,シューズ,CONVERSE All Star OX 黒 25cm,6600,1,寝る前に思い立って / 定番補充
645,10:45,岡田 杏,46,女,販売員,東京都23区,3720000,Uniqlo online,アパレル,エアリズム コットン クルーネックT 半袖 (ネイビー L),1290,0,勤務中こっそり / 夏前リピート
975,16:15,岡田 杏,46,女,販売員,東京都23区,3720000,Amazon,サブスク,Kindle Unlimited 3ヶ月分,2940,0,勤務中こっそり / 読み放題
1170,19:30,岡田 杏,46,女,販売員,東京都23区,3720000,iHerb,食品,California Gold ナッツミックス 907g,2803,0,夕食後にカートを処理 / 間食用
1175,19:35,岡田 杏,46,女,販売員,東京都23区,3720000,Uniqlo online,アパレル,リネンブレンド オープンカラー シャツ 半袖 (オフホワイト L),3990,0,夕食後にカートを処理 / 週末カジュアル
1330,22:10,岡田 杏,46,女,販売員,東京都23区,3720000,Oisix,食品,Kit Oisix 牛肉と野菜のチンジャオロース 2人前,1580,1,夜のリラックス中に / 今夜の献立
935,15:35,前田 彩,59,女,会社員,東京都市部,5990000,MUJI passport,アパレル,無印良品 オーガニックコットン Vネック 半袖T 白 M,1490,0,勤務中こっそり / 計画通り
1105,18:25,前田 彩,59,女,会社員,東京都市部,5990000,Amazon,電化製品,Logicool MX Master 3S ワイヤレスマウス,14958,1,通勤中ふと思い出して / 新調
1150,19:10,前田 彩,59,女,会社員,東京都市部,5990000,Yahoo!ショッピング,日用品,レノア 本格消臭 詰替 1320ml,1062,0,夕食後にカートを処理 / 計画通り
1155,19:15,前田 彩,59,女,会社員,東京都市部,5990000,Amazon,日用品,ピジョン 親子で使える泡シャンプー 詰替 350ml,765,0,夕食後にカートを処理 / リピート
1320,22:00,前田 彩,59,女,会社員,東京都市部,5990000,Yahoo!ショッピング,日用品,レノア 本格消臭 詰替 1320ml,920,1,夜のリラックス中に / PayPayキャンペーン
570,09:30,山口 和也_661,64,男,工場勤務,神奈川県,2120000,メルカリ,中古品,【動作確認済】Sony WH-1000XM4 黒 中古,18960,0,勤務中こっそり / 計画通り
930,15:30,山口 和也_661,64,男,工場勤務,神奈川県,2120000,Uniqlo online,アパレル,リネンブレンド オープンカラー シャツ 半袖 (オフホワイト L),3990,0,勤務中こっそり / 計画通り
1150,19:10,山口 和也_661,64,男,工場勤務,神奈川県,2120000,Yahoo!ショッピング,日用品,除菌洗剤 業務用 4L,2815,0,夕食後にカートを処理 / 計画通り
840,14:00,田中 凛,38,女,看護師,東京都23区,5150000,楽天市場,日用品,除菌できるウェットティッシュ 100枚 x 8パック,1573,0,勤務中こっそり / ポイント10倍
875,14:35,田中 凛,38,女,看護師,東京都23区,5150000,iHerb,食品,California Gold ナッツミックス 907g,2562,0,勤務中こっそり / 間食用
1160,19:20,田中 凛,38,女,看護師,東京都23区,5150000,楽天市場,食品,讃岐うどん 半生 太麺 1kg,1478,0,夕食後にカートを処理 / 在庫補充
1250,20:50,田中 凛,38,女,看護師,東京都23区,5150000,Apple,アクセサリ,Apple Watch スポーツバンド 42mm ブラック,6800,1,夜のリラックス中に / 気分転換
1330,22:10,田中 凛,38,女,看護師,東京都23区,5150000,Uniqlo online,アパレル,エアリズム コットン クルーネックT 半袖 (ネイビー L),1290,1,夜のリラックス中に / 夏前リピート
1365,22:45,田中 凛,38,女,看護師,東京都23区,5150000,Amazon,コーヒー,STARBUCKS ハウス ブレンド ホール 250g,1287,1,寝る前に思い立って / 切らした
1370,22:50,田中 凛,38,女,看護師,東京都23区,5150000,Uniqlo online,アパレル,エアリズム コットン クルーネックT 半袖 (ネイビー L),1290,1,寝る前に思い立って / 夏前リピート
550,09:10,吉田 颯太,30,男,会社員,東京都23区,3070000,Amazon,日用品,ファブリーズ 衣類消臭スプレー 370ml x 2,992,0,勤務中こっそり / 切らした
675,11:15,吉田 颯太,30,男,会社員,東京都23区,3070000,iHerb,化粧品,Burt's Bees リップ バーム ハニー,533,0,勤務中こっそり / リピート
1280,21:20,吉田 颯太,30,男,会社員,東京都23区,3070000,Uniqlo online,アパレル,感動パンツ ウルトラライト ストレッチ ストレート (ブラック 32inch),3990,1,夜のリラックス中に / 通勤新調
1400,23:20,吉田 颯太,30,男,会社員,東京都23区,3070000,Uniqlo online,アパレル,エアリズム コットン クルーネックT 半袖 (ネイビー L),1290,1,寝る前に思い立って / 夏前リピート
1405,23:25,吉田 颯太,30,男,会社員,東京都23区,3070000,メルカリ,中古品,【動作確認済】Sony WH-1000XM4 黒 中古,21502,1,寝る前に思い立って / 安心のリピート
555,09:15,石川 心春,33,女,販売員,茨城県,3110000,メルカリ,中古品,【動作確認済】Sony WH-1000XM4 黒 中古,22573,0,勤務中こっそり / 新品より安い
1070,17:50,石川 心春,33,女,販売員,茨城県,3110000,Amazon,電化製品,Anker PowerLine III USB-C ケーブル 1.8m,1290,0,勤務中こっそり / ケーブル断線
1130,18:50,石川 心春,33,女,販売員,茨城県,3110000,Oisix,食品,Kit Oisix 牛肉と野菜のチンジャオロース 2人前,1580,0,勤務中こっそり / 今夜の献立
1150,19:10,石川 心春,33,女,販売員,茨城県,3110000,楽天市場,化粧品,資生堂 マキアージュ ドラマティック ジェリー BB,3468,0,夕食後にカートを処理 / ポイント祭
1260,21:00,石川 心春,33,女,販売員,茨城県,3110000,ZOZOTOWN,シューズ,CONVERSE All Star OX 黒 25cm,6600,1,夜のリラックス中に / 定番補充
535,08:55,鈴木 陽翔_665,49,男,飲食店,千葉県,5370000,楽天市場,日用品,除菌できるウェットティッシュ 100枚 x 8パック,1811,0,勤務中こっそり / ポイント10倍
585,09:45,鈴木 陽翔_665,49,男,飲食店,千葉県,5370000,Amazon,電化製品,Anker PowerLine III USB-C ケーブル 1.8m,1290,0,勤務中こっそり / ケーブル断線
1160,19:20,鈴木 陽翔_665,49,男,飲食店,千葉県,5370000,楽天市場,日用品,コストコ カークランド トイレットペーパー 30ロール,4021,0,夕食後にカートを処理 / まとめ買いお得
1235,20:35,鈴木 陽翔_665,49,男,飲食店,千葉県,5370000,honto,書籍,夜は短し歩けよ乙女 (角川文庫),770,1,夜のリラックス中に / 再読
1320,22:00,鈴木 陽翔_665,49,男,飲食店,千葉県,5370000,honto,書籍,看護管理2025年4月号,2090,1,夜のリラックス中に / 仕事用
1365,22:45,鈴木 陽翔_665,49,男,飲食店,千葉県,5370000,楽天市場,食品,台湾カステラ 6個セット,2515,1,夜のリラックス中に / 話題スイーツ
495,08:15,井上 綾,37,女,工場勤務,東京都23区,3660000,Amazon,コーヒー,UCC ザ ブレンド 114 レギュラーコーヒー 360g x 6,4654,0,朝の準備中ふと / 在宅用ストック
1165,19:25,井上 綾,37,女,工場勤務,東京都23区,3660000,楽天市場,食品,北海道産 ホタテ貝柱 1kg 訳あり,7234,0,夕食後にカートを処理 / ポイント10倍
1210,20:10,井上 綾,37,女,工場勤務,東京都23区,3660000,Amazon,書籍,世界一流エンジニアの思考法 (文春新書),990,0,夕食後にカートを処理 / 話題本
1280,21:20,井上 綾,37,女,工場勤務,東京都23区,3660000,MUJI passport,アパレル,無印良品 縦横ストレッチ 細身パンツ 黒 32inch,3990,1,夜のリラックス中に / 通勤用
1300,21:40,井上 綾,37,女,工場勤務,東京都23区,3660000,Uniqlo online,アパレル,リネンブレンド オープンカラー シャツ 半袖 (オフホワイト L),3990,1,夜のリラックス中に / 週末カジュアル
1170,19:30,後藤 結衣,48,女,主婦・主夫,神奈川県,2090000,Amazon,電化製品,Anker PowerLine III USB-C ケーブル 1.8m,1290,0,夕食後にカートを処理 / ケーブル断線
1250,20:50,後藤 結衣,48,女,主婦・主夫,神奈川県,2090000,Amazon,電化製品,ELECOM USB-C ハブ 7-in-1 4K HDMI,5595,0,家族の話題から / 在宅環境
1285,21:25,後藤 結衣,48,女,主婦・主夫,神奈川県,2090000,Yahoo!ショッピング,日用品,除菌洗剤 業務用 4L,3183,0,家族の話題から / PayPay祭
1335,22:15,後藤 結衣,48,女,主婦・主夫,神奈川県,2090000,Uniqlo online,アパレル,ヒートテック クルーネックT 極暖 (グレー M),1990,0,家族の話題から / 冬支度
420,07:00,石川 京子_668,39,女,会社員,東京都23区,5070000,Oisix,食品,Oisix おうちレストラン 旬の野菜セット,3980,0,朝の準備中ふと / 安心のリピート
565,09:25,石川 京子_668,39,女,会社員,東京都23区,5070000,MUJI passport,食品,無印良品 不揃いバウム メープル 5袋,1390,0,勤務中こっそり / 安心のリピート
1145,19:05,石川 京子_668,39,女,会社員,東京都23区,5070000,Yodobashi.com,ゲーム,PS5 ソフト 「Final Fantasy XVII」,9680,0,夕食後にカートを処理 / シリーズ続編
1190,19:50,石川 京子_668,39,女,会社員,東京都23区,5070000,Yodobashi.com,ゲーム,PS5 ソフト 「Final Fantasy XVII」,9680,0,夕食後にカートを処理 / 安心のリピート
1320,22:00,石川 京子_668,39,女,会社員,東京都23区,5070000,楽天市場,日用品,除菌できるウェットティッシュ 100枚 x 8パック,1787,1,夜のリラックス中に / ポイント10倍
1400,23:20,石川 京子_668,39,女,会社員,東京都23区,5070000,メルカリ,アパレル,MUJI 90s ヴィンテージ チノパン 31inch,2918,1,寝る前に思い立って / 古着趣味
475,07:55,斎藤 雅人,54,男,ITエンジニア,千葉県,9440000,楽天市場,化粧品,資生堂 マキアージュ ドラマティック ジェリー BB,3535,0,朝の準備中ふと / ポイント祭
1130,18:50,斎藤 雅人,54,男,ITエンジニア,千葉県,9440000,MUJI passport,日用品,無印良品 ポリプロピレン収納ケース 引出式M,1490,0,夕食後にカートを処理 / 整理用
1165,19:25,斎藤 雅人,54,男,ITエンジニア,千葉県,9440000,楽天市場,日用品,除菌できるウェットティッシュ 100枚 x 8パック,1591,0,夕食後にカートを処理 / ポイント10倍
1200,20:00,斎藤 雅人,54,男,ITエンジニア,千葉県,9440000,Uniqlo online,アパレル,ヒートテック クルーネックT 極暖 (グレー M),1990,1,夜のリラックス中に / 冬支度
1270,21:10,斎藤 雅人,54,男,ITエンジニア,千葉県,9440000,メルカリ,ホビー,ポケモンカード SV6a スカーレットex 1BOX,6869,1,夜のリラックス中に / 再販分
1280,21:20,斎藤 雅人,54,男,ITエンジニア,千葉県,9440000,楽天市場,食品,讃岐うどん 半生 太麺 1kg,1431,1,夜のリラックス中に / 在庫補充
415,06:55,中村 千尋_670,52,女,会社員,茨城県,4980000,Yahoo!ショッピング,日用品,レノア 本格消臭 詰替 1320ml,1026,0,朝の準備中ふと / PayPayキャンペーン
1130,18:50,中村 千尋_670,52,女,会社員,茨城県,4980000,honto,電子書籍,hontoポイント 1000円分,1000,0,夕食後にカートを処理 / 次回用ポイント購入
1185,19:45,中村 千尋_670,52,女,会社員,茨城県,4980000,honto,書籍,夜は短し歩けよ乙女 (角川文庫),770,0,夕食後にカートを処理 / 再読
1240,20:40,中村 千尋_670,52,女,会社員,茨城県,4980000,Amazon,電化製品,Anker 737 Power Bank 24000mAh 140W,21903,1,夜のリラックス中に / 出張用
1375,22:55,中村 千尋_670,52,女,会社員,茨城県,4980000,楽天市場,食品,讃岐うどん 半生 太麺 1kg,1357,1,寝る前に思い立って / 在庫補充
745,12:25,中村 美穂,24,女,主婦・主夫,埼玉県,800000,メルカリ,アパレル,【未使用】GU リブニットワンピース ベージュ M,1760,0,用事の合間に / 新製品が気になって
1085,18:05,中村 美穂,24,女,主婦・主夫,埼玉県,800000,Yodobashi.com,電化製品,シャープ プラズマクラスター イオン発生機 IG-NX15,18800,0,夕食後にカートを処理 / 花粉対策
1145,19:05,長谷川 誠,58,男,会社員,埼玉県,5270000,Uniqlo online,アパレル,ヒートテック クルーネックT 極暖 (グレー M),1990,0,夕食後にカートを処理 / 冬支度
1165,19:25,長谷川 誠,58,男,会社員,埼玉県,5270000,Amazon,書籍,達人プログラマー 第2版 (オーム社),3520,0,夕食後にカートを処理 / 安心のリピート
1285,21:25,長谷川 誠,58,男,会社員,埼玉県,5270000,MUJI passport,日用品,無印良品 化粧水 敏感肌用 高保湿 200ml,690,1,夜のリラックス中に / リピート
1390,23:10,長谷川 誠,58,男,会社員,埼玉県,5270000,メルカリ,ホビー,【美品】鬼滅の刃 全巻セット 1-23巻,11342,1,寝る前に思い立って / 一気読み用
535,08:55,前田 凛,37,女,会社員,神奈川県,4700000,Amazon,電子書籍,Kindle ハイキュー!! 文庫版 1-3巻セット,1980,0,勤務中こっそり / 懐かしい
745,12:25,前田 凛,37,女,会社員,神奈川県,4700000,Amazon,電子書籍,Kindle ハイキュー!! 文庫版 1-3巻セット,1980,0,ランチ食べながら / 懐かしい
755,12:35,前田 凛,37,女,会社員,神奈川県,4700000,MUJI passport,食品,無印良品 不揃いバウム メープル 5袋,1390,0,ランチ食べながら / おやつストック
800,13:20,前田 凛,37,女,会社員,神奈川県,4700000,楽天市場,日用品,コストコ カークランド トイレットペーパー 30ロール,4172,0,勤務中こっそり / まとめ買いお得
960,16:00,前田 凛,37,女,会社員,神奈川県,4700000,楽天市場,化粧品,KOSE 雪肌精 化粧水 200ml,3290,0,勤務中こっそり / リピート
415,06:55,石川 彩花,55,女,会社員,埼玉県,4320000,honto,電子書籍,hontoポイント 1000円分,1000,0,朝の準備中ふと / 安心のリピート
625,10:25,石川 彩花,55,女,会社員,埼玉県,4320000,メルカリ,本,【美品】コンサル一年目が学ぶこと,1040,0,勤務中こっそり / 安心のリピート
635,10:35,石川 彩花,55,女,会社員,埼玉県,4320000,iHerb,化粧品,CeraVe フェイシャル モイスチャライザー 89ml,2531,0,勤務中こっそり / 安心のリピート
910,15:10,石川 彩花,55,女,会社員,埼玉県,4320000,iHerb,食品,California Gold ナッツミックス 907g,2606,0,勤務中こっそり / 間食用
1295,21:35,石川 彩花,55,女,会社員,埼玉県,4320000,iHerb,化粧品,Burt's Bees リップ バーム ハニー,628,1,夜のリラックス中に / リピート
920,15:20,山田 翔,23,男,販売員,栃木県,1070000,MUJI passport,日用品,無印良品 ポリプロピレン収納ケース 引出式M,1490,0,勤務中こっそり / 整理用
1150,19:10,山田 翔,23,男,販売員,栃木県,1070000,Amazon,書籍,達人プログラマー 第2版 (オーム社),3520,0,夕食後にカートを処理 / 技術書
995,16:35,前田 雅人,71,男,飲食店,埼玉県,1680000,Amazon,コーヒー,猿田彦珈琲 大吉ブレンド ドリップバッグ 10個,1945,0,勤務中こっそり / 安心のリピート
1340,22:20,前田 雅人,71,男,飲食店,埼玉県,1680000,MUJI passport,アパレル,無印良品 オーガニックコットン Vネック 半袖T 白 M,1490,1,夜のリラックス中に / 夏定番
590,09:50,加藤 由美_677,27,女,パート,東京都市部,2810000,iHerb,サプリ,マイプロテイン Impact ホエイ 1kg バニラ,4576,0,勤務中こっそり / 筋トレ補給
690,11:30,加藤 由美_677,27,女,パート,東京都市部,2810000,Yodobashi.com,ゲーム,Nintendo Switch 2 ソフト 「マリオカートワールド」,9980,0,勤務中こっそり / 発売日購入
745,12:25,加藤 由美_677,27,女,パート,東京都市部,2810000,Amazon,コーヒー,UCC ザ ブレンド 114 レギュラーコーヒー 360g x 6,4499,0,勤務中こっそり / 在宅用ストック
1270,21:10,加藤 由美_677,27,女,パート,東京都市部,2810000,MUJI passport,家具,無印良品 体にフィットするソファ 用 カバー,5990,1,夜のリラックス中に / 汚れ補充
425,07:05,高橋 心春,27,女,会社員,埼玉県,4760000,Amazon,食品,カゴメ 野菜一日これ一本 200ml x 24本,2784,0,朝の準備中ふと / 朝の野菜
615,10:15,高橋 心春,27,女,会社員,埼玉県,4760000,メチャカリ,アパレル,メチャカリ ベーシックプラン 月額,3278,0,勤務中こっそり / サブスクで色々試したい
1120,18:40,高橋 心春,27,女,会社員,埼玉県,4760000,ZOZOTOWN,アパレル,SLY オーバーサイズ スウェット M ベージュ,8800,1,通勤中ふと思い出して / 韓国っぽい
1130,18:50,高橋 心春,27,女,会社員,埼玉県,4760000,メルカリ,中古品,【動作確認済】Sony WH-1000XM4 黒 中古,18906,0,夕食後にカートを処理 / 新品より安い
1265,21:05,高橋 心春,27,女,会社員,埼玉県,4760000,MUJI passport,家具,無印良品 ポリエステル 綿フランネル こたつ布団,9990,1,夜のリラックス中に / 冬支度
805,13:25,田中 健太_679,21,男,大学生,千葉県,800000,MUJI passport,家具,無印良品 やわらかフィットソファ 1人掛け 用 カバー,4990,0,勉強の息抜きに / 気分転換
1120,18:40,田中 健太_679,21,男,大学生,千葉県,800000,SHEIN,アパレル,SHEIN ニーハイブーツ 黒 M,3118,1,夜のリラックス中に / 安心のリピート
915,15:15,小林 悦子,71,女,飲食店,東京都23区,3070000,メルカリ,中古品,【動作確認済】Sony WH-1000XM4 黒 中古,20106,0,勤務中こっそり / 新品より安い
1165,19:25,小林 悦子,71,女,飲食店,東京都23区,3070000,honto,書籍,THE THREE-BODY PROBLEM (English),2980,0,夕食後にカートを処理 / 原書チャレンジ
1310,21:50,小林 悦子,71,女,飲食店,東京都23区,3070000,Uniqlo online,アパレル,エアリズム コットン クルーネックT 半袖 (ネイビー L),1290,1,夜のリラックス中に / 夏前リピート
820,13:40,田中 和也_681,52,男,パート,神奈川県,1670000,Uniqlo online,アパレル,エアリズム コットン クルーネックT 半袖 (ネイビー L),1290,0,ランチ食べながら / 夏前リピート
1255,20:55,田中 和也_681,52,男,パート,神奈川県,1670000,楽天市場,食品,北海道産 ホタテ貝柱 1kg 訳あり,7472,1,夜のリラックス中に / ポイント10倍
1320,22:00,田中 和也_681,52,男,パート,神奈川県,1670000,Uniqlo online,アパレル,エアリズム コットン クルーネックT 半袖 (ネイビー L),1290,1,夜のリラックス中に / 夏前リピート
1335,22:15,田中 和也_681,52,男,パート,神奈川県,1670000,honto,書籍,THE THREE-BODY PROBLEM (English),2980,1,夜のリラックス中に / 原書チャレンジ
1285,21:25,池田 颯太_682,73,男,飲食店,千葉県,4590000,Yahoo!ショッピング,日用品,除菌洗剤 業務用 4L,3134,1,夜のリラックス中に / PayPay祭
1330,22:10,池田 颯太_682,73,男,飲食店,千葉県,4590000,Yahoo!ショッピング,日用品,除菌洗剤 業務用 4L,3204,1,夜のリラックス中に / PayPay祭
910,15:10,井上 健太,43,男,教員,東京都市部,3440000,MUJI passport,日用品,無印良品 ポリプロピレン収納ケース 引出式M,1490,0,勤務中こっそり / 整理用
915,15:15,井上 健太,43,男,教員,東京都市部,3440000,Amazon,食品,カゴメ 野菜一日これ一本 200ml x 24本,2539,0,勤務中こっそり / 朝の野菜
1115,18:35,井上 健太,43,男,教員,東京都市部,3440000,Amazon,コーヒー,Blue Bottle Coffee ベラ ドノヴァン 200g,2014,1,通勤中ふと思い出して / リピート
1195,19:55,井上 健太,43,男,教員,東京都市部,3440000,メルカリ,アパレル,【未使用】GU リブニットワンピース ベージュ M,1357,0,夕食後にカートを処理 / 安心のリピート
1230,20:30,井上 健太,43,男,教員,東京都市部,3440000,楽天市場,食品,北海道産 ホタテ貝柱 1kg 訳あり,7274,1,夜のリラックス中に / 安心のリピート
750,12:30,山崎 大翔,64,男,公務員,東京都市部,4960000,Uniqlo online,アパレル,ヒートテック クルーネックT 極暖 (グレー M),1990,0,ランチ食べながら / 冬支度
1205,20:05,山崎 大翔,64,男,公務員,東京都市部,4960000,Amazon,電化製品,Logicool MX Master 3S ワイヤレスマウス,16745,1,夜のリラックス中に / 新調
675,11:15,木村 麻衣,19,女,大学生,群馬県,1040000,MUJI passport,食品,無印良品 不揃いバウム メープル 5袋,1390,0,勉強の息抜きに / 安心のリピート
1430,23:50,木村 麻衣,19,女,大学生,群馬県,1040000,メルカリ,アパレル,MUJI 90s ヴィンテージ チノパン 31inch,3731,1,Instagram で広告見て / 安心のリピート
485,08:05,斎藤 由美,69,女,退職,埼玉県,3940000,iHerb,サプリ,Now Foods マルチビタミン ADAM 90粒,2759,1,朝のゆっくり時間に / 計画通り
1100,18:20,斎藤 由美,69,女,退職,埼玉県,3940000,honto,書籍,夜は短し歩けよ乙女 (角川文庫),770,0,夕食後にカートを処理 / 計画通り
1145,19:05,山口 節子_687,59,女,公務員,神奈川県,4150000,MUJI passport,アパレル,無印良品 オーガニックコットン Vネック 半袖T 白 M,1490,0,夕食後にカートを処理 / 夏定番
1235,20:35,山口 節子_687,59,女,公務員,神奈川県,4150000,メルカリ,ホビー,【美品】鬼滅の刃 全巻セット 1-23巻,10573,1,夜のリラックス中に / 一気読み用
1245,20:45,山口 節子_687,59,女,公務員,神奈川県,4150000,iHerb,サプリ,マイプロテイン Impact ホエイ 1kg バニラ,4507,1,夜のリラックス中に / 筋トレ補給
1395,23:15,山口 節子_687,59,女,公務員,神奈川県,4150000,Amazon,コーヒー,STARBUCKS ハウス ブレンド ホール 250g,1412,1,寝る前に思い立って / 切らした
1400,23:20,山口 節子_687,59,女,公務員,神奈川県,4150000,iHerb,化粧品,The Ordinary ナイアシンアミド 10% 30ml,1111,1,寝る前に思い立って / 計画通り
845,14:05,山口 葵_688,49,女,会社員,神奈川県,3910000,Uniqlo online,アパレル,リネンブレンド オープンカラー シャツ 半袖 (オフホワイト L),3990,0,勤務中こっそり / 安心のリピート
1220,20:20,山口 葵_688,49,女,会社員,神奈川県,3910000,Yahoo!ショッピング,日用品,レノア 本格消臭 詰替 1320ml,928,1,夜のリラックス中に / PayPayキャンペーン
1250,20:50,山口 葵_688,49,女,会社員,神奈川県,3910000,Yahoo!ショッピング,日用品,レノア 本格消臭 詰替 1320ml,944,1,夜のリラックス中に / 安心のリピート
1345,22:25,山口 葵_688,49,女,会社員,神奈川県,3910000,楽天市場,食品,讃岐うどん 半生 太麺 1kg,1327,1,夜のリラックス中に / 安心のリピート
1385,23:05,山口 葵_688,49,女,会社員,神奈川県,3910000,Amazon,書籍,ジェイソン流お金の増やし方,1430,1,寝る前に思い立って / 安心のリピート
505,08:25,山本 彩花_689,39,女,ITエンジニア,千葉県,6240000,楽天市場,化粧品,KOSE 雪肌精 化粧水 200ml,3137,0,朝の準備中ふと / リピート
1170,19:30,山本 彩花_689,39,女,ITエンジニア,千葉県,6240000,Oisix,食品,Kit Oisix 牛肉と野菜のチンジャオロース 2人前,1580,1,夜のリラックス中に / 今夜の献立
1190,19:50,山本 彩花_689,39,女,ITエンジニア,千葉県,6240000,honto,書籍,看護管理2025年4月号,2090,1,夜のリラックス中に / 安心のリピート
1265,21:05,山本 彩花_689,39,女,ITエンジニア,千葉県,6240000,メルカリ,中古品,【動作確認済】Sony WH-1000XM4 黒 中古,22137,1,夜のリラックス中に / 新品より安い
1345,22:25,山本 彩花_689,39,女,ITエンジニア,千葉県,6240000,Amazon,書籍,達人プログラマー 第2版 (オーム社),3520,1,夜のリラックス中に / 安心のリピート
635,10:35,伊藤 桜_690,62,女,飲食店,群馬県,3600000,honto,書籍,夜は短し歩けよ乙女 (角川文庫),770,0,勤務中こっそり / 安心のリピート
1085,18:05,伊藤 桜_690,62,女,飲食店,群馬県,3600000,Yahoo!ショッピング,日用品,レノア 本格消臭 詰替 1320ml,1037,0,勤務中こっそり / 安心のリピート
1360,22:40,伊藤 桜_690,62,女,飲食店,群馬県,3600000,Yahoo!ショッピング,日用品,レノア 本格消臭 詰替 1320ml,911,1,夜のリラックス中に / PayPayキャンペーン
1345,22:25,森 彩花_691,62,女,主婦・主夫,東京都市部,1310000,Uniqlo online,アパレル,リネンブレンド オープンカラー シャツ 半袖 (オフホワイト L),3990,0,家族の話題から / 新製品が気になって
1355,22:35,森 彩花_691,62,女,主婦・主夫,東京都市部,1310000,Amazon,コーヒー,STARBUCKS ハウス ブレンド ホール 250g,1407,0,家族の話題から / 新製品が気になって
810,13:30,清水 節子,67,女,退職,栃木県,2840000,Yahoo!ショッピング,日用品,レノア 本格消臭 詰替 1320ml,1049,1,お昼のひと息に / PayPayキャンペーン
1060,17:40,清水 節子,67,女,退職,栃木県,2840000,MUJI passport,日用品,無印良品 化粧水 敏感肌用 高保湿 200ml,690,1,午後のくつろぎ中に / 安心のリピート
565,09:25,後藤 颯太,70,男,主婦・主夫,千葉県,1740000,MUJI passport,アパレル,無印良品 オーガニックコットン Vネック 半袖T 白 M,1490,0,家事中スマホで / 夏定番
735,12:15,後藤 颯太,70,男,主婦・主夫,千葉県,1740000,Yahoo!ショッピング,日用品,レノア 本格消臭 詰替 1320ml,960,0,用事の合間に / PayPayキャンペーン
490,08:10,林 美咲,31,女,会社員,神奈川県,8420000,楽天市場,化粧品,資生堂 マキアージュ ドラマティック ジェリー BB,3801,1,通勤中ふと思い出して / ポイント祭
800,13:20,林 美咲,31,女,会社員,神奈川県,8420000,メルカリ,アパレル,MUJI 90s ヴィンテージ チノパン 31inch,3191,0,勤務中こっそり / 古着趣味
1000,16:40,林 美咲,31,女,会社員,神奈川県,8420000,Oisix,食品,Oisix おうちレストラン 旬の野菜セット,3980,0,勤務中こっそり / 安心のリピート
1305,21:45,林 美咲,31,女,会社員,神奈川県,8420000,Amazon,コーヒー,UCC ザ ブレンド 114 レギュラーコーヒー 360g x 6,4667,1,夜のリラックス中に / 安心のリピート
1360,22:40,林 美咲,31,女,会社員,神奈川県,8420000,Yodobashi.com,電化製品,シャープ プラズマクラスター イオン発生機 IG-NX15,18800,1,寝る前に思い立って / 花粉対策
1365,22:45,林 美咲,31,女,会社員,神奈川県,8420000,Uniqlo online,アパレル,ヒートテック クルーネックT 極暖 (グレー M),1990,1,寝る前に思い立って / 冬支度
535,08:55,石川 正樹,28,男,工場勤務,神奈川県,2580000,ZOZOTOWN,アパレル,SLY オーバーサイズ スウェット M ベージュ,8800,0,勤務中こっそり / 韓国っぽい
1145,19:05,石川 正樹,28,男,工場勤務,神奈川県,2580000,楽天市場,食品,北海道産 ホタテ貝柱 1kg 訳あり,7335,0,夕食後にカートを処理 / ポイント10倍
1225,20:25,石川 正樹,28,男,工場勤務,神奈川県,2580000,楽天市場,化粧品,資生堂 マキアージュ ドラマティック ジェリー BB,3491,0,夕食後にカートを処理 / ポイント祭
1315,21:55,石川 正樹,28,男,工場勤務,神奈川県,2580000,Uniqlo online,アパレル,ヒートテック クルーネックT 極暖 (グレー M),1990,1,夜のリラックス中に / 冬支度
410,06:50,山田 拓海,55,男,会社員,千葉県,6010000,楽天市場,化粧品,資生堂 マキアージュ ドラマティック ジェリー BB,3398,0,朝の準備中ふと / ポイント祭
1190,19:50,山田 拓海,55,男,会社員,千葉県,6010000,honto,電子書籍,hontoポイント 1000円分,1000,0,夕食後にカートを処理 / 次回用ポイント購入
1315,21:55,山田 拓海,55,男,会社員,千葉県,6010000,Yahoo!ショッピング,日用品,除菌洗剤 業務用 4L,2786,1,夜のリラックス中に / PayPay祭
1325,22:05,山田 拓海,55,男,会社員,千葉県,6010000,MUJI passport,家具,無印良品 やわらかフィットソファ 1人掛け 用 カバー,4990,1,夜のリラックス中に / 気分転換
1355,22:35,山田 拓海,55,男,会社員,千葉県,6010000,Uniqlo online,アパレル,感動パンツ ウルトラライト ストレッチ ストレート (ブラック 32inch),3990,1,寝る前に思い立って / 通勤新調
1130,18:50,山口 千尋,54,女,会社員,神奈川県,6980000,Uniqlo online,アパレル,ヒートテック クルーネックT 極暖 (グレー M),1990,0,夕食後にカートを処理 / 冬支度
1170,19:30,山口 千尋,54,女,会社員,神奈川県,6980000,Amazon,サブスク,Kindle Unlimited 3ヶ月分,2940,0,夕食後にカートを処理 / 読み放題
1180,19:40,山口 千尋,54,女,会社員,神奈川県,6980000,メルカリ,ホビー,ポケモンカード SV6a スカーレットex 1BOX,6905,0,夕食後にカートを処理 / 再販分
1285,21:25,山口 千尋,54,女,会社員,神奈川県,6980000,Yahoo!ショッピング,日用品,除菌洗剤 業務用 4L,3053,1,夜のリラックス中に / PayPay祭
1385,23:05,山口 千尋,54,女,会社員,神奈川県,6980000,Uniqlo online,アパレル,リネンブレンド オープンカラー シャツ 半袖 (オフホワイト L),3990,1,寝る前に思い立って / 週末カジュアル
735,12:15,加藤 結衣,42,女,会社員,東京都23区,6550000,Amazon,電化製品,Anker 737 Power Bank 24000mAh 140W,21948,0,ランチ食べながら / 出張用
870,14:30,加藤 結衣,42,女,会社員,東京都23区,6550000,楽天市場,日用品,コストコ カークランド トイレットペーパー 30ロール,3745,0,勤務中こっそり / まとめ買いお得
1135,18:55,加藤 結衣,42,女,会社員,東京都23区,6550000,MUJI passport,アパレル,無印良品 縦横ストレッチ 細身パンツ 黒 32inch,3990,0,夕食後にカートを処理 / 通勤用
1230,20:30,加藤 結衣,42,女,会社員,東京都23区,6550000,楽天市場,食品,台湾カステラ 6個セット,2654,1,夜のリラックス中に / 話題スイーツ
1280,21:20,加藤 結衣,42,女,会社員,東京都23区,6550000,Oisix,食品,Kit Oisix 牛肉と野菜のチンジャオロース 2人前,1580,1,夜のリラックス中に / 今夜の献立
1315,21:55,加藤 結衣,42,女,会社員,東京都23区,6550000,Uniqlo online,アパレル,ヒートテック クルーネックT 極暖 (グレー M),1990,1,夜のリラックス中に / 冬支度
425,07:05,長谷川 颯太,78,男,主婦・主夫,群馬県,1610000,Amazon,サブスク,Amazon Prime 年会費 (1年),5900,0,朝の準備中ふと / 年次自動更新
850,14:10,長谷川 颯太,78,男,主婦・主夫,群馬県,1610000,Uniqlo online,アパレル,感動パンツ ウルトラライト ストレッチ ストレート (ブラック 32inch),3990,0,ランチ食べながら / 通勤新調
1360,22:40,長谷川 颯太,78,男,主婦・主夫,群馬県,1610000,Uniqlo online,アパレル,エアリズム コットン クルーネックT 半袖 (ネイビー L),1290,0,家族の話題から / 夏前リピート
700,11:40,中村 美咲,37,女,ITエンジニア,茨城県,4910000,楽天市場,食品,台湾カステラ 6個セット,2592,0,仕事の合間に / 話題スイーツ
990,16:30,中村 美咲,37,女,ITエンジニア,茨城県,4910000,Amazon,コーヒー,UCC ザ ブレンド 114 レギュラーコーヒー 360g x 6,4841,0,仕事の合間に / 在宅用ストック
1085,18:05,中村 美咲,37,女,ITエンジニア,茨城県,4910000,Amazon,コーヒー,UCC ザ ブレンド 114 レギュラーコーヒー 360g x 6,4724,0,夕食後にカートを処理 / 在宅用ストック
1135,18:55,中村 美咲,37,女,ITエンジニア,茨城県,4910000,メルカリ,中古品,【動作確認済】Sony WH-1000XM4 黒 中古,19103,0,夕食後にカートを処理 / 新品より安い
1225,20:25,中村 美咲,37,女,ITエンジニア,茨城県,4910000,楽天市場,日用品,コストコ カークランド トイレットペーパー 30ロール,4227,1,夜のリラックス中に / まとめ買いお得
785,13:05,後藤 蓮,37,男,会社員,神奈川県,3370000,Uniqlo online,アパレル,感動パンツ ウルトラライト ストレッチ ストレート (ブラック 32inch),3990,0,勤務中こっそり / 通勤新調
1105,18:25,後藤 蓮,37,男,会社員,神奈川県,3370000,楽天市場,化粧品,KOSE 雪肌精 化粧水 200ml,3227,1,通勤中ふと思い出して / リピート
1245,20:45,後藤 蓮,37,男,会社員,神奈川県,3370000,Uniqlo online,アパレル,感動パンツ ウルトラライト ストレッチ ストレート (ブラック 32inch),3990,1,夜のリラックス中に / 通勤新調
1280,21:20,後藤 蓮,37,男,会社員,神奈川県,3370000,メルカリ,中古品,【動作確認済】Sony WH-1000XM4 黒 中古,20998,1,夜のリラックス中に / 新品より安い
1400,23:20,後藤 蓮,37,男,会社員,神奈川県,3370000,Uniqlo online,アパレル,リネンブレンド オープンカラー シャツ 半袖 (オフホワイト L),3990,1,寝る前に思い立って / 週末カジュアル
525,08:45,加藤 亮,60,男,ITエンジニア,神奈川県,5160000,honto,書籍,夜は短し歩けよ乙女 (角川文庫),770,0,朝の準備中ふと / 再読
1170,19:30,加藤 亮,60,男,ITエンジニア,神奈川県,5160000,Amazon,コーヒー,UCC ザ ブレンド 114 レギュラーコーヒー 360g x 6,4625,1,夜のリラックス中に / 計画通り
1140,19:00,森 綾_703,26,女,販売員,東京都23区,2470000,Amazon,サブスク,Kindle Unlimited 3ヶ月分,2940,0,夕食後にカートを処理 / 読み放題
1310,21:50,森 綾_703,26,女,販売員,東京都23区,2470000,ZOZOTOWN,シューズ,New Balance 327 グレー x ホワイト 24cm,12100,1,夜のリラックス中に / 新色気になって
1365,22:45,森 綾_703,26,女,販売員,東京都23区,2470000,iHerb,サプリ,California Gold ビタミンC 1000mg 240粒,2430,1,夜のリラックス中に / 風邪予防
1375,22:55,森 綾_703,26,女,販売員,東京都23区,2470000,Amazon,電化製品,Anker PowerLine III USB-C ケーブル 1.8m,1290,1,夜のリラックス中に / ケーブル断線
880,14:40,前田 颯太,44,男,会社員,東京都23区,5110000,楽天市場,日用品,コストコ カークランド トイレットペーパー 30ロール,4055,0,勤務中こっそり / まとめ買いお得
995,16:35,前田 颯太,44,男,会社員,東京都23区,5110000,Uniqlo online,アパレル,感動パンツ ウルトラライト ストレッチ ストレート (ブラック 32inch),3990,0,勤務中こっそり / 通勤新調
1170,19:30,前田 颯太,44,男,会社員,東京都23区,5110000,MUJI passport,日用品,無印良品 化粧水 敏感肌用 高保湿 200ml,690,0,夕食後にカートを処理 / リピート
1240,20:40,前田 颯太,44,男,会社員,東京都23区,5110000,Amazon,食品,カルビー フルグラ 800g x 3,2622,1,夜のリラックス中に / 朝食まとめ
1280,21:20,前田 颯太,44,男,会社員,東京都23区,5110000,Uniqlo online,アパレル,ヒートテック クルーネックT 極暖 (グレー M),1990,1,夜のリラックス中に / 冬支度
415,06:55,木村 亮,41,男,会社員,東京都23区,7440000,Uniqlo online,アパレル,感動パンツ ウルトラライト ストレッチ ストレート (ブラック 32inch),3990,0,朝の準備中ふと / 通勤新調
1115,18:35,木村 亮,41,男,会社員,東京都23区,7440000,楽天市場,食品,北海道産 ホタテ貝柱 1kg 訳あり,8395,1,通勤中ふと思い出して / ポイント10倍
1135,18:55,木村 亮,41,男,会社員,東京都23区,7440000,Amazon,コーヒー,STARBUCKS ハウス ブレンド ホール 250g,1384,0,夕食後にカートを処理 / 切らした
1290,21:30,木村 亮,41,男,会社員,東京都23区,7440000,Amazon,食品,KIRIN 自然が磨いた天然水 2L x 9本,1380,1,夜のリラックス中に / 備蓄
1325,22:05,木村 亮,41,男,会社員,東京都23区,7440000,Amazon,電子書籍,Kindle ハイキュー!! 文庫版 1-3巻セット,1980,1,夜のリラックス中に / 安心のリピート
1335,22:15,木村 亮,41,男,会社員,東京都23区,7440000,楽天市場,食品,北海道産 ホタテ貝柱 1kg 訳あり,7321,1,夜のリラックス中に / ポイント10倍
575,09:35,小林 孝雄,24,男,会社員,東京都23区,2700000,Uniqlo online,アパレル,エアリズム コットン クルーネックT 半袖 (ネイビー L),1290,0,勤務中こっそり / 夏前リピート
1040,17:20,小林 孝雄,24,男,会社員,東京都23区,2700000,ZOZOTOWN,アパレル,steven alan 別注 ボーダー T ホワイト x ネイビー,7700,0,勤務中こっそり / ZOZO特集
1320,22:00,小林 孝雄,24,男,会社員,東京都23区,2700000,honto,書籍,THE THREE-BODY PROBLEM (English),2980,1,夜のリラックス中に / 原書チャレンジ
1340,22:20,小林 孝雄,24,男,会社員,東京都23区,2700000,ZOZOTOWN,アパレル,SLY オーバーサイズ スウェット M ベージュ,8800,1,夜のリラックス中に / 韓国っぽい
775,12:55,井上 拓海_707,42,男,会社員,東京都市部,4780000,MUJI passport,アパレル,無印良品 オーガニックコットン Vネック 半袖T 白 M,1490,0,ランチ食べながら / 夏定番
1185,19:45,井上 拓海_707,42,男,会社員,東京都市部,4780000,楽天市場,食品,台湾カステラ 6個セット,2502,0,夕食後にカートを処理 / 話題スイーツ
1210,20:10,井上 拓海_707,42,男,会社員,東京都市部,4780000,Amazon,コーヒー,Blue Bottle Coffee ベラ ドノヴァン 200g,2007,1,夜のリラックス中に / リピート
1285,21:25,井上 拓海_707,42,男,会社員,東京都市部,4780000,MUJI passport,家具,無印良品 ポリエステル 綿フランネル こたつ布団,9990,1,夜のリラックス中に / 冬支度
1360,22:40,井上 拓海_707,42,男,会社員,東京都市部,4780000,楽天市場,化粧品,KOSE 雪肌精 化粧水 200ml,3267,1,寝る前に思い立って / リピート
1160,19:20,林 彩花,79,女,工場勤務,東京都市部,3160000,MUJI passport,食品,無印良品 素材を生かしたカレー グリーン,350,0,夕食後にカートを処理 / ストック補充
1240,20:40,林 彩花,79,女,工場勤務,東京都市部,3160000,honto,電子書籍,hontoポイント 1000円分,1000,1,夜のリラックス中に / 次回用ポイント購入
515,08:35,佐々木 ハル,70,女,飲食店,千葉県,2470000,honto,電子書籍,hontoポイント 1000円分,1000,0,勤務中こっそり / 次回用ポイント購入
725,12:05,佐々木 ハル,70,女,飲食店,千葉県,2470000,Amazon,日用品,LION クリニカ アドバンテージ ハミガキ 130g x 3,1049,0,勤務中こっそり / 安心のリピート
1240,20:40,石川 節子,60,女,主婦・主夫,東京都23区,1190000,Amazon,電子書籍,Kindle ハイキュー!! 文庫版 1-3巻セット,1980,0,家族の話題から / 懐かしい
1320,22:00,石川 節子,60,女,主婦・主夫,東京都23区,1190000,Uniqlo online,アパレル,エアリズム コットン クルーネックT 半袖 (ネイビー L),1290,0,家族の話題から / 夏前リピート
1285,21:25,山崎 智子,70,女,パート,千葉県,1520000,Amazon,書籍,成瀬は天下を取りに行く (新潮社),1705,1,夜のリラックス中に / 本屋大賞
1315,21:55,山崎 智子,70,女,パート,千葉県,1520000,Uniqlo online,アパレル,ヒートテック クルーネックT 極暖 (グレー M),1990,1,夜のリラックス中に / 冬支度
1355,22:35,山崎 智子,70,女,パート,千葉県,1520000,Uniqlo online,アパレル,感動パンツ ウルトラライト ストレッチ ストレート (ブラック 32inch),3990,1,夜のリラックス中に / 通勤新調
700,11:40,石川 克彦,69,男,退職,東京都市部,1870000,Amazon,書籍,達人プログラマー 第2版 (オーム社),3520,1,お昼のひと息に / 計画通り
1285,21:25,石川 克彦,69,男,退職,東京都市部,1870000,MUJI passport,アパレル,無印良品 縦横ストレッチ 細身パンツ 黒 32inch,3990,1,TVショッピング見て / 通勤用
425,07:05,斎藤 芽依_713,54,女,経営者・役員,埼玉県,9880000,Apple,サブスク,iCloud+ 200GB 月額,400,0,朝の準備中ふと / 容量足りない
730,12:10,斎藤 芽依_713,54,女,経営者・役員,埼玉県,9880000,楽天市場,日用品,コストコ カークランド トイレットペーパー 30ロール,4103,0,ランチ食べながら / まとめ買いお得
765,12:45,斎藤 芽依_713,54,女,経営者・役員,埼玉県,9880000,Amazon,書籍,Kindle Paperwhite シグニチャー エディション,28980,0,ランチ食べながら / 読書環境刷新
1145,19:05,斎藤 芽依_713,54,女,経営者・役員,埼玉県,9880000,iHerb,食品,California Gold ナッツミックス 907g,2730,0,夕食後にカートを処理 / 間食用
1265,21:05,斎藤 芽依_713,54,女,経営者・役員,埼玉県,9880000,honto,書籍,看護管理2025年4月号,2090,1,夜のリラックス中に / 仕事用
1090,18:10,鈴木 彩花_714,66,女,パート,千葉県,2240000,Amazon,コーヒー,猿田彦珈琲 大吉ブレンド ドリップバッグ 10個,1871,0,勤務中こっそり / 気分転換
1260,21:00,鈴木 彩花_714,66,女,パート,千葉県,2240000,honto,書籍,看護管理2025年4月号,2090,1,夜のリラックス中に / 仕事用
430,07:10,渡辺 莉子,56,女,会社員,栃木県,7210000,BUYMA,アパレル,【正規品】POLO Ralph Lauren ケーブルニット 紺 M,27476,0,朝の準備中ふと / クラシック
450,07:30,渡辺 莉子,56,女,会社員,栃木県,7210000,honto,書籍,夜は短し歩けよ乙女 (角川文庫),770,1,通勤中ふと思い出して / 再読
875,14:35,渡辺 莉子,56,女,会社員,栃木県,7210000,楽天市場,化粧品,ETUDE ティアアイライナー 限定色,1438,0,勤務中こっそり / 新作
1015,16:55,渡辺 莉子,56,女,会社員,栃木県,7210000,iHerb,食品,California Gold ナッツミックス 907g,2955,0,勤務中こっそり / 間食用
1185,19:45,渡辺 莉子,56,女,会社員,栃木県,7210000,iHerb,化粧品,CeraVe フェイシャル モイスチャライザー 89ml,2362,0,夕食後にカートを処理 / 海外定番
1265,21:05,渡辺 莉子,56,女,会社員,栃木県,7210000,Amazon,日用品,エリエール 消臭+ トイレットペーパー 12ロール ダブル,583,1,夜のリラックス中に / ストック切れ
1370,22:50,渡辺 莉子,56,女,会社員,栃木県,7210000,BUYMA,ブランド品,【関税送料込】Hermès Twilly スカーフ 復刻柄,25012,1,寝る前に思い立って / ギフト用
790,13:10,森 彩,71,女,パート,東京都23区,1070000,honto,電子書籍,hontoポイント 1000円分,1000,0,ランチ食べながら / 次回用ポイント購入
1295,21:35,森 彩,71,女,パート,東京都23区,1070000,Yahoo!ショッピング,日用品,レノア 本格消臭 詰替 1320ml,1077,1,夜のリラックス中に / PayPayキャンペーン
1090,18:10,林 美咲_717,65,女,退職,東京都23区,3140000,MUJI passport,アパレル,無印良品 縦横ストレッチ 細身パンツ 黒 32inch,3990,0,夕食後にカートを処理 / 通勤用
1250,20:50,林 美咲_717,65,女,退職,東京都23区,3140000,Amazon,サブスク,Amazon Prime 年会費 (1年),5900,1,TVショッピング見て / 年次自動更新
670,11:10,木村 悠人_718,19,男,大学生,神奈川県,980000,MUJI passport,家具,無印良品 やわらかフィットソファ 1人掛け 用 カバー,4990,0,勉強の息抜きに / 気分転換
805,13:25,木村 悠人_718,19,男,大学生,神奈川県,980000,ZOZOTOWN,シューズ,CONVERSE All Star OX 黒 25cm,6600,0,勉強の息抜きに / 定番補充
405,06:45,松本 綾,54,女,会社員,埼玉県,5450000,honto,書籍,夜は短し歩けよ乙女 (角川文庫),770,0,朝の準備中ふと / 再読
1095,18:15,松本 綾,54,女,会社員,埼玉県,5450000,Amazon,日用品,Mr.CLEAN マジックリン キッチン用 400ml,351,1,通勤中ふと思い出して / 安心のリピート
1135,18:55,松本 綾,54,女,会社員,埼玉県,5450000,Amazon,食品,カゴメ 野菜一日これ一本 200ml x 24本,2526,0,夕食後にカートを処理 / 朝の野菜
1285,21:25,松本 綾,54,女,会社員,埼玉県,5450000,Yahoo!ショッピング,日用品,レノア 本格消臭 詰替 1320ml,1047,1,夜のリラックス中に / PayPayキャンペーン
1315,21:55,松本 綾,54,女,会社員,埼玉県,5450000,MUJI passport,食品,無印良品 素材を生かしたカレー グリーン,350,1,夜のリラックス中に / 安心のリピート
1395,23:15,松本 綾,54,女,会社員,埼玉県,5450000,MUJI passport,食品,無印良品 不揃いバウム メープル 5袋,1390,1,寝る前に思い立って / おやつストック
480,08:00,前田 凛_720,48,女,公務員,茨城県,12360000,Uniqlo online,アパレル,感動パンツ ウルトラライト ストレッチ ストレート (ブラック 32inch),3990,1,通勤中ふと思い出して / 通勤新調
540,09:00,前田 凛_720,48,女,公務員,茨城県,12360000,Uniqlo online,アパレル,ヒートテック クルーネックT 極暖 (グレー M),1990,0,勤務中こっそり / 冬支度
820,13:40,前田 凛_720,48,女,公務員,茨城県,12360000,Amazon,電化製品,Logicool MX Master 3S ワイヤレスマウス,16709,0,勤務中こっそり / 新調
1110,18:30,前田 凛_720,48,女,公務員,茨城県,12360000,Amazon,日用品,ピジョン 親子で使える泡シャンプー 詰替 350ml,817,1,通勤中ふと思い出して / リピート
1225,20:25,前田 凛_720,48,女,公務員,茨城県,12360000,メルカリ,ホビー,【美品】鬼滅の刃 全巻セット 1-23巻,9418,1,夜のリラックス中に / 一気読み用
1245,20:45,前田 凛_720,48,女,公務員,茨城県,12360000,Yahoo!ショッピング,日用品,除菌洗剤 業務用 4L,3120,1,夜のリラックス中に / PayPay祭
470,07:50,長谷川 樹,52,男,経営者・役員,埼玉県,18760000,MUJI passport,食品,無印良品 素材を生かしたカレー グリーン,350,1,通勤中ふと思い出して / ストック補充
1100,18:20,長谷川 樹,52,男,経営者・役員,埼玉県,18760000,MUJI passport,アパレル,無印良品 縦横ストレッチ 細身パンツ 黒 32inch,3990,1,通勤中ふと思い出して / 通勤用
1110,18:30,長谷川 樹,52,男,経営者・役員,埼玉県,18760000,BUYMA,アパレル,【関税送料込】MM6 Maison Margiela ジャパニーズバッグ S,39308,1,通勤中ふと思い出して / 海外限定色
1270,21:10,長谷川 樹,52,男,経営者・役員,埼玉県,18760000,MUJI passport,家具,無印良品 ポリエステル 綿フランネル こたつ布団,9990,1,夜のリラックス中に / 冬支度
1355,22:35,長谷川 樹,52,男,経営者・役員,埼玉県,18760000,BUYMA,ブランド品,【関税送料込】Hermès Twilly スカーフ 復刻柄,25257,1,寝る前に思い立って / 安心のリピート
470,07:50,山田 美穂,31,女,会社員,東京都23区,5580000,MUJI passport,食品,無印良品 素材を生かしたカレー グリーン,350,1,通勤中ふと思い出して / ストック補充
985,16:25,山田 美穂,31,女,会社員,東京都23区,5580000,iHerb,食品,California Gold ナッツミックス 907g,2572,0,勤務中こっそり / 間食用
1125,18:45,山田 美穂,31,女,会社員,東京都23区,5580000,メルカリ,本,【美品】コンサル一年目が学ぶこと,1173,0,夕食後にカートを処理 / 後輩から推薦
1285,21:25,山田 美穂,31,女,会社員,東京都23区,5580000,Amazon,書籍,達人プログラマー 第2版 (オーム社),3520,1,夜のリラックス中に / 技術書
1380,23:00,山田 美穂,31,女,会社員,東京都23区,5580000,Amazon,食品,KIRIN 自然が磨いた天然水 2L x 9本,1380,1,寝る前に思い立って / 備蓄
1395,23:15,山田 美穂,31,女,会社員,東京都23区,5580000,Yahoo!ショッピング,日用品,レノア 本格消臭 詰替 1320ml,947,1,寝る前に思い立って / PayPayキャンペーン
1360,22:40,佐々木 達也_723,75,男,パート,東京都市部,1810000,Uniqlo online,アパレル,リネンブレンド オープンカラー シャツ 半袖 (オフホワイト L),3990,1,夜のリラックス中に / 週末カジュアル
955,15:55,斎藤 智也,71,男,工場勤務,茨城県,4170000,honto,書籍,夜は短し歩けよ乙女 (角川文庫),770,0,勤務中こっそり / 再読
1235,20:35,斎藤 智也,71,男,工場勤務,茨城県,4170000,MUJI passport,食品,無印良品 素材を生かしたカレー グリーン,350,1,夜のリラックス中に / ストック補充
855,14:15,斎藤 節子,66,女,退職,東京都23区,1830000,honto,書籍,看護管理2025年4月号,2090,1,午後のくつろぎ中に / 仕事用
1290,21:30,斎藤 節子,66,女,退職,東京都23区,1830000,Uniqlo online,アパレル,ヒートテック クルーネックT 極暖 (グレー M),1990,1,TVショッピング見て / 安心のリピート
435,07:15,山崎 翼_726,43,男,会社員,千葉県,5690000,Uniqlo online,アパレル,リネンブレンド オープンカラー シャツ 半袖 (オフホワイト L),3990,0,朝の準備中ふと / 週末カジュアル
740,12:20,山崎 翼_726,43,男,会社員,千葉県,5690000,MUJI passport,家具,無印良品 体にフィットするソファ 用 カバー,5990,0,ランチ食べながら / 汚れ補充
1205,20:05,山崎 翼_726,43,男,会社員,千葉県,5690000,Uniqlo online,アパレル,エアリズム コットン クルーネックT 半袖 (ネイビー L),1290,1,夜のリラックス中に / 夏前リピート
1240,20:40,山崎 翼_726,43,男,会社員,千葉県,5690000,MUJI passport,アパレル,無印良品 縦横ストレッチ 細身パンツ 黒 32inch,3990,1,夜のリラックス中に / 通勤用
1360,22:40,山崎 翼_726,43,男,会社員,千葉県,5690000,MUJI passport,アパレル,無印良品 縦横ストレッチ 細身パンツ 黒 32inch,3990,1,寝る前に思い立って / 通勤用
1015,16:55,鈴木 智也,74,男,工場勤務,東京都23区,6760000,Apple,アクセサリ,AirPods Pro イヤーチップ XSサイズ,880,0,勤務中こっそり / サイズ調整
1190,19:50,鈴木 智也,74,男,工場勤務,東京都23区,6760000,MUJI passport,食品,無印良品 素材を生かしたカレー グリーン,350,0,夕食後にカートを処理 / ストック補充
420,07:00,池田 心春,50,女,会社員,千葉県,8790000,Amazon,書籍,ジェイソン流お金の増やし方,1430,0,朝の準備中ふと / 投資勉強
725,12:05,池田 心春,50,女,会社員,千葉県,8790000,Amazon,コーヒー,猿田彦珈琲 大吉ブレンド ドリップバッグ 10個,1893,0,ランチ食べながら / 気分転換
750,12:30,池田 心春,50,女,会社員,千葉県,8790000,楽天市場,日用品,除菌できるウェットティッシュ 100枚 x 8パック,1800,0,ランチ食べながら / ポイント10倍
795,13:15,池田 心春,50,女,会社員,千葉県,8790000,Uniqlo online,アパレル,リネンブレンド オープンカラー シャツ 半袖 (オフホワイト L),3990,0,勤務中こっそり / 週末カジュアル
1210,20:10,池田 心春,50,女,会社員,千葉県,8790000,Amazon,書籍,達人プログラマー 第2版 (オーム社),3520,1,夜のリラックス中に / 技術書
715,11:55,佐々木 雄太_729,18,男,大学生,神奈川県,800000,SHEIN,アパレル,SHEIN ニーハイブーツ 黒 M,3005,0,勉強の息抜きに / 安心のリピート
905,15:05,佐々木 雄太_729,18,男,大学生,神奈川県,800000,Amazon,電化製品,Anker PowerLine III USB-C ケーブル 1.8m,1290,0,勉強の息抜きに / ケーブル断線
775,12:55,池田 美咲_730,35,女,会社員,神奈川県,2730000,Yahoo!ショッピング,日用品,除菌洗剤 業務用 4L,2886,0,ランチ食べながら / PayPay祭
1115,18:35,池田 美咲_730,35,女,会社員,神奈川県,2730000,MUJI passport,家具,無印良品 体にフィットするソファ 用 カバー,5990,1,通勤中ふと思い出して / 汚れ補充
1250,20:50,池田 美咲_730,35,女,会社員,神奈川県,2730000,ZOZOTOWN,アパレル,nano universe テーパード パンツ 9号,11000,1,夜のリラックス中に / オフィス用
1370,22:50,池田 美咲_730,35,女,会社員,神奈川県,2730000,Amazon,電子書籍,Kindle ハイキュー!! 文庫版 1-3巻セット,1980,1,寝る前に思い立って / 懐かしい
580,09:40,吉田 莉子_731,53,女,デザイナー,千葉県,4020000,Yahoo!ショッピング,日用品,除菌洗剤 業務用 4L,2844,0,仕事の合間に / PayPay祭
820,13:40,吉田 莉子_731,53,女,デザイナー,千葉県,4020000,iHerb,食品,California Gold ナッツミックス 907g,2850,0,仕事の合間に / 間食用
1100,18:20,吉田 莉子_731,53,女,デザイナー,千葉県,4020000,楽天市場,食品,讃岐うどん 半生 太麺 1kg,1441,0,夕食後にカートを処理 / 在庫補充
1120,18:40,吉田 莉子_731,53,女,デザイナー,千葉県,4020000,honto,電子書籍,hontoポイント 1000円分,1000,0,夕食後にカートを処理 / 次回用ポイント購入
1210,20:10,吉田 莉子_731,53,女,デザイナー,千葉県,4020000,Uniqlo online,アパレル,ヒートテック クルーネックT 極暖 (グレー M),1990,1,夜のリラックス中に / 冬支度
490,08:10,森 智也,62,男,会社員,神奈川県,2760000,MUJI passport,食品,無印良品 不揃いバウム メープル 5袋,1390,1,通勤中ふと思い出して / 安心のリピート
1250,20:50,森 智也,62,男,会社員,神奈川県,2760000,Amazon,サブスク,Kindle Unlimited 3ヶ月分,2940,1,夜のリラックス中に / 読み放題
1285,21:25,伊藤 貴志,50,男,会社員,東京都23区,4380000,楽天市場,日用品,コストコ カークランド トイレットペーパー 30ロール,3813,1,夜のリラックス中に / まとめ買いお得
1305,21:45,伊藤 貴志,50,男,会社員,東京都23区,4380000,Yahoo!ショッピング,日用品,レノア 本格消臭 詰替 1320ml,1074,1,夜のリラックス中に / PayPayキャンペーン
1340,22:20,伊藤 貴志,50,男,会社員,東京都23区,4380000,Yahoo!ショッピング,日用品,レノア 本格消臭 詰替 1320ml,1042,1,夜のリラックス中に / 安心のリピート
1390,23:10,伊藤 貴志,50,男,会社員,東京都23区,4380000,Amazon,書籍,達人プログラマー 第2版 (オーム社),3520,1,寝る前に思い立って / 技術書
420,07:00,吉田 翔,55,男,パート,神奈川県,1340000,honto,書籍,THE THREE-BODY PROBLEM (English),2980,0,朝の準備中ふと / 原書チャレンジ
1300,21:40,吉田 翔,55,男,パート,神奈川県,1340000,MUJI passport,日用品,無印良品 アロマオイル ラベンダー 10ml,1190,1,夜のリラックス中に / リラックス
1130,18:50,高橋 智子,78,女,飲食店,茨城県,4140000,MUJI passport,家具,無印良品 体にフィットするソファ 用 カバー,5990,0,勤務中こっそり / 汚れ補充
1355,22:35,高橋 智子,78,女,飲食店,茨城県,4140000,iHerb,化粧品,The Ordinary ナイアシンアミド 10% 30ml,1165,1,夜のリラックス中に / 話題のスキンケア
480,08:00,小林 湊,26,男,フリーランス,茨城県,3790000,楽天市場,食品,台湾カステラ 6個セット,2860,0,朝の準備中ふと / 話題スイーツ
1085,18:05,小林 湊,26,男,フリーランス,茨城県,3790000,ZOZOTOWN,アパレル,SLY オーバーサイズ スウェット M ベージュ,8800,0,夕食後にカートを処理 / 韓国っぽい
1195,19:55,小林 湊,26,男,フリーランス,茨城県,3790000,ZOZOTOWN,シューズ,CONVERSE All Star OX 黒 25cm,6600,1,夜のリラックス中に / 安心のリピート
1240,20:40,小林 湊,26,男,フリーランス,茨城県,3790000,Uniqlo online,アパレル,リネンブレンド オープンカラー シャツ 半袖 (オフホワイト L),3990,1,夜のリラックス中に / 安心のリピート
1350,22:30,小林 湊,26,男,フリーランス,茨城県,3790000,honto,電子書籍,hontoポイント 1000円分,1000,1,夜のリラックス中に / 安心のリピート
455,07:35,石川 智子,55,女,販売員,埼玉県,4580000,MUJI passport,アパレル,無印良品 縦横ストレッチ 細身パンツ 黒 32inch,3990,0,朝の準備中ふと / 通勤用
1025,17:05,石川 智子,55,女,販売員,埼玉県,4580000,MUJI passport,アパレル,無印良品 オーガニックコットン Vネック 半袖T 白 M,1490,0,勤務中こっそり / 夏定番
1175,19:35,石川 智子,55,女,販売員,埼玉県,4580000,楽天市場,化粧品,ETUDE ティアアイライナー 限定色,1579,0,夕食後にカートを処理 / 新作
1275,21:15,石川 智子,55,女,販売員,埼玉県,4580000,MUJI passport,食品,無印良品 不揃いバウム メープル 5袋,1390,1,夜のリラックス中に / おやつストック
1320,22:00,石川 智子,55,女,販売員,埼玉県,4580000,MUJI passport,アパレル,無印良品 縦横ストレッチ 細身パンツ 黒 32inch,3990,1,夜のリラックス中に / 通勤用
480,08:00,岡田 莉子,42,女,工場勤務,神奈川県,2900000,Yodobashi.com,電化製品,シャープ プラズマクラスター イオン発生機 IG-NX15,18800,0,朝の準備中ふと / 花粉対策
1185,19:45,岡田 莉子,42,女,工場勤務,神奈川県,2900000,Uniqlo online,アパレル,エアリズム コットン クルーネックT 半袖 (ネイビー L),1290,0,夕食後にカートを処理 / 夏前リピート
1265,21:05,岡田 莉子,42,女,工場勤務,神奈川県,2900000,iHerb,食品,California Gold ナッツミックス 907g,2910,1,夜のリラックス中に / 間食用
1280,21:20,岡田 莉子,42,女,工場勤務,神奈川県,2900000,iHerb,化粧品,CeraVe フェイシャル モイスチャライザー 89ml,2599,1,夜のリラックス中に / 海外定番
1120,18:40,前田 誠_739,39,男,主婦・主夫,栃木県,850000,Uniqlo online,アパレル,リネンブレンド オープンカラー シャツ 半袖 (オフホワイト L),3990,0,夕食後にカートを処理 / 週末カジュアル
1130,18:50,前田 誠_739,39,男,主婦・主夫,栃木県,850000,Uniqlo online,アパレル,エアリズム コットン クルーネックT 半袖 (ネイビー L),1290,0,夕食後にカートを処理 / 夏前リピート
920,15:20,加藤 麻衣_740,71,女,パート,東京都市部,1480000,honto,電子書籍,hontoポイント 1000円分,1000,0,勤務中こっそり / 次回用ポイント購入
1235,20:35,加藤 麻衣_740,71,女,パート,東京都市部,1480000,Yahoo!ショッピング,日用品,レノア 本格消臭 詰替 1320ml,979,1,夜のリラックス中に / PayPayキャンペーン
775,12:55,長谷川 翼,73,男,パート,千葉県,1440000,楽天市場,食品,讃岐うどん 半生 太麺 1kg,1464,0,勤務中こっそり / 計画通り
1290,21:30,長谷川 翼,73,男,パート,千葉県,1440000,Amazon,電化製品,Anker PowerLine III USB-C ケーブル 1.8m,1290,1,夜のリラックス中に / 安心のリピート
900,15:00,高橋 京子_742,65,女,工場勤務,東京都23区,3750000,Uniqlo online,アパレル,ヒートテック クルーネックT 極暖 (グレー M),1990,0,勤務中こっそり / 冬支度
1185,19:45,高橋 京子_742,65,女,工場勤務,東京都23区,3750000,iHerb,サプリ,マイプロテイン Impact ホエイ 1kg バニラ,4390,0,夕食後にカートを処理 / 筋トレ補給
490,08:10,斎藤 結愛_743,45,女,会社員,東京都23区,7390000,Yahoo!ショッピング,日用品,除菌洗剤 業務用 4L,2870,1,通勤中ふと思い出して / 安心のリピート
720,12:00,斎藤 結愛_743,45,女,会社員,東京都23区,7390000,honto,書籍,夜は短し歩けよ乙女 (角川文庫),770,0,ランチ食べながら / 再読
845,14:05,斎藤 結愛_743,45,女,会社員,東京都23区,7390000,MUJI passport,家具,無印良品 体にフィットするソファ 用 カバー,5990,0,勤務中こっそり / 計画通り
880,14:40,斎藤 結愛_743,45,女,会社員,東京都23区,7390000,MUJI passport,日用品,無印良品 ポリプロピレン収納ケース 引出式M,1490,0,勤務中こっそり / 整理用
930,15:30,斎藤 結愛_743,45,女,会社員,東京都23区,7390000,Uniqlo online,アパレル,リネンブレンド オープンカラー シャツ 半袖 (オフホワイト L),3990,0,勤務中こっそり / 計画通り
1130,18:50,斎藤 結愛_743,45,女,会社員,東京都23区,7390000,Uniqlo online,アパレル,リネンブレンド オープンカラー シャツ 半袖 (オフホワイト L),3990,0,夕食後にカートを処理 / 安心のリピート
700,11:40,池田 孝雄,78,男,飲食店,千葉県,4950000,Uniqlo online,アパレル,エアリズム コットン クルーネックT 半袖 (ネイビー L),1290,0,勤務中こっそり / 夏前リピート
985,16:25,池田 孝雄,78,男,飲食店,千葉県,4950000,honto,書籍,看護管理2025年4月号,2090,0,勤務中こっそり / 安心のリピート
520,08:40,岡田 樹,79,男,主婦・主夫,東京都23区,1400000,Uniqlo online,アパレル,エアリズム コットン クルーネックT 半袖 (ネイビー L),1290,0,家事中スマホで / 夏前リピート
595,09:55,岡田 樹,79,男,主婦・主夫,東京都23区,1400000,honto,書籍,夜は短し歩けよ乙女 (角川文庫),770,0,家事中スマホで / 再読
615,10:15,後藤 健太_746,42,男,会社員,千葉県,5230000,honto,電子書籍,hontoポイント 1000円分,1000,0,勤務中こっそり / 次回用ポイント購入
760,12:40,後藤 健太_746,42,男,会社員,千葉県,5230000,MUJI passport,家具,無印良品 ポリエステル 綿フランネル こたつ布団,9990,0,ランチ食べながら / 冬支度
1160,19:20,後藤 健太_746,42,男,会社員,千葉県,5230000,Amazon,書籍,世界一流エンジニアの思考法 (文春新書),990,0,夕食後にカートを処理 / 話題本
1355,22:35,後藤 健太_746,42,男,会社員,千葉県,5230000,楽天市場,化粧品,KOSE 雪肌精 化粧水 200ml,2987,1,寝る前に思い立って / リピート
645,10:45,岡田 拓海_747,50,男,会社員,東京都23区,3710000,Uniqlo online,アパレル,エアリズム コットン クルーネックT 半袖 (ネイビー L),1290,0,勤務中こっそり / 夏前リピート
690,11:30,岡田 拓海_747,50,男,会社員,東京都23区,3710000,楽天市場,日用品,コストコ カークランド トイレットペーパー 30ロール,4000,0,勤務中こっそり / まとめ買いお得
825,13:45,岡田 拓海_747,50,男,会社員,東京都23区,3710000,Uniqlo online,アパレル,エアリズム コットン クルーネックT 半袖 (ネイビー L),1290,0,勤務中こっそり / 夏前リピート
1280,21:20,岡田 拓海_747,50,男,会社員,東京都23区,3710000,楽天市場,化粧品,ETUDE ティアアイライナー 限定色,1397,1,夜のリラックス中に / 新作
1290,21:30,岡田 拓海_747,50,男,会社員,東京都23区,3710000,honto,電子書籍,hontoポイント 1000円分,1000,1,夜のリラックス中に / 次回用ポイント購入
450,07:30,森 雄太,55,男,会社員,東京都23区,4950000,楽天市場,食品,讃岐うどん 半生 太麺 1kg,1281,1,通勤中ふと思い出して / 在庫補充
470,07:50,森 雄太,55,男,会社員,東京都23区,4950000,楽天市場,化粧品,KOSE 雪肌精 化粧水 200ml,3159,1,通勤中ふと思い出して / 計画通り
490,08:10,森 雄太,55,男,会社員,東京都23区,4950000,メルカリ,本,【美品】コンサル一年目が学ぶこと,1189,1,通勤中ふと思い出して / 計画通り
1125,18:45,森 雄太,55,男,会社員,東京都23区,4950000,Amazon,サブスク,Kindle Unlimited 3ヶ月分,2940,0,夕食後にカートを処理 / 読み放題
820,13:40,佐々木 雅人,46,男,教員,栃木県,4700000,楽天市場,日用品,コストコ カークランド トイレットペーパー 30ロール,3619,0,勤務中こっそり / まとめ買いお得
1090,18:10,佐々木 雅人,46,男,教員,栃木県,4700000,Yahoo!ショッピング,日用品,除菌洗剤 業務用 4L,2887,1,通勤中ふと思い出して / PayPay祭
1305,21:45,佐々木 雅人,46,男,教員,栃木県,4700000,Yahoo!ショッピング,日用品,レノア 本格消臭 詰替 1320ml,968,1,夜のリラックス中に / PayPayキャンペーン
1360,22:40,佐々木 雅人,46,男,教員,栃木県,4700000,Amazon,食品,カルビー フルグラ 800g x 3,2681,1,寝る前に思い立って / 安心のリピート
1395,23:15,佐々木 雅人,46,男,教員,栃木県,4700000,Amazon,日用品,Mr.CLEAN マジックリン キッチン用 400ml,295,1,寝る前に思い立って / 切らしそう
600,10:00,高橋 麻衣_750,73,女,退職,千葉県,2430000,MUJI passport,日用品,無印良品 化粧水 敏感肌用 高保湿 200ml,690,1,朝のゆっくり時間に / リピート
810,13:30,高橋 麻衣_750,73,女,退職,千葉県,2430000,MUJI passport,食品,無印良品 素材を生かしたカレー グリーン,350,1,お昼のひと息に / ストック補充
800,13:20,池田 雄太_751,71,男,退職,東京都23区,1750000,MUJI passport,家具,無印良品 体にフィットするソファ 用 カバー,5990,1,お昼のひと息に / 汚れ補充
1025,17:05,池田 雄太_751,71,男,退職,東京都23区,1750000,Yahoo!ショッピング,日用品,除菌洗剤 業務用 4L,2930,1,午後のくつろぎ中に / PayPay祭
980,16:20,山本 克彦,28,男,会社員,千葉県,3830000,honto,電子書籍,hontoポイント 1000円分,1000,0,勤務中こっそり / 次回用ポイント購入
1125,18:45,山本 克彦,28,男,会社員,千葉県,3830000,Yodobashi.com,電化製品,シャープ プラズマクラスター イオン発生機 IG-NX15,18800,0,夕食後にカートを処理 / 花粉対策
1195,19:55,山本 克彦,28,男,会社員,千葉県,3830000,MUJI passport,アパレル,無印良品 オーガニックコットン Vネック 半袖T 白 M,1490,0,夕食後にカートを処理 / 夏定番
1270,21:10,山本 克彦,28,男,会社員,千葉県,3830000,Amazon,書籍,世界一流エンジニアの思考法 (文春新書),990,1,夜のリラックス中に / 話題本
1365,22:45,山本 克彦,28,男,会社員,千葉県,3830000,MUJI passport,日用品,無印良品 ポリプロピレン収納ケース 引出式M,1490,1,寝る前に思い立って / 整理用
850,14:10,佐藤 悦子_753,57,女,会社員,千葉県,5360000,iHerb,化粧品,CeraVe フェイシャル モイスチャライザー 89ml,2505,0,勤務中こっそり / 計画通り
900,15:00,佐藤 悦子_753,57,女,会社員,千葉県,5360000,楽天市場,日用品,コストコ カークランド トイレットペーパー 30ロール,3631,0,勤務中こっそり / 計画通り
1115,18:35,佐藤 悦子_753,57,女,会社員,千葉県,5360000,Amazon,電化製品,Logicool MX Master 3S ワイヤレスマウス,16229,1,通勤中ふと思い出して / 安心のリピート
1210,20:10,佐藤 悦子_753,57,女,会社員,千葉県,5360000,Uniqlo online,アパレル,エアリズム コットン クルーネックT 半袖 (ネイビー L),1290,1,夜のリラックス中に / 夏前リピート
1365,22:45,佐藤 悦子_753,57,女,会社員,千葉県,5360000,MUJI passport,食品,無印良品 素材を生かしたカレー グリーン,350,1,寝る前に思い立って / ストック補充
940,15:40,石川 心春_754,52,女,公務員,千葉県,4100000,Amazon,書籍,達人プログラマー 第2版 (オーム社),3520,0,勤務中こっそり / 計画通り
1255,20:55,石川 心春_754,52,女,公務員,千葉県,4100000,honto,電子書籍,hontoポイント 1000円分,1000,1,夜のリラックス中に / 次回用ポイント購入
1290,21:30,石川 心春_754,52,女,公務員,千葉県,4100000,楽天市場,日用品,除菌できるウェットティッシュ 100枚 x 8パック,1836,1,夜のリラックス中に / ポイント10倍
1385,23:05,石川 心春_754,52,女,公務員,千葉県,4100000,honto,書籍,夜は短し歩けよ乙女 (角川文庫),770,1,寝る前に思い立って / 再読
725,12:05,山口 颯太_755,54,男,会社員,栃木県,10150000,Amazon,食品,KIRIN 自然が磨いた天然水 2L x 9本,1380,0,ランチ食べながら / 備蓄
745,12:25,山口 颯太_755,54,男,会社員,栃木県,10150000,Amazon,電子書籍,Kindle ハイキュー!! 文庫版 1-3巻セット,1980,0,ランチ食べながら / 懐かしい
1060,17:40,山口 颯太_755,54,男,会社員,栃木県,10150000,楽天市場,食品,北海道産 ホタテ貝柱 1kg 訳あり,8402,0,勤務中こっそり / 安心のリピート
1255,20:55,山口 颯太_755,54,男,会社員,栃木県,10150000,楽天市場,日用品,コストコ カークランド トイレットペーパー 30ロール,4117,1,夜のリラックス中に / 安心のリピート
1350,22:30,山口 颯太_755,54,男,会社員,栃木県,10150000,楽天市場,化粧品,KOSE 雪肌精 化粧水 200ml,3209,1,寝る前に思い立って / 安心のリピート
1375,22:55,山口 颯太_755,54,男,会社員,栃木県,10150000,MUJI passport,家具,無印良品 体にフィットするソファ 用 カバー,5990,1,寝る前に思い立って / 汚れ補充
395,06:35,後藤 結衣_756,23,女,会社員,神奈川県,1840000,メチャカリ,アパレル,メチャカリ ベーシックプラン 月額,3278,0,朝の準備中ふと / 安心のリピート
1225,20:25,後藤 結衣_756,23,女,会社員,神奈川県,1840000,Amazon,書籍,達人プログラマー 第2版 (オーム社),3520,1,夜のリラックス中に / 安心のリピート
1265,21:05,後藤 結衣_756,23,女,会社員,神奈川県,1840000,Yodobashi.com,ゲーム,PS5 ソフト 「Final Fantasy XVII」,9680,1,夜のリラックス中に / 安心のリピート
1350,22:30,後藤 結衣_756,23,女,会社員,神奈川県,1840000,Yodobashi.com,電化製品,シャープ プラズマクラスター イオン発生機 IG-NX15,18800,1,寝る前に思い立って / 花粉対策
580,09:40,加藤 彩花_757,58,女,飲食店,千葉県,4490000,Amazon,電化製品,Logicool MX Master 3S ワイヤレスマウス,15611,0,勤務中こっそり / 新調
1145,19:05,加藤 彩花_757,58,女,飲食店,千葉県,4490000,Uniqlo online,アパレル,リネンブレンド オープンカラー シャツ 半袖 (オフホワイト L),3990,0,夕食後にカートを処理 / 週末カジュアル
1165,19:25,加藤 彩花_757,58,女,飲食店,千葉県,4490000,Yahoo!ショッピング,日用品,除菌洗剤 業務用 4L,3084,0,夕食後にカートを処理 / PayPay祭
1320,22:00,加藤 彩花_757,58,女,飲食店,千葉県,4490000,Uniqlo online,アパレル,エアリズム コットン クルーネックT 半袖 (ネイビー L),1290,1,夜のリラックス中に / 夏前リピート
575,09:35,佐々木 健太,45,男,教員,神奈川県,6620000,Uniqlo online,アパレル,エアリズム コットン クルーネックT 半袖 (ネイビー L),1290,0,勤務中こっそり / 夏前リピート
1225,20:25,佐々木 健太,45,男,教員,神奈川県,6620000,Amazon,電化製品,Anker PowerLine III USB-C ケーブル 1.8m,1290,1,夜のリラックス中に / ケーブル断線
1235,20:35,佐々木 健太,45,男,教員,神奈川県,6620000,MUJI passport,アパレル,無印良品 縦横ストレッチ 細身パンツ 黒 32inch,3990,1,夜のリラックス中に / 通勤用
1250,20:50,佐々木 健太,45,男,教員,神奈川県,6620000,楽天市場,日用品,コストコ カークランド トイレットペーパー 30ロール,4004,1,夜のリラックス中に / まとめ買いお得
1345,22:25,佐々木 健太,45,男,教員,神奈川県,6620000,Yahoo!ショッピング,日用品,レノア 本格消臭 詰替 1320ml,1019,1,夜のリラックス中に / 計画通り
810,13:30,吉田 凛_759,46,女,主婦・主夫,東京都23区,1140000,Uniqlo online,アパレル,感動パンツ ウルトラライト ストレッチ ストレート (ブラック 32inch),3990,0,ランチ食べながら / 通勤新調
1340,22:20,吉田 凛_759,46,女,主婦・主夫,東京都23区,1140000,楽天市場,食品,台湾カステラ 6個セット,2588,0,家族の話題から / 話題スイーツ
500,08:20,佐藤 悠人,33,男,飲食店,東京都23区,5130000,MUJI passport,アパレル,無印良品 オーガニックコットン Vネック 半袖T 白 M,1490,0,朝の準備中ふと / 安心のリピート
935,15:35,佐藤 悠人,33,男,飲食店,東京都23区,5130000,Uniqlo online,アパレル,感動パンツ ウルトラライト ストレッチ ストレート (ブラック 32inch),3990,0,勤務中こっそり / 通勤新調
1150,19:10,佐藤 悠人,33,男,飲食店,東京都23区,5130000,MUJI passport,アパレル,無印良品 縦横ストレッチ 細身パンツ 黒 32inch,3990,0,夕食後にカートを処理 / 通勤用
1175,19:35,佐藤 悠人,33,男,飲食店,東京都23区,5130000,iHerb,食品,California Gold ナッツミックス 907g,2736,0,夕食後にカートを処理 / 安心のリピート
1225,20:25,佐藤 悠人,33,男,飲食店,東京都23区,5130000,楽天市場,化粧品,KOSE 雪肌精 化粧水 200ml,3270,0,夕食後にカートを処理 / リピート
1335,22:15,佐藤 悠人,33,男,飲食店,東京都23区,5130000,Uniqlo online,アパレル,エアリズム コットン クルーネックT 半袖 (ネイビー L),1290,1,夜のリラックス中に / 夏前リピート
485,08:05,鈴木 彩,77,女,退職,茨城県,2970000,Amazon,サブスク,Kindle Unlimited 3ヶ月分,2940,1,朝のゆっくり時間に / 読み放題
1185,19:45,鈴木 彩,77,女,退職,茨城県,2970000,メルカリ,ホビー,ポケモンカード SV6a スカーレットex 1BOX,6894,0,夕食後にカートを処理 / 再販分
965,16:05,斎藤 義男,65,男,退職,東京都23区,1120000,Amazon,サブスク,Kindle Unlimited 3ヶ月分,2940,1,午後のくつろぎ中に / 読み放題
1240,20:40,斎藤 義男,65,男,退職,東京都23区,1120000,honto,電子書籍,hontoポイント 1000円分,1000,1,TVショッピング見て / 次回用ポイント購入
645,10:45,高橋 桜_763,22,女,大学生,埼玉県,800000,メルカリ,中古品,【動作確認済】Sony WH-1000XM4 黒 中古,21042,0,勉強の息抜きに / 新品より安い
1135,18:55,高橋 桜_763,22,女,大学生,埼玉県,800000,MUJI passport,日用品,無印良品 化粧水 敏感肌用 高保湿 200ml,690,1,夜のリラックス中に / リピート
1230,20:30,池田 京子_764,28,女,会社員,神奈川県,1720000,Uniqlo online,アパレル,リネンブレンド オープンカラー シャツ 半袖 (オフホワイト L),3990,1,夜のリラックス中に / 週末カジュアル
1250,20:50,池田 京子_764,28,女,会社員,神奈川県,1720000,Oisix,食品,Oisix おうちレストラン 旬の野菜セット,3980,1,夜のリラックス中に / 週末まとめ
1260,21:00,池田 京子_764,28,女,会社員,神奈川県,1720000,ZOZOTOWN,アパレル,steven alan 別注 ボーダー T ホワイト x ネイビー,7700,1,夜のリラックス中に / ZOZO特集
1340,22:20,池田 京子_764,28,女,会社員,神奈川県,1720000,Oisix,食品,Kit Oisix 牛肉と野菜のチンジャオロース 2人前,1580,1,夜のリラックス中に / 今夜の献立
985,16:25,藤田 結衣,72,女,退職,群馬県,2250000,Uniqlo online,アパレル,ヒートテック クルーネックT 極暖 (グレー M),1990,1,午後のくつろぎ中に / 冬支度
1200,20:00,藤田 結衣,72,女,退職,群馬県,2250000,MUJI passport,家具,無印良品 ポリエステル 綿フランネル こたつ布団,9990,1,TVショッピング見て / 安心のリピート
1095,18:15,田中 凛_766,78,女,退職,千葉県,2250000,Uniqlo online,アパレル,リネンブレンド オープンカラー シャツ 半袖 (オフホワイト L),3990,0,夕食後にカートを処理 / 計画通り
1240,20:40,田中 凛_766,78,女,退職,千葉県,2250000,Yahoo!ショッピング,日用品,レノア 本格消臭 詰替 1320ml,922,1,TVショッピング見て / 計画通り
1265,21:05,田中 凛_766,78,女,退職,千葉県,2250000,メルカリ,中古品,【動作確認済】Sony WH-1000XM4 黒 中古,19897,1,TVショッピング見て / 新品より安い
1155,19:15,斎藤 千尋,65,女,パート,茨城県,1230000,MUJI passport,日用品,無印良品 化粧水 敏感肌用 高保湿 200ml,690,0,夕食後にカートを処理 / リピート
1305,21:45,斎藤 千尋,65,女,パート,茨城県,1230000,Amazon,電子書籍,Kindle 三体III 死神永生 上,1820,1,夜のリラックス中に / 話題のSF
585,09:45,伊藤 浩二,53,男,公務員,茨城県,9770000,Amazon,電化製品,Anker 737 Power Bank 24000mAh 140W,21972,0,勤務中こっそり / 出張用
605,10:05,伊藤 浩二,53,男,公務員,茨城県,9770000,Amazon,日用品,クイックル ワイパー 立体吸着 ウェット 32枚,993,0,勤務中こっそり / リピート
1110,18:30,伊藤 浩二,53,男,公務員,茨城県,9770000,BUYMA,アパレル,【正規品】POLO Ralph Lauren ケーブルニット 紺 M,26396,1,通勤中ふと思い出して / クラシック
1120,18:40,伊藤 浩二,53,男,公務員,茨城県,9770000,Yahoo!ショッピング,日用品,レノア 本格消臭 詰替 1320ml,1016,1,通勤中ふと思い出して / PayPayキャンペーン
1225,20:25,伊藤 浩二,53,男,公務員,茨城県,9770000,MUJI passport,アパレル,無印良品 縦横ストレッチ 細身パンツ 黒 32inch,3990,1,夜のリラックス中に / 通勤用
1295,21:35,伊藤 浩二,53,男,公務員,茨城県,9770000,メルカリ,アパレル,【美品】UNIQLO x JW Anderson コラボ ニット L,4259,1,夜のリラックス中に / コラボ品再入手
1235,20:35,斎藤 彩花_769,63,女,パート,栃木県,1300000,Uniqlo online,アパレル,エアリズム コットン クルーネックT 半袖 (ネイビー L),1290,1,夜のリラックス中に / 夏前リピート
1305,21:45,斎藤 彩花_769,63,女,パート,栃木県,1300000,Uniqlo online,アパレル,ヒートテック クルーネックT 極暖 (グレー M),1990,1,夜のリラックス中に / 冬支度
925,15:25,岡田 ハル,59,女,会社員,栃木県,4760000,Uniqlo online,アパレル,ヒートテック クルーネックT 極暖 (グレー M),1990,0,勤務中こっそり / 冬支度
1135,18:55,岡田 ハル,59,女,会社員,栃木県,4760000,Yahoo!ショッピング,日用品,除菌洗剤 業務用 4L,3139,0,夕食後にカートを処理 / PayPay祭
1225,20:25,岡田 ハル,59,女,会社員,栃木県,4760000,Yahoo!ショッピング,日用品,除菌洗剤 業務用 4L,2773,1,夜のリラックス中に / PayPay祭
1335,22:15,岡田 ハル,59,女,会社員,栃木県,4760000,楽天市場,食品,北海道産 ホタテ貝柱 1kg 訳あり,7811,1,夜のリラックス中に / ポイント10倍
1345,22:25,岡田 ハル,59,女,会社員,栃木県,4760000,MUJI passport,家具,無印良品 体にフィットするソファ 用 カバー,5990,1,夜のリラックス中に / 安心のリピート
1170,19:30,小林 節子,21,女,大学生,神奈川県,820000,ZOZOTOWN,アパレル,steven alan 別注 ボーダー T ホワイト x ネイビー,7700,0,夕食後にカートを処理 / ZOZO特集
1425,23:45,小林 節子,21,女,大学生,神奈川県,820000,iHerb,化粧品,Burt's Bees リップ バーム ハニー,510,1,Instagram で広告見て / リピート
425,07:05,藤田 陽翔,44,男,会社員,神奈川県,2480000,MUJI passport,アパレル,無印良品 オーガニックコットン Vネック 半袖T 白 M,1490,0,朝の準備中ふと / 夏定番
445,07:25,藤田 陽翔,44,男,会社員,神奈川県,2480000,メルカリ,ホビー,プラモデル HG ガンダムエアリアル 未組立,2095,0,朝の準備中ふと / 積みプラ追加
450,07:30,藤田 陽翔,44,男,会社員,神奈川県,2480000,Amazon,書籍,成瀬は天下を取りに行く (新潮社),1705,1,通勤中ふと思い出して / 本屋大賞
1280,21:20,藤田 陽翔,44,男,会社員,神奈川県,2480000,Amazon,食品,カゴメ 野菜一日これ一本 200ml x 24本,2625,1,夜のリラックス中に / 朝の野菜
1155,19:15,林 京子_773,72,女,パート,千葉県,2230000,honto,書籍,THE THREE-BODY PROBLEM (English),2980,0,夕食後にカートを処理 / 原書チャレンジ
1300,21:40,林 京子_773,72,女,パート,千葉県,2230000,MUJI passport,食品,無印良品 素材を生かしたカレー グリーン,350,1,夜のリラックス中に / ストック補充
510,08:30,井上 杏,37,女,会社員,埼玉県,3780000,Uniqlo online,アパレル,ヒートテック クルーネックT 極暖 (グレー M),1990,0,勤務中こっそり / 冬支度
800,13:20,井上 杏,37,女,会社員,埼玉県,3780000,Uniqlo online,アパレル,リネンブレンド オープンカラー シャツ 半袖 (オフホワイト L),3990,0,勤務中こっそり / 週末カジュアル
1230,20:30,井上 杏,37,女,会社員,埼玉県,3780000,Oisix,食品,Oisix おうちレストラン 旬の野菜セット,3980,1,夜のリラックス中に / 週末まとめ
1255,20:55,井上 杏,37,女,会社員,埼玉県,3780000,Oisix,食品,Oisix おうちレストラン 旬の野菜セット,3980,1,夜のリラックス中に / 週末まとめ
405,06:45,中村 由美,59,女,主婦・主夫,東京都23区,1460000,honto,書籍,THE THREE-BODY PROBLEM (English),2980,0,朝の準備中ふと / 原書チャレンジ
1080,18:00,中村 由美,59,女,主婦・主夫,東京都23区,1460000,Uniqlo online,アパレル,ヒートテック クルーネックT 極暖 (グレー M),1990,0,夕食後にカートを処理 / 冬支度
450,07:30,吉田 莉子_776,51,女,工場勤務,東京都市部,3780000,Yahoo!ショッピング,日用品,除菌洗剤 業務用 4L,2946,0,朝の準備中ふと / PayPay祭
470,07:50,吉田 莉子_776,51,女,工場勤務,東京都市部,3780000,MUJI passport,家具,無印良品 やわらかフィットソファ 1人掛け 用 カバー,4990,0,朝の準備中ふと / 気分転換
490,08:10,吉田 莉子_776,51,女,工場勤務,東京都市部,3780000,Uniqlo online,アパレル,リネンブレンド オープンカラー シャツ 半袖 (オフホワイト L),3990,0,朝の準備中ふと / 週末カジュアル
730,12:10,吉田 莉子_776,51,女,工場勤務,東京都市部,3780000,Amazon,コーヒー,Blue Bottle Coffee ベラ ドノヴァン 200g,2031,0,勤務中こっそり / リピート
1285,21:25,吉田 莉子_776,51,女,工場勤務,東京都市部,3780000,honto,書籍,夜は短し歩けよ乙女 (角川文庫),770,1,夜のリラックス中に / 再読
430,07:10,山口 由美,38,女,会社員,東京都23区,1850000,honto,書籍,夜は短し歩けよ乙女 (角川文庫),770,0,朝の準備中ふと / 再読
755,12:35,山口 由美,38,女,会社員,東京都23区,1850000,楽天市場,日用品,コストコ カークランド トイレットペーパー 30ロール,3742,0,ランチ食べながら / まとめ買いお得
900,15:00,山口 由美,38,女,会社員,東京都23区,1850000,楽天市場,日用品,除菌できるウェットティッシュ 100枚 x 8パック,1520,0,勤務中こっそり / ポイント10倍
1080,18:00,山口 由美,38,女,会社員,東京都23区,1850000,MUJI passport,食品,無印良品 素材を生かしたカレー グリーン,350,1,通勤中ふと思い出して / ストック補充
450,07:30,佐々木 正樹_778,53,男,会社員,東京都市部,3670000,メルカリ,ホビー,【美品】鬼滅の刃 全巻セット 1-23巻,9351,1,通勤中ふと思い出して / 安心のリピート
1175,19:35,佐々木 正樹_778,53,男,会社員,東京都市部,3670000,MUJI passport,食品,無印良品 素材を生かしたカレー グリーン,350,0,夕食後にカートを処理 / ストック補充
1275,21:15,佐々木 正樹_778,53,男,会社員,東京都市部,3670000,MUJI passport,日用品,無印良品 ポリプロピレン収納ケース 引出式M,1490,1,夜のリラックス中に / 整理用
1285,21:25,佐々木 正樹_778,53,男,会社員,東京都市部,3670000,Amazon,サブスク,Kindle Unlimited 3ヶ月分,2940,1,夜のリラックス中に / 安心のリピート
1385,23:05,佐々木 正樹_778,53,男,会社員,東京都市部,3670000,楽天市場,日用品,除菌できるウェットティッシュ 100枚 x 8パック,1798,1,寝る前に思い立って / 安心のリピート
365,06:05,中村 桜,35,女,主婦・主夫,東京都市部,1760000,Amazon,サブスク,Amazon Prime 年会費 (1年),5900,0,朝の準備中ふと / 安心のリピート
845,14:05,中村 桜,35,女,主婦・主夫,東京都市部,1760000,Amazon,電子書籍,Kindle 進撃の巨人 最終34巻,538,0,ランチ食べながら / シリーズ完結
915,15:15,中村 桜,35,女,主婦・主夫,東京都市部,1760000,MUJI passport,アパレル,無印良品 オーガニックコットン Vネック 半袖T 白 M,1490,0,子供の世話の合間に / 安心のリピート
1185,19:45,中村 桜,35,女,主婦・主夫,東京都市部,1760000,Oisix,食品,Oisix おうちレストラン 旬の野菜セット,3980,0,夕食後にカートを処理 / 安心のリピート
1080,18:00,池田 莉子,68,女,退職,千葉県,2440000,MUJI passport,日用品,無印良品 アロマオイル ラベンダー 10ml,1190,0,夕食後にカートを処理 / 安心のリピート
1085,18:05,池田 莉子,68,女,退職,千葉県,2440000,Amazon,コーヒー,STARBUCKS ハウス ブレンド ホール 250g,1398,0,夕食後にカートを処理 / 切らした
440,07:20,藤田 健太_781,48,男,会社員,東京都市部,6950000,MUJI passport,アパレル,無印良品 縦横ストレッチ 細身パンツ 黒 32inch,3990,0,朝の準備中ふと / 通勤用
485,08:05,藤田 健太_781,48,男,会社員,東京都市部,6950000,Yahoo!ショッピング,日用品,除菌洗剤 業務用 4L,3155,1,通勤中ふと思い出して / PayPay祭
830,13:50,藤田 健太_781,48,男,会社員,東京都市部,6950000,Uniqlo online,アパレル,ヒートテック クルーネックT 極暖 (グレー M),1990,0,勤務中こっそり / 安心のリピート
1175,19:35,藤田 健太_781,48,男,会社員,東京都市部,6950000,Yahoo!ショッピング,日用品,除菌洗剤 業務用 4L,2718,0,夕食後にカートを処理 / PayPay祭
1265,21:05,藤田 健太_781,48,男,会社員,東京都市部,6950000,Amazon,書籍,達人プログラマー 第2版 (オーム社),3520,1,夜のリラックス中に / 安心のリピート
1175,19:35,岡田 陽菜,21,女,販売員,埼玉県,1080000,ZOZOTOWN,シューズ,CONVERSE All Star OX 黒 25cm,6600,0,夕食後にカートを処理 / 定番補充
1245,20:45,岡田 陽菜,21,女,販売員,埼玉県,1080000,メルカリ,ホビー,プラモデル HG ガンダムエアリアル 未組立,2091,1,夜のリラックス中に / 積みプラ追加
725,12:05,鈴木 千尋_783,25,女,会社員,神奈川県,2820000,Uniqlo online,アパレル,リネンブレンド オープンカラー シャツ 半袖 (オフホワイト L),3990,0,ランチ食べながら / 週末カジュアル
1195,19:55,鈴木 千尋_783,25,女,会社員,神奈川県,2820000,MUJI passport,食品,無印良品 不揃いバウム メープル 5袋,1390,0,夕食後にカートを処理 / おやつストック
1265,21:05,鈴木 千尋_783,25,女,会社員,神奈川県,2820000,honto,電子書籍,hontoポイント 1000円分,1000,1,夜のリラックス中に / 次回用ポイント購入
1310,21:50,鈴木 千尋_783,25,女,会社員,神奈川県,2820000,Uniqlo online,アパレル,感動パンツ ウルトラライト ストレッチ ストレート (ブラック 32inch),3990,1,夜のリラックス中に / 通勤新調
1085,18:05,山崎 智子_784,35,女,デザイナー,東京都23区,4630000,Amazon,サブスク,Amazon Prime 年会費 (1年),5900,0,夕食後にカートを処理 / 年次自動更新
1210,20:10,山崎 智子_784,35,女,デザイナー,東京都23区,4630000,Yodobashi.com,ゲーム,PS5 ソフト 「Final Fantasy XVII」,9680,1,夜のリラックス中に / シリーズ続編
1345,22:25,山崎 智子_784,35,女,デザイナー,東京都23区,4630000,MUJI passport,食品,無印良品 素材を生かしたカレー グリーン,350,1,夜のリラックス中に / ストック補充
1365,22:45,山崎 智子_784,35,女,デザイナー,東京都23区,4630000,ZOZOTOWN,シューズ,New Balance 327 グレー x ホワイト 24cm,12100,1,夜のリラックス中に / 新色気になって
1375,22:55,山崎 智子_784,35,女,デザイナー,東京都23区,4630000,Yodobashi.com,電化製品,シャープ プラズマクラスター イオン発生機 IG-NX15,18800,1,夜のリラックス中に / 花粉対策
645,10:45,山本 大翔,77,男,退職,千葉県,2510000,Uniqlo online,アパレル,エアリズム コットン クルーネックT 半袖 (ネイビー L),1290,1,朝のゆっくり時間に / 夏前リピート
965,16:05,山本 大翔,77,男,退職,千葉県,2510000,Amazon,コーヒー,Blue Bottle Coffee ベラ ドノヴァン 200g,2058,1,午後のくつろぎ中に / リピート
430,07:10,鈴木 健太,69,男,工場勤務,千葉県,4230000,Uniqlo online,アパレル,感動パンツ ウルトラライト ストレッチ ストレート (ブラック 32inch),3990,0,朝の準備中ふと / 安心のリピート
1360,22:40,鈴木 健太,69,男,工場勤務,千葉県,4230000,Amazon,日用品,エリエール 消臭+ トイレットペーパー 12ロール ダブル,662,1,夜のリラックス中に / ストック切れ
740,12:20,松本 理恵_787,29,女,会社員,東京都23区,2540000,MUJI passport,食品,無印良品 素材を生かしたカレー グリーン,350,0,ランチ食べながら / 安心のリピート
1120,18:40,松本 理恵_787,29,女,会社員,東京都23区,2540000,Amazon,日用品,アタック ZERO 抗菌プラス 詰替 720g,474,1,通勤中ふと思い出して / 安心のリピート
1315,21:55,松本 理恵_787,29,女,会社員,東京都23区,2540000,Yahoo!ショッピング,日用品,レノア 本格消臭 詰替 1320ml,1034,1,夜のリラックス中に / PayPayキャンペーン
1325,22:05,松本 理恵_787,29,女,会社員,東京都23区,2540000,メルカリ,アパレル,【未使用】GU リブニットワンピース ベージュ M,1265,1,夜のリラックス中に / 試したい色
400,06:40,佐藤 雅人_788,37,男,公務員,神奈川県,6040000,MUJI passport,家具,無印良品 体にフィットするソファ 用 カバー,5990,0,朝の準備中ふと / 汚れ補充
475,07:55,佐藤 雅人_788,37,男,公務員,神奈川県,6040000,MUJI passport,アパレル,無印良品 縦横ストレッチ 細身パンツ 黒 32inch,3990,1,通勤中ふと思い出して / 通勤用
1170,19:30,佐藤 雅人_788,37,男,公務員,神奈川県,6040000,楽天市場,化粧品,ETUDE ティアアイライナー 限定色,1337,0,夕食後にカートを処理 / 新作
1225,20:25,佐藤 雅人_788,37,男,公務員,神奈川県,6040000,Amazon,サブスク,Kindle Unlimited 3ヶ月分,2940,1,夜のリラックス中に / 読み放題
1290,21:30,佐藤 雅人_788,37,男,公務員,神奈川県,6040000,Uniqlo online,アパレル,感動パンツ ウルトラライト ストレッチ ストレート (ブラック 32inch),3990,1,夜のリラックス中に / 通勤新調
585,09:45,吉田 理恵,47,女,フリーランス,千葉県,6590000,Amazon,電化製品,ELECOM USB-C ハブ 7-in-1 4K HDMI,5528,0,仕事の合間に / 在宅環境
730,12:10,吉田 理恵,47,女,フリーランス,千葉県,6590000,楽天市場,化粧品,資生堂 マキアージュ ドラマティック ジェリー BB,3757,0,ランチ食べながら / ポイント祭
820,13:40,吉田 理恵,47,女,フリーランス,千葉県,6590000,メルカリ,ホビー,ポケモンカード SV6a スカーレットex 1BOX,7699,0,仕事の合間に / 再販分
1295,21:35,吉田 理恵,47,女,フリーランス,千葉県,6590000,Yahoo!ショッピング,日用品,レノア 本格消臭 詰替 1320ml,1068,1,夜のリラックス中に / PayPayキャンペーン
1325,22:05,吉田 理恵,47,女,フリーランス,千葉県,6590000,楽天市場,日用品,コストコ カークランド トイレットペーパー 30ロール,4044,1,夜のリラックス中に / まとめ買いお得
1350,22:30,吉田 理恵,47,女,フリーランス,千葉県,6590000,Amazon,日用品,ピジョン 親子で使える泡シャンプー 詰替 350ml,741,1,夜のリラックス中に / リピート
450,07:30,松本 結衣,40,女,主婦・主夫,群馬県,2500000,Amazon,電化製品,Anker PowerLine III USB-C ケーブル 1.8m,1290,0,朝の準備中ふと / ケーブル断線
1100,18:20,松本 結衣,40,女,主婦・主夫,群馬県,2500000,MUJI passport,日用品,無印良品 アロマオイル ラベンダー 10ml,1190,0,夕食後にカートを処理 / リラックス
1160,19:20,松本 結衣,40,女,主婦・主夫,群馬県,2500000,Amazon,電子書籍,Kindle 三体III 死神永生 上,1820,0,夕食後にカートを処理 / 話題のSF
1165,19:25,松本 結衣,40,女,主婦・主夫,群馬県,2500000,楽天市場,化粧品,資生堂 マキアージュ ドラマティック ジェリー BB,3505,0,夕食後にカートを処理 / ポイント祭
545,09:05,佐藤 結衣_791,72,女,退職,群馬県,2110000,楽天市場,食品,北海道産 ホタテ貝柱 1kg 訳あり,7861,1,朝のゆっくり時間に / 安心のリピート
895,14:55,佐藤 結衣_791,72,女,退職,群馬県,2110000,Uniqlo online,アパレル,エアリズム コットン クルーネックT 半袖 (ネイビー L),1290,1,午後のくつろぎ中に / 夏前リピート
725,12:05,前田 凛_792,25,女,ITエンジニア,千葉県,4250000,honto,電子書籍,hontoポイント 1000円分,1000,0,ランチ食べながら / 次回用ポイント購入
880,14:40,前田 凛_792,25,女,ITエンジニア,千葉県,4250000,Uniqlo online,アパレル,感動パンツ ウルトラライト ストレッチ ストレート (ブラック 32inch),3990,0,仕事の合間に / 通勤新調
1175,19:35,前田 凛_792,25,女,ITエンジニア,千葉県,4250000,Amazon,コーヒー,STARBUCKS ハウス ブレンド ホール 250g,1327,1,夜のリラックス中に / 切らした
1280,21:20,前田 凛_792,25,女,ITエンジニア,千葉県,4250000,Uniqlo online,アパレル,ヒートテック クルーネックT 極暖 (グレー M),1990,1,夜のリラックス中に / 冬支度
1365,22:45,前田 凛_792,25,女,ITエンジニア,千葉県,4250000,MUJI passport,食品,無印良品 素材を生かしたカレー グリーン,350,1,夜のリラックス中に / ストック補充
395,06:35,田中 結愛,45,女,会社員,千葉県,5000000,MUJI passport,日用品,無印良品 ポリプロピレン収納ケース 引出式M,1490,0,朝の準備中ふと / 整理用
885,14:45,田中 結愛,45,女,会社員,千葉県,5000000,Yahoo!ショッピング,日用品,除菌洗剤 業務用 4L,3197,0,勤務中こっそり / PayPay祭
1155,19:15,田中 結愛,45,女,会社員,千葉県,5000000,Yahoo!ショッピング,日用品,レノア 本格消臭 詰替 1320ml,958,0,夕食後にカートを処理 / PayPayキャンペーン
1230,20:30,田中 結愛,45,女,会社員,千葉県,5000000,honto,書籍,夜は短し歩けよ乙女 (角川文庫),770,1,夜のリラックス中に / 再読
1300,21:40,田中 結愛,45,女,会社員,千葉県,5000000,Uniqlo online,アパレル,ヒートテック クルーネックT 極暖 (グレー M),1990,1,夜のリラックス中に / 冬支度
1365,22:45,田中 結愛,45,女,会社員,千葉県,5000000,MUJI passport,日用品,無印良品 アロマオイル ラベンダー 10ml,1190,1,寝る前に思い立って / リラックス
1370,22:50,田中 結愛,45,女,会社員,千葉県,5000000,MUJI passport,アパレル,無印良品 縦横ストレッチ 細身パンツ 黒 32inch,3990,1,寝る前に思い立って / 通勤用
655,10:55,山口 彩_794,24,女,主婦・主夫,神奈川県,1200000,Amazon,日用品,アタック ZERO 抗菌プラス 詰替 720g,403,0,家事中スマホで / ストック切れ
1360,22:40,山口 彩_794,24,女,主婦・主夫,神奈川県,1200000,Uniqlo online,アパレル,感動パンツ ウルトラライト ストレッチ ストレート (ブラック 32inch),3990,0,家族の話題から / 通勤新調
630,10:30,山田 節子_795,73,女,飲食店,神奈川県,3810000,MUJI passport,アパレル,無印良品 オーガニックコットン Vネック 半袖T 白 M,1490,0,勤務中こっそり / 安心のリピート
1165,19:25,山田 節子_795,73,女,飲食店,神奈川県,3810000,Amazon,食品,カゴメ 野菜一日これ一本 200ml x 24本,2594,0,夕食後にカートを処理 / 朝の野菜
1025,17:05,森 雅人,54,男,会社員,東京都23区,5010000,Uniqlo online,アパレル,ヒートテック クルーネックT 極暖 (グレー M),1990,0,勤務中こっそり / 冬支度
1140,19:00,森 雅人,54,男,会社員,東京都23区,5010000,MUJI passport,日用品,無印良品 ポリプロピレン収納ケース 引出式M,1490,0,夕食後にカートを処理 / 整理用
1240,20:40,森 雅人,54,男,会社員,東京都23区,5010000,楽天市場,食品,讃岐うどん 半生 太麺 1kg,1302,1,夜のリラックス中に / 安心のリピート
1260,21:00,森 雅人,54,男,会社員,東京都23区,5010000,楽天市場,日用品,除菌できるウェットティッシュ 100枚 x 8パック,1484,1,夜のリラックス中に / 安心のリピート
470,07:50,藤田 樹_797,48,男,販売員,東京都23区,3800000,Amazon,書籍,成瀬は天下を取りに行く (新潮社),1705,0,朝の準備中ふと / 本屋大賞
650,10:50,藤田 樹_797,48,男,販売員,東京都23区,3800000,Yahoo!ショッピング,日用品,除菌洗剤 業務用 4L,3051,0,勤務中こっそり / PayPay祭
1080,18:00,藤田 樹_797,48,男,販売員,東京都23区,3800000,Amazon,サブスク,Amazon Prime 年会費 (1年),5900,0,勤務中こっそり / 年次自動更新
1110,18:30,藤田 樹_797,48,男,販売員,東京都23区,3800000,Uniqlo online,アパレル,リネンブレンド オープンカラー シャツ 半袖 (オフホワイト L),3990,0,勤務中こっそり / 週末カジュアル
1255,20:55,藤田 樹_797,48,男,販売員,東京都23区,3800000,Yahoo!ショッピング,日用品,除菌洗剤 業務用 4L,3030,1,夜のリラックス中に / PayPay祭
390,06:30,佐々木 ハル_798,51,女,主婦・主夫,群馬県,1310000,Uniqlo online,アパレル,エアリズム コットン クルーネックT 半袖 (ネイビー L),1290,0,朝の準備中ふと / 夏前リピート
1230,20:30,佐々木 ハル_798,51,女,主婦・主夫,群馬県,1310000,楽天市場,日用品,コストコ カークランド トイレットペーパー 30ロール,3636,0,家族の話題から / まとめ買いお得
750,12:30,橋本 翼,41,男,会社員,東京都23区,7140000,MUJI passport,家具,無印良品 ポリエステル 綿フランネル こたつ布団,9990,0,ランチ食べながら / 安心のリピート
1050,17:30,橋本 翼,41,男,会社員,東京都23区,7140000,メルカリ,本,【美品】コンサル一年目が学ぶこと,1113,0,勤務中こっそり / 後輩から推薦
1250,20:50,橋本 翼,41,男,会社員,東京都23区,7140000,Uniqlo online,アパレル,エアリズム コットン クルーネックT 半袖 (ネイビー L),1290,1,夜のリラックス中に / 夏前リピート
1375,22:55,橋本 翼,41,男,会社員,東京都23区,7140000,MUJI passport,家具,無印良品 やわらかフィットソファ 1人掛け 用 カバー,4990,1,寝る前に思い立って / 安心のリピート
1405,23:25,橋本 翼,41,男,会社員,東京都23区,7140000,楽天市場,食品,讃岐うどん 半生 太麺 1kg,1307,1,寝る前に思い立って / 在庫補充
865,14:25,山崎 和也_800,67,男,退職,東京都23区,3200000,Yahoo!ショッピング,日用品,レノア 本格消臭 詰替 1320ml,921,1,午後のくつろぎ中に / PayPayキャンペーン
1255,20:55,山崎 和也_800,67,男,退職,東京都23区,3200000,楽天市場,食品,讃岐うどん 半生 太麺 1kg,1349,1,TVショッピング見て / 在庫補充
1330,22:10,伊藤 心春_801,72,女,パート,埼玉県,1160000,honto,電子書籍,hontoポイント 1000円分,1000,1,夜のリラックス中に / 次回用ポイント購入
1370,22:50,伊藤 心春_801,72,女,パート,埼玉県,1160000,Amazon,コーヒー,UCC ザ ブレンド 114 レギュラーコーヒー 360g x 6,4687,1,夜のリラックス中に / 在宅用ストック
1130,18:50,松本 颯太,52,男,会社員,埼玉県,6210000,Amazon,書籍,世界一流エンジニアの思考法 (文春新書),990,0,夕食後にカートを処理 / 話題本
1240,20:40,松本 颯太,52,男,会社員,埼玉県,6210000,Amazon,コーヒー,STARBUCKS ハウス ブレンド ホール 250g,1424,1,夜のリラックス中に / 切らした
1285,21:25,松本 颯太,52,男,会社員,埼玉県,6210000,Amazon,食品,カルビー フルグラ 800g x 3,2821,1,夜のリラックス中に / 朝食まとめ
1315,21:55,松本 颯太,52,男,会社員,埼玉県,6210000,Yahoo!ショッピング,日用品,レノア 本格消臭 詰替 1320ml,1032,1,夜のリラックス中に / PayPayキャンペーン
1320,22:00,松本 颯太,52,男,会社員,埼玉県,6210000,Yahoo!ショッピング,日用品,レノア 本格消臭 詰替 1320ml,921,1,夜のリラックス中に / PayPayキャンペーン
1370,22:50,松本 颯太,52,男,会社員,埼玉県,6210000,Yahoo!ショッピング,日用品,除菌洗剤 業務用 4L,2929,1,寝る前に思い立って / PayPay祭
795,13:15,山崎 陽翔_803,77,男,退職,東京都23区,3750000,楽天市場,化粧品,KOSE 雪肌精 化粧水 200ml,3224,1,お昼のひと息に / リピート
1055,17:35,山崎 陽翔_803,77,男,退職,東京都23区,3750000,Uniqlo online,アパレル,ヒートテック クルーネックT 極暖 (グレー M),1990,1,午後のくつろぎ中に / 冬支度
1105,18:25,高橋 ハル,59,女,看護師,茨城県,4340000,Uniqlo online,アパレル,エアリズム コットン クルーネックT 半袖 (ネイビー L),1290,1,通勤中ふと思い出して / 安心のリピート
1150,19:10,高橋 ハル,59,女,看護師,茨城県,4340000,楽天市場,化粧品,ETUDE ティアアイライナー 限定色,1405,0,夕食後にカートを処理 / 新作
1250,20:50,高橋 ハル,59,女,看護師,茨城県,4340000,honto,電子書籍,hontoポイント 1000円分,1000,1,夜のリラックス中に / 次回用ポイント購入
1270,21:10,高橋 ハル,59,女,看護師,茨城県,4340000,Amazon,日用品,Mr.CLEAN マジックリン キッチン用 400ml,348,1,夜のリラックス中に / 安心のリピート
1280,21:20,高橋 ハル,59,女,看護師,茨城県,4340000,Yahoo!ショッピング,日用品,除菌洗剤 業務用 4L,2901,1,夜のリラックス中に / PayPay祭
1170,19:30,前田 孝雄,60,男,会社員,東京都23区,5290000,Amazon,電子書籍,Kindle ハイキュー!! 文庫版 1-3巻セット,1980,0,夕食後にカートを処理 / 懐かしい
1360,22:40,前田 孝雄,60,男,会社員,東京都23区,5290000,MUJI passport,食品,無印良品 素材を生かしたカレー グリーン,350,1,寝る前に思い立って / ストック補充
710,11:50,木村 悠人_806,45,男,会社員,神奈川県,5090000,楽天市場,化粧品,ETUDE ティアアイライナー 限定色,1411,0,勤務中こっそり / 計画通り
975,16:15,木村 悠人_806,45,男,会社員,神奈川県,5090000,MUJI passport,家具,無印良品 体にフィットするソファ 用 カバー,5990,0,勤務中こっそり / 汚れ補充
1225,20:25,木村 悠人_806,45,男,会社員,神奈川県,5090000,MUJI passport,食品,無印良品 素材を生かしたカレー グリーン,350,1,夜のリラックス中に / 計画通り
1235,20:35,木村 悠人_806,45,男,会社員,神奈川県,5090000,honto,電子書籍,hontoポイント 1000円分,1000,1,夜のリラックス中に / 次回用ポイント購入
485,08:05,伊藤 桜_807,41,女,会社員,東京都23区,3600000,MUJI passport,アパレル,無印良品 縦横ストレッチ 細身パンツ 黒 32inch,3990,1,通勤中ふと思い出して / 通勤用
805,13:25,伊藤 桜_807,41,女,会社員,東京都23区,3600000,MUJI passport,アパレル,無印良品 縦横ストレッチ 細身パンツ 黒 32inch,3990,0,勤務中こっそり / 安心のリピート
1110,18:30,伊藤 桜_807,41,女,会社員,東京都23区,3600000,楽天市場,化粧品,KOSE 雪肌精 化粧水 200ml,2895,1,通勤中ふと思い出して / リピート
1155,19:15,伊藤 桜_807,41,女,会社員,東京都23区,3600000,Amazon,サブスク,Kindle Unlimited 3ヶ月分,2940,0,夕食後にカートを処理 / 読み放題
1190,19:50,伊藤 桜_807,41,女,会社員,東京都23区,3600000,Amazon,サブスク,Amazon Prime 年会費 (1年),5900,0,夕食後にカートを処理 / 安心のリピート
460,07:40,田中 ハル,40,女,デザイナー,埼玉県,4900000,Oisix,食品,Oisix おうちレストラン 旬の野菜セット,3980,0,朝の準備中ふと / 週末まとめ
1225,20:25,田中 ハル,40,女,デザイナー,埼玉県,4900000,Amazon,電化製品,Anker PowerLine III USB-C ケーブル 1.8m,1290,1,夜のリラックス中に / ケーブル断線
1250,20:50,田中 ハル,40,女,デザイナー,埼玉県,4900000,Uniqlo online,アパレル,ヒートテック クルーネックT 極暖 (グレー M),1990,1,夜のリラックス中に / 冬支度
1260,21:00,田中 ハル,40,女,デザイナー,埼玉県,4900000,Oisix,食品,Kit Oisix 牛肉と野菜のチンジャオロース 2人前,1580,1,夜のリラックス中に / 今夜の献立
1320,22:00,田中 ハル,40,女,デザイナー,埼玉県,4900000,MUJI passport,アパレル,無印良品 縦横ストレッチ 細身パンツ 黒 32inch,3990,1,夜のリラックス中に / 通勤用
675,11:15,伊藤 雄太_809,30,男,販売員,栃木県,3730000,Uniqlo online,アパレル,ヒートテック クルーネックT 極暖 (グレー M),1990,0,勤務中こっそり / 冬支度
680,11:20,伊藤 雄太_809,30,男,販売員,栃木県,3730000,ZOZOTOWN,シューズ,CONVERSE All Star OX 黒 25cm,6600,0,勤務中こっそり / 定番補充
1215,20:15,伊藤 雄太_809,30,男,販売員,栃木県,3730000,ZOZOTOWN,アパレル,nano universe テーパード パンツ 9号,11000,0,夕食後にカートを処理 / 計画通り
1275,21:15,伊藤 雄太_809,30,男,販売員,栃木県,3730000,Uniqlo online,アパレル,ヒートテック クルーネックT 極暖 (グレー M),1990,1,夜のリラックス中に / 計画通り
1340,22:20,伊藤 雄太_809,30,男,販売員,栃木県,3730000,ZOZOTOWN,シューズ,CONVERSE All Star OX 黒 25cm,6600,1,夜のリラックス中に / 安心のリピート
1175,19:35,清水 拓海,70,男,飲食店,東京都23区,3110000,Uniqlo online,アパレル,ヒートテック クルーネックT 極暖 (グレー M),1990,0,夕食後にカートを処理 / 安心のリピート
1185,19:45,清水 拓海,70,男,飲食店,東京都23区,3110000,Uniqlo online,アパレル,リネンブレンド オープンカラー シャツ 半袖 (オフホワイト L),3990,0,夕食後にカートを処理 / 週末カジュアル
1305,21:45,清水 拓海,70,男,飲食店,東京都23区,3110000,Uniqlo online,アパレル,感動パンツ ウルトラライト ストレッチ ストレート (ブラック 32inch),3990,1,夜のリラックス中に / 通勤新調
695,11:35,加藤 杏,52,女,工場勤務,東京都市部,3250000,Amazon,コーヒー,UCC ザ ブレンド 114 レギュラーコーヒー 360g x 6,4519,0,勤務中こっそり / 安心のリピート
1215,20:15,加藤 杏,52,女,工場勤務,東京都市部,3250000,Uniqlo online,アパレル,リネンブレンド オープンカラー シャツ 半袖 (オフホワイト L),3990,0,夕食後にカートを処理 / 週末カジュアル
1255,20:55,加藤 杏,52,女,工場勤務,東京都市部,3250000,Yahoo!ショッピング,日用品,除菌洗剤 業務用 4L,3022,1,夜のリラックス中に / PayPay祭
1310,21:50,加藤 杏,52,女,工場勤務,東京都市部,3250000,Amazon,コーヒー,STARBUCKS ハウス ブレンド ホール 250g,1349,1,夜のリラックス中に / 安心のリピート
1375,22:55,加藤 杏,52,女,工場勤務,東京都市部,3250000,Uniqlo online,アパレル,ヒートテック クルーネックT 極暖 (グレー M),1990,1,夜のリラックス中に / 安心のリピート
555,09:15,清水 樹,76,男,退職,東京都23区,2750000,Uniqlo online,アパレル,エアリズム コットン クルーネックT 半袖 (ネイビー L),1290,1,朝のゆっくり時間に / 夏前リピート
1150,19:10,清水 樹,76,男,退職,東京都23区,2750000,Amazon,サブスク,Kindle Unlimited 3ヶ月分,2940,0,夕食後にカートを処理 / 読み放題
645,10:45,松本 達也_813,18,男,大学生,栃木県,800000,メルカリ,本,【美品】コンサル一年目が学ぶこと,1192,0,勉強の息抜きに / 後輩から推薦
985,16:25,松本 達也_813,18,男,大学生,栃木県,800000,honto,電子書籍,hontoポイント 1000円分,1000,0,勉強の息抜きに / 次回用ポイント購入
965,16:05,伊藤 由美,26,女,飲食店,群馬県,2380000,ZOZOTOWN,シューズ,CONVERSE All Star OX 黒 25cm,6600,0,勤務中こっそり / 定番補充
1295,21:35,伊藤 由美,26,女,飲食店,群馬県,2380000,ZOZOTOWN,シューズ,CONVERSE All Star OX 黒 25cm,6600,1,夜のリラックス中に / 安心のリピート
1350,22:30,伊藤 由美,26,女,飲食店,群馬県,2380000,Yahoo!ショッピング,日用品,除菌洗剤 業務用 4L,3186,1,夜のリラックス中に / PayPay祭
1370,22:50,伊藤 由美,26,女,飲食店,群馬県,2380000,Amazon,書籍,世界一流エンジニアの思考法 (文春新書),990,1,夜のリラックス中に / 話題本
580,09:40,田中 陽翔_815,72,男,退職,東京都23区,2530000,MUJI passport,アパレル,無印良品 オーガニックコットン Vネック 半袖T 白 M,1490,1,朝のゆっくり時間に / 夏定番
970,16:10,田中 陽翔_815,72,男,退職,東京都23区,2530000,MUJI passport,家具,無印良品 ポリエステル 綿フランネル こたつ布団,9990,1,午後のくつろぎ中に / 冬支度
1115,18:35,渡辺 克彦,19,男,パート,神奈川県,800000,honto,電子書籍,hontoポイント 1000円分,1000,0,勤務中こっそり / 次回用ポイント購入
1170,19:30,渡辺 克彦,19,男,パート,神奈川県,800000,MUJI passport,家具,無印良品 やわらかフィットソファ 1人掛け 用 カバー,4990,0,夕食後にカートを処理 / 安心のリピート
945,15:45,森 樹,54,男,デザイナー,茨城県,1820000,MUJI passport,家具,無印良品 やわらかフィットソファ 1人掛け 用 カバー,4990,0,仕事の合間に / 気分転換
1210,20:10,森 樹,54,男,デザイナー,茨城県,1820000,Uniqlo online,アパレル,ヒートテック クルーネックT 極暖 (グレー M),1990,1,夜のリラックス中に / 安心のリピート
1340,22:20,森 樹,54,男,デザイナー,茨城県,1820000,Amazon,サブスク,Kindle Unlimited 3ヶ月分,2940,1,夜のリラックス中に / 読み放題
1360,22:40,森 樹,54,男,デザイナー,茨城県,1820000,Yahoo!ショッピング,日用品,レノア 本格消臭 詰替 1320ml,938,1,夜のリラックス中に / PayPayキャンペーン
495,08:15,池田 結衣_818,48,女,デザイナー,東京都23区,8190000,Uniqlo online,アパレル,リネンブレンド オープンカラー シャツ 半袖 (オフホワイト L),3990,0,朝の準備中ふと / 週末カジュアル
635,10:35,池田 結衣_818,48,女,デザイナー,東京都23区,8190000,Amazon,書籍,Kindle Paperwhite シグニチャー エディション,28980,0,仕事の合間に / 読書環境刷新
785,13:05,池田 結衣_818,48,女,デザイナー,東京都23区,8190000,honto,書籍,THE THREE-BODY PROBLEM (English),2980,0,仕事の合間に / 原書チャレンジ
825,13:45,池田 結衣_818,48,女,デザイナー,東京都23区,8190000,Oisix,食品,Oisix おうちレストラン 旬の野菜セット,3980,0,仕事の合間に / 週末まとめ
940,15:40,池田 結衣_818,48,女,デザイナー,東京都23区,8190000,Uniqlo online,アパレル,感動パンツ ウルトラライト ストレッチ ストレート (ブラック 32inch),3990,0,仕事の合間に / 通勤新調
1150,19:10,池田 結衣_818,48,女,デザイナー,東京都23区,8190000,Amazon,電化製品,ELECOM USB-C ハブ 7-in-1 4K HDMI,5197,0,夕食後にカートを処理 / 在宅環境
1205,20:05,池田 結衣_818,48,女,デザイナー,東京都23区,8190000,MUJI passport,家具,無印良品 体にフィットするソファ 用 カバー,5990,1,夜のリラックス中に / 汚れ補充
1275,21:15,池田 結衣_818,48,女,デザイナー,東京都23区,8190000,Uniqlo online,アパレル,リネンブレンド オープンカラー シャツ 半袖 (オフホワイト L),3990,1,夜のリラックス中に / 週末カジュアル
1295,21:35,池田 結衣_818,48,女,デザイナー,東京都23区,8190000,MUJI passport,食品,無印良品 不揃いバウム メープル 5袋,1390,1,夜のリラックス中に / おやつストック
1370,22:50,池田 結衣_818,48,女,デザイナー,東京都23区,8190000,honto,電子書籍,hontoポイント 1000円分,1000,1,夜のリラックス中に / 次回用ポイント購入
825,13:45,橋本 千尋,70,女,退職,神奈川県,1510000,メルカリ,ホビー,プラモデル HG ガンダムエアリアル 未組立,2018,1,お昼のひと息に / 積みプラ追加
1240,20:40,橋本 千尋,70,女,退職,神奈川県,1510000,MUJI passport,食品,無印良品 素材を生かしたカレー グリーン,350,1,TVショッピング見て / ストック補充
705,11:45,岡田 樹_820,24,男,会社員,埼玉県,1550000,MUJI passport,アパレル,無印良品 オーガニックコットン Vネック 半袖T 白 M,1490,0,勤務中こっそり / 夏定番
710,11:50,岡田 樹_820,24,男,会社員,埼玉県,1550000,ZOZOTOWN,アパレル,steven alan 別注 ボーダー T ホワイト x ネイビー,7700,0,勤務中こっそり / ZOZO特集
895,14:55,岡田 樹_820,24,男,会社員,埼玉県,1550000,iHerb,化粧品,CeraVe フェイシャル モイスチャライザー 89ml,2600,0,勤務中こっそり / 海外定番
1330,22:10,岡田 樹_820,24,男,会社員,埼玉県,1550000,MUJI passport,家具,無印良品 体にフィットするソファ 用 カバー,5990,1,夜のリラックス中に / 汚れ補充
1105,18:25,小林 達也_821,61,男,会社員,東京都23区,3770000,楽天市場,化粧品,資生堂 マキアージュ ドラマティック ジェリー BB,3412,1,通勤中ふと思い出して / ポイント祭
1200,20:00,小林 達也_821,61,男,会社員,東京都23区,3770000,Uniqlo online,アパレル,感動パンツ ウルトラライト ストレッチ ストレート (ブラック 32inch),3990,1,夜のリラックス中に / 通勤新調
1255,20:55,小林 達也_821,61,男,会社員,東京都23区,3770000,Amazon,食品,KIRIN 自然が磨いた天然水 2L x 9本,1380,1,夜のリラックス中に / 備蓄
1145,19:05,渡辺 芽依,20,女,パート,千葉県,800000,Amazon,コーヒー,STARBUCKS ハウス ブレンド ホール 250g,1444,0,夕食後にカートを処理 / 安心のリピート
1195,19:55,渡辺 芽依,20,女,パート,千葉県,800000,SHEIN,アパレル,SHEIN オーバーサイズ Tシャツ 白 L,741,0,夕食後にカートを処理 / 安心のリピート
995,16:35,松本 千尋,31,女,看護師,茨城県,5710000,メチャカリ,アパレル,メチャカリ ベーシックプラン 月額,3278,0,勤務中こっそり / 新製品が気になって
1210,20:10,松本 千尋,31,女,看護師,茨城県,5710000,Amazon,電化製品,Anker PowerLine III USB-C ケーブル 1.8m,1290,1,夜のリラックス中に / ケーブル断線
1265,21:05,松本 千尋,31,女,看護師,茨城県,5710000,ZOZOTOWN,シューズ,New Balance 327 グレー x ホワイト 24cm,12100,1,夜のリラックス中に / 新色気になって
1280,21:20,松本 千尋,31,女,看護師,茨城県,5710000,Yodobashi.com,電化製品,シャープ プラズマクラスター イオン発生機 IG-NX15,18800,1,夜のリラックス中に / 花粉対策
1285,21:25,松本 千尋,31,女,看護師,茨城県,5710000,Oisix,食品,Kit Oisix 牛肉と野菜のチンジャオロース 2人前,1580,1,夜のリラックス中に / 今夜の献立
1315,21:55,松本 千尋,31,女,看護師,茨城県,5710000,ZOZOTOWN,シューズ,CONVERSE All Star OX 黒 25cm,6600,1,夜のリラックス中に / 定番補充
490,08:10,木村 桜,56,女,会社員,群馬県,4210000,Amazon,コーヒー,UCC ザ ブレンド 114 レギュラーコーヒー 360g x 6,4740,1,通勤中ふと思い出して / 在宅用ストック
980,16:20,木村 桜,56,女,会社員,群馬県,4210000,Uniqlo online,アパレル,エアリズム コットン クルーネックT 半袖 (ネイビー L),1290,0,勤務中こっそり / 夏前リピート
1125,18:45,木村 桜,56,女,会社員,群馬県,4210000,iHerb,化粧品,The Ordinary ナイアシンアミド 10% 30ml,1189,0,夕食後にカートを処理 / 話題のスキンケア
1275,21:15,木村 桜,56,女,会社員,群馬県,4210000,Yahoo!ショッピング,日用品,除菌洗剤 業務用 4L,2866,1,夜のリラックス中に / PayPay祭
1320,22:00,木村 桜,56,女,会社員,群馬県,4210000,MUJI passport,アパレル,無印良品 縦横ストレッチ 細身パンツ 黒 32inch,3990,1,夜のリラックス中に / 通勤用
840,14:00,佐々木 雄太_825,34,男,デザイナー,栃木県,5070000,楽天市場,化粧品,KOSE 雪肌精 化粧水 200ml,2972,0,仕事の合間に / リピート
1095,18:15,佐々木 雄太_825,34,男,デザイナー,栃木県,5070000,楽天市場,化粧品,KOSE 雪肌精 化粧水 200ml,3141,0,夕食後にカートを処理 / リピート
1140,19:00,佐々木 雄太_825,34,男,デザイナー,栃木県,5070000,楽天市場,化粧品,KOSE 雪肌精 化粧水 200ml,3104,0,夕食後にカートを処理 / リピート
1150,19:10,佐々木 雄太_825,34,男,デザイナー,栃木県,5070000,楽天市場,化粧品,資生堂 マキアージュ ドラマティック ジェリー BB,3505,0,夕食後にカートを処理 / ポイント祭
1270,21:10,佐々木 雄太_825,34,男,デザイナー,栃木県,5070000,メルカリ,ホビー,ポケモンカード SV6a スカーレットex 1BOX,8372,1,夜のリラックス中に / 再販分
1305,21:45,佐々木 雄太_825,34,男,デザイナー,栃木県,5070000,メルカリ,ホビー,【美品】鬼滅の刃 全巻セット 1-23巻,12260,1,夜のリラックス中に / 一気読み用
1330,22:10,佐々木 雄太_825,34,男,デザイナー,栃木県,5070000,Yodobashi.com,ゲーム,Nintendo Switch 2 ソフト 「マリオカートワールド」,9980,1,夜のリラックス中に / 発売日購入
1100,18:20,石川 悠人_826,53,男,会社員,千葉県,3350000,honto,書籍,看護管理2025年4月号,2090,1,通勤中ふと思い出して / 安心のリピート
1325,22:05,石川 悠人_826,53,男,会社員,千葉県,3350000,Yahoo!ショッピング,日用品,レノア 本格消臭 詰替 1320ml,1058,1,夜のリラックス中に / 安心のリピート
1360,22:40,石川 悠人_826,53,男,会社員,千葉県,3350000,楽天市場,化粧品,資生堂 マキアージュ ドラマティック ジェリー BB,3310,1,寝る前に思い立って / ポイント祭
1370,22:50,石川 悠人_826,53,男,会社員,千葉県,3350000,MUJI passport,家具,無印良品 ポリエステル 綿フランネル こたつ布団,9990,1,寝る前に思い立って / 安心のリピート
1385,23:05,石川 悠人_826,53,男,会社員,千葉県,3350000,Amazon,食品,KIRIN 自然が磨いた天然水 2L x 9本,1380,1,寝る前に思い立って / 備蓄
545,09:05,小林 莉子,43,女,会社員,東京都市部,9460000,Amazon,電子書籍,Kindle 進撃の巨人 最終34巻,538,0,勤務中こっそり / シリーズ完結
980,16:20,小林 莉子,43,女,会社員,東京都市部,9460000,Amazon,電化製品,Anker PowerLine III USB-C ケーブル 1.8m,1290,0,勤務中こっそり / ケーブル断線
1125,18:45,小林 莉子,43,女,会社員,東京都市部,9460000,Uniqlo online,アパレル,ヒートテック クルーネックT 極暖 (グレー M),1990,0,夕食後にカートを処理 / 冬支度
1155,19:15,小林 莉子,43,女,会社員,東京都市部,9460000,Oisix,食品,Kit Oisix 牛肉と野菜のチンジャオロース 2人前,1580,0,夕食後にカートを処理 / 今夜の献立
1255,20:55,小林 莉子,43,女,会社員,東京都市部,9460000,iHerb,化粧品,Burt's Bees リップ バーム ハニー,541,1,夜のリラックス中に / リピート
445,07:25,小林 芽依_828,49,女,工場勤務,東京都23区,4290000,Amazon,コーヒー,猿田彦珈琲 大吉ブレンド ドリップバッグ 10個,1866,0,朝の準備中ふと / 気分転換
1090,18:10,小林 芽依_828,49,女,工場勤務,東京都23区,4290000,Uniqlo online,アパレル,感動パンツ ウルトラライト ストレッチ ストレート (ブラック 32inch),3990,0,勤務中こっそり / 通勤新調
1190,19:50,小林 芽依_828,49,女,工場勤務,東京都23区,4290000,Amazon,サブスク,Kindle Unlimited 3ヶ月分,2940,0,夕食後にカートを処理 / 読み放題
1270,21:10,小林 芽依_828,49,女,工場勤務,東京都23区,4290000,メルカリ,中古品,【動作確認済】Sony WH-1000XM4 黒 中古,19762,1,夜のリラックス中に / 新品より安い
1335,22:15,小林 芽依_828,49,女,工場勤務,東京都23区,4290000,Uniqlo online,アパレル,エアリズム コットン クルーネックT 半袖 (ネイビー L),1290,1,夜のリラックス中に / 夏前リピート
980,16:20,森 京子,32,女,公務員,東京都23区,4220000,Oisix,食品,Oisix おうちレストラン 旬の野菜セット,3980,0,勤務中こっそり / 週末まとめ
1160,19:20,森 京子,32,女,公務員,東京都23区,4220000,Amazon,サブスク,Amazon Prime 年会費 (1年),5900,0,夕食後にカートを処理 / 年次自動更新
1255,20:55,森 京子,32,女,公務員,東京都23区,4220000,Amazon,コーヒー,Blue Bottle Coffee ベラ ドノヴァン 200g,2017,1,夜のリラックス中に / リピート
1275,21:15,森 京子,32,女,公務員,東京都23区,4220000,ZOZOTOWN,アパレル,BEAMS HEART リネン ジャケット 7号,14300,1,夜のリラックス中に / コーデ用
1345,22:25,森 京子,32,女,公務員,東京都23区,4220000,Oisix,食品,Oisix おうちレストラン 旬の野菜セット,3980,1,夜のリラックス中に / 週末まとめ
1140,19:00,山本 智子,44,女,販売員,千葉県,4010000,honto,電子書籍,hontoポイント 1000円分,1000,0,夕食後にカートを処理 / 次回用ポイント購入
1145,19:05,山本 智子,44,女,販売員,千葉県,4010000,楽天市場,食品,讃岐うどん 半生 太麺 1kg,1308,0,夕食後にカートを処理 / 在庫補充
1255,20:55,山本 智子,44,女,販売員,千葉県,4010000,MUJI passport,家具,無印良品 やわらかフィットソファ 1人掛け 用 カバー,4990,1,夜のリラックス中に / 気分転換
1270,21:10,山本 智子,44,女,販売員,千葉県,4010000,楽天市場,化粧品,KOSE 雪肌精 化粧水 200ml,3194,1,夜のリラックス中に / リピート
1330,22:10,山本 智子,44,女,販売員,千葉県,4010000,MUJI passport,アパレル,無印良品 縦横ストレッチ 細身パンツ 黒 32inch,3990,1,夜のリラックス中に / 通勤用
1045,17:25,加藤 浩二,40,男,フリーランス,東京都23区,3020000,Uniqlo online,アパレル,エアリズム コットン クルーネックT 半袖 (ネイビー L),1290,0,仕事の合間に / 夏前リピート
1085,18:05,加藤 浩二,40,男,フリーランス,東京都23区,3020000,Amazon,電化製品,Logicool MX Master 3S ワイヤレスマウス,15990,0,夕食後にカートを処理 / 新調
1195,19:55,加藤 浩二,40,男,フリーランス,東京都23区,3020000,MUJI passport,アパレル,無印良品 オーガニックコットン Vネック 半袖T 白 M,1490,1,夜のリラックス中に / 夏定番
1210,20:10,加藤 浩二,40,男,フリーランス,東京都23区,3020000,MUJI passport,日用品,無印良品 化粧水 敏感肌用 高保湿 200ml,690,1,夜のリラックス中に / 安心のリピート
1235,20:35,加藤 浩二,40,男,フリーランス,東京都23区,3020000,Amazon,書籍,ジェイソン流お金の増やし方,1430,1,夜のリラックス中に / 投資勉強
1105,18:25,伊藤 和也_832,53,男,公務員,東京都23区,10120000,Yahoo!ショッピング,日用品,除菌洗剤 業務用 4L,2893,1,通勤中ふと思い出して / PayPay祭
1130,18:50,伊藤 和也_832,53,男,公務員,東京都23区,10120000,Uniqlo online,アパレル,ヒートテック クルーネックT 極暖 (グレー M),1990,0,夕食後にカートを処理 / 冬支度
1230,20:30,伊藤 和也_832,53,男,公務員,東京都23区,10120000,Uniqlo online,アパレル,ヒートテック クルーネックT 極暖 (グレー M),1990,1,夜のリラックス中に / 冬支度
1250,20:50,伊藤 和也_832,53,男,公務員,東京都23区,10120000,MUJI passport,アパレル,無印良品 オーガニックコットン Vネック 半袖T 白 M,1490,1,夜のリラックス中に / 夏定番
1275,21:15,伊藤 和也_832,53,男,公務員,東京都23区,10120000,楽天市場,日用品,除菌できるウェットティッシュ 100枚 x 8パック,1608,1,夜のリラックス中に / ポイント10倍
1320,22:00,伊藤 和也_832,53,男,公務員,東京都23区,10120000,MUJI passport,アパレル,無印良品 縦横ストレッチ 細身パンツ 黒 32inch,3990,1,夜のリラックス中に / 通勤用
1395,23:15,伊藤 和也_832,53,男,公務員,東京都23区,10120000,楽天市場,日用品,コストコ カークランド トイレットペーパー 30ロール,4036,1,寝る前に思い立って / まとめ買いお得
405,06:45,森 陽菜,33,女,会社員,東京都市部,7920000,ZOZOTOWN,アパレル,steven alan 別注 ボーダー T ホワイト x ネイビー,7700,0,朝の準備中ふと / ZOZO特集
860,14:20,森 陽菜,33,女,会社員,東京都市部,7920000,MUJI passport,アパレル,無印良品 オーガニックコットン Vネック 半袖T 白 M,1490,0,勤務中こっそり / 夏定番
1080,18:00,森 陽菜,33,女,会社員,東京都市部,7920000,BUYMA,アパレル,【正規品】POLO Ralph Lauren ケーブルニット 紺 M,26214,1,通勤中ふと思い出して / 安心のリピート
1085,18:05,森 陽菜,33,女,会社員,東京都市部,7920000,Apple,アクセサリ,AirPods Pro イヤーチップ XSサイズ,880,1,通勤中ふと思い出して / サイズ調整
1160,19:20,森 陽菜,33,女,会社員,東京都市部,7920000,Amazon,コーヒー,UCC ザ ブレンド 114 レギュラーコーヒー 360g x 6,4599,0,夕食後にカートを処理 / 安心のリピート
1275,21:15,森 陽菜,33,女,会社員,東京都市部,7920000,ZOZOTOWN,アパレル,steven alan 別注 ボーダー T ホワイト x ネイビー,7700,1,夜のリラックス中に / ZOZO特集
1340,22:20,森 陽菜,33,女,会社員,東京都市部,7920000,Amazon,サブスク,Kindle Unlimited 3ヶ月分,2940,1,夜のリラックス中に / 読み放題
1270,21:10,岡田 浩二,30,男,工場勤務,埼玉県,2070000,iHerb,サプリ,Solgar 鉄分 25mg 90粒,1707,1,夜のリラックス中に / 貧血対策
1305,21:45,岡田 浩二,30,男,工場勤務,埼玉県,2070000,MUJI passport,日用品,無印良品 アロマオイル ラベンダー 10ml,1190,1,夜のリラックス中に / リラックス
1330,22:10,岡田 浩二,30,男,工場勤務,埼玉県,2070000,ZOZOTOWN,シューズ,CONVERSE All Star OX 黒 25cm,6600,1,夜のリラックス中に / 定番補充
1360,22:40,岡田 浩二,30,男,工場勤務,埼玉県,2070000,Uniqlo online,アパレル,ヒートテック クルーネックT 極暖 (グレー M),1990,1,夜のリラックス中に / 冬支度
475,07:55,山本 千尋,30,女,看護師,東京都市部,4830000,ZOZOTOWN,シューズ,New Balance 327 グレー x ホワイト 24cm,12100,1,通勤中ふと思い出して / 新色気になって
975,16:15,山本 千尋,30,女,看護師,東京都市部,4830000,楽天市場,化粧品,ETUDE ティアアイライナー 限定色,1555,0,勤務中こっそり / 新作
1190,19:50,山本 千尋,30,女,看護師,東京都市部,4830000,ZOZOTOWN,アパレル,SLY オーバーサイズ スウェット M ベージュ,8800,0,夕食後にカートを処理 / 韓国っぽい
1290,21:30,山本 千尋,30,女,看護師,東京都市部,4830000,iHerb,食品,California Gold ナッツミックス 907g,2678,1,夜のリラックス中に / 間食用
1380,23:00,山本 千尋,30,女,看護師,東京都市部,4830000,ZOZOTOWN,アパレル,nano universe テーパード パンツ 9号,11000,1,寝る前に思い立って / オフィス用
405,06:45,伊藤 杏_836,41,女,主婦・主夫,東京都市部,3250000,Amazon,サブスク,Kindle Unlimited 3ヶ月分,2940,0,朝の準備中ふと / 安心のリピート
670,11:10,伊藤 杏_836,41,女,主婦・主夫,東京都市部,3250000,Amazon,電子書籍,Kindle 進撃の巨人 最終34巻,538,0,用事の合間に / 安心のリピート
715,11:55,伊藤 杏_836,41,女,主婦・主夫,東京都市部,3250000,Uniqlo online,アパレル,ヒートテック クルーネックT 極暖 (グレー M),1990,0,用事の合間に / 冬支度
1015,16:55,伊藤 杏_836,41,女,主婦・主夫,東京都市部,3250000,Uniqlo online,アパレル,ヒートテック クルーネックT 極暖 (グレー M),1990,0,子供の世話の合間に / 冬支度
1325,22:05,伊藤 杏_836,41,女,主婦・主夫,東京都市部,3250000,Oisix,食品,Oisix おうちレストラン 旬の野菜セット,3980,0,家族の話題から / 安心のリピート
610,10:10,池田 美咲_837,71,女,工場勤務,神奈川県,3250000,楽天市場,食品,台湾カステラ 6個セット,2752,0,勤務中こっそり / 話題スイーツ
1295,21:35,池田 美咲_837,71,女,工場勤務,神奈川県,3250000,honto,書籍,夜は短し歩けよ乙女 (角川文庫),770,1,夜のリラックス中に / 再読
730,12:10,石川 千尋_838,58,女,公務員,東京都市部,5200000,Uniqlo online,アパレル,ヒートテック クルーネックT 極暖 (グレー M),1990,0,ランチ食べながら / 冬支度
990,16:30,石川 千尋_838,58,女,公務員,東京都市部,5200000,Uniqlo online,アパレル,ヒートテック クルーネックT 極暖 (グレー M),1990,0,勤務中こっそり / 冬支度
1085,18:05,石川 千尋_838,58,女,公務員,東京都市部,5200000,iHerb,食品,California Gold ナッツミックス 907g,2735,1,通勤中ふと思い出して / 間食用
1235,20:35,石川 千尋_838,58,女,公務員,東京都市部,5200000,Amazon,電子書籍,Kindle ハイキュー!! 文庫版 1-3巻セット,1980,1,夜のリラックス中に / 懐かしい
1295,21:35,石川 千尋_838,58,女,公務員,東京都市部,5200000,honto,書籍,THE THREE-BODY PROBLEM (English),2980,1,夜のリラックス中に / 原書チャレンジ
450,07:30,伊藤 美穂_839,66,女,工場勤務,東京都23区,2160000,メルカリ,本,【美品】コンサル一年目が学ぶこと,1092,0,朝の準備中ふと / 後輩から推薦
1300,21:40,伊藤 美穂_839,66,女,工場勤務,東京都23区,2160000,MUJI passport,日用品,無印良品 アロマオイル ラベンダー 10ml,1190,1,夜のリラックス中に / 安心のリピート
470,07:50,池田 陽翔,40,男,会社員,茨城県,4410000,MUJI passport,食品,無印良品 素材を生かしたカレー グリーン,350,1,通勤中ふと思い出して / ストック補充
560,09:20,池田 陽翔,40,男,会社員,茨城県,4410000,メルカリ,アパレル,【美品】UNIQLO x JW Anderson コラボ ニット L,4410,0,勤務中こっそり / コラボ品再入手
1195,19:55,池田 陽翔,40,男,会社員,茨城県,4410000,Amazon,電化製品,Anker PowerLine III USB-C ケーブル 1.8m,1290,0,夕食後にカートを処理 / ケーブル断線
1255,20:55,池田 陽翔,40,男,会社員,茨城県,4410000,Yodobashi.com,ゲーム,PS5 ソフト 「Final Fantasy XVII」,9680,1,夜のリラックス中に / シリーズ続編
1335,22:15,池田 陽翔,40,男,会社員,茨城県,4410000,Amazon,サブスク,Kindle Unlimited 3ヶ月分,2940,1,夜のリラックス中に / 読み放題
435,07:15,山崎 颯太,41,男,工場勤務,東京都23区,4260000,MUJI passport,日用品,無印良品 ポリプロピレン収納ケース 引出式M,1490,0,朝の準備中ふと / 整理用
1295,21:35,山崎 颯太,41,男,工場勤務,東京都23区,4260000,Amazon,食品,カゴメ 野菜一日これ一本 200ml x 24本,2496,1,夜のリラックス中に / 朝の野菜
1335,22:15,山崎 颯太,41,男,工場勤務,東京都23区,4260000,Uniqlo online,アパレル,リネンブレンド オープンカラー シャツ 半袖 (オフホワイト L),3990,1,夜のリラックス中に / 安心のリピート
1360,22:40,山崎 颯太,41,男,工場勤務,東京都23区,4260000,Amazon,電子書籍,Kindle 進撃の巨人 最終34巻,538,1,夜のリラックス中に / シリーズ完結
1370,22:50,山崎 颯太,41,男,工場勤務,東京都23区,4260000,honto,書籍,夜は短し歩けよ乙女 (角川文庫),770,1,夜のリラックス中に / 計画通り
1205,20:05,岡田 雅人_842,51,男,主婦・主夫,茨城県,1290000,MUJI passport,アパレル,無印良品 オーガニックコットン Vネック 半袖T 白 M,1490,0,家族の話題から / 夏定番
1215,20:15,岡田 雅人_842,51,男,主婦・主夫,茨城県,1290000,MUJI passport,食品,無印良品 不揃いバウム メープル 5袋,1390,0,家族の話題から / おやつストック
390,06:30,石川 美穂,45,女,会社員,埼玉県,8660000,Amazon,コーヒー,Blue Bottle Coffee ベラ ドノヴァン 200g,1954,0,朝の準備中ふと / リピート
395,06:35,石川 美穂,45,女,会社員,埼玉県,8660000,Yahoo!ショッピング,日用品,除菌洗剤 業務用 4L,3069,0,朝の準備中ふと / PayPay祭
1250,20:50,石川 美穂,45,女,会社員,埼玉県,8660000,Yahoo!ショッピング,日用品,除菌洗剤 業務用 4L,2827,1,夜のリラックス中に / PayPay祭
1255,20:55,石川 美穂,45,女,会社員,埼玉県,8660000,MUJI passport,食品,無印良品 素材を生かしたカレー グリーン,350,1,夜のリラックス中に / ストック補充
1370,22:50,石川 美穂,45,女,会社員,埼玉県,8660000,Amazon,サブスク,Amazon Prime 年会費 (1年),5900,1,寝る前に思い立って / 年次自動更新
700,11:40,橋本 健太,62,男,会社員,東京都市部,3620000,Yahoo!ショッピング,日用品,除菌洗剤 業務用 4L,2829,0,勤務中こっそり / PayPay祭
970,16:10,橋本 健太,62,男,会社員,東京都市部,3620000,Uniqlo online,アパレル,リネンブレンド オープンカラー シャツ 半袖 (オフホワイト L),3990,0,勤務中こっそり / 週末カジュアル
1150,19:10,森 陽菜_845,64,女,工場勤務,神奈川県,2950000,Amazon,サブスク,Kindle Unlimited 3ヶ月分,2940,0,夕食後にカートを処理 / 読み放題
1165,19:25,森 陽菜_845,64,女,工場勤務,神奈川県,2950000,MUJI passport,家具,無印良品 体にフィットするソファ 用 カバー,5990,0,夕食後にカートを処理 / 汚れ補充
1280,21:20,森 陽菜_845,64,女,工場勤務,神奈川県,2950000,honto,電子書籍,hontoポイント 1000円分,1000,1,夜のリラックス中に / 安心のリピート
465,07:45,伊藤 彩花,19,女,パート,神奈川県,800000,ZOZOTOWN,アパレル,steven alan 別注 ボーダー T ホワイト x ネイビー,7700,0,朝の準備中ふと / ZOZO特集
1255,20:55,伊藤 彩花,19,女,パート,神奈川県,800000,メルカリ,ホビー,プラモデル HG ガンダムエアリアル 未組立,2170,1,夜のリラックス中に / 積みプラ追加
1280,21:20,池田 心春_847,20,女,販売員,神奈川県,1060000,メチャカリ,アパレル,メチャカリ ベーシックプラン 月額,3278,1,夜のリラックス中に / サブスクで色々試したい
1285,21:25,池田 心春_847,20,女,販売員,神奈川県,1060000,Uniqlo online,アパレル,感動パンツ ウルトラライト ストレッチ ストレート (ブラック 32inch),3990,1,夜のリラックス中に / 通勤新調
660,11:00,斎藤 綾,79,女,工場勤務,東京都23区,3320000,メルカリ,ホビー,【美品】鬼滅の刃 全巻セット 1-23巻,12220,0,勤務中こっそり / 一気読み用
425,07:05,小林 由美,38,女,会社員,神奈川県,4280000,Amazon,電子書籍,Kindle ハイキュー!! 文庫版 1-3巻セット,1980,0,朝の準備中ふと / 懐かしい
1150,19:10,小林 由美,38,女,会社員,神奈川県,4280000,楽天市場,化粧品,KOSE 雪肌精 化粧水 200ml,3211,0,夕食後にカートを処理 / リピート
1285,21:25,小林 由美,38,女,会社員,神奈川県,4280000,Uniqlo online,アパレル,感動パンツ ウルトラライト ストレッチ ストレート (ブラック 32inch),3990,1,夜のリラックス中に / 通勤新調
1290,21:30,小林 由美,38,女,会社員,神奈川県,4280000,Amazon,書籍,ジェイソン流お金の増やし方,1430,1,夜のリラックス中に / 投資勉強
1300,21:40,小林 由美,38,女,会社員,神奈川県,4280000,楽天市場,日用品,除菌できるウェットティッシュ 100枚 x 8パック,1589,1,夜のリラックス中に / ポイント10倍
970,16:10,池田 智子,62,女,工場勤務,東京都23区,4270000,Uniqlo online,アパレル,ヒートテック クルーネックT 極暖 (グレー M),1990,0,勤務中こっそり / 安心のリピート
1365,22:45,池田 智子,62,女,工場勤務,東京都23区,4270000,honto,電子書籍,hontoポイント 1000円分,1000,1,夜のリラックス中に / 次回用ポイント購入
1025,17:05,加藤 由美_851,35,女,工場勤務,栃木県,4330000,楽天市場,化粧品,ETUDE ティアアイライナー 限定色,1543,0,勤務中こっそり / 新作
1030,17:10,加藤 由美_851,35,女,工場勤務,栃木県,4330000,ZOZOTOWN,シューズ,CONVERSE All Star OX 黒 25cm,6600,0,勤務中こっそり / 定番補充
1190,19:50,加藤 由美_851,35,女,工場勤務,栃木県,4330000,ZOZOTOWN,シューズ,CONVERSE All Star OX 黒 25cm,6600,0,夕食後にカートを処理 / 定番補充
1350,22:30,加藤 由美_851,35,女,工場勤務,栃木県,4330000,Uniqlo online,アパレル,感動パンツ ウルトラライト ストレッチ ストレート (ブラック 32inch),3990,1,夜のリラックス中に / 通勤新調
1360,22:40,加藤 由美_851,35,女,工場勤務,栃木県,4330000,Amazon,書籍,成瀬は天下を取りに行く (新潮社),1705,1,夜のリラックス中に / 本屋大賞
1040,17:20,岡田 彩,67,女,主婦・主夫,千葉県,1710000,Yahoo!ショッピング,日用品,除菌洗剤 業務用 4L,2872,0,子供の世話の合間に / PayPay祭
1310,21:50,岡田 彩,67,女,主婦・主夫,千葉県,1710000,Yahoo!ショッピング,日用品,除菌洗剤 業務用 4L,3077,0,家族の話題から / PayPay祭
685,11:25,伊藤 颯太_853,43,男,工場勤務,千葉県,4830000,Uniqlo online,アパレル,ヒートテック クルーネックT 極暖 (グレー M),1990,0,勤務中こっそり / 冬支度
1190,19:50,伊藤 颯太_853,43,男,工場勤務,千葉県,4830000,Amazon,食品,カルビー フルグラ 800g x 3,2754,0,夕食後にカートを処理 / 安心のリピート
1205,20:05,伊藤 颯太_853,43,男,工場勤務,千葉県,4830000,Yodobashi.com,ゲーム,PS5 ソフト 「Final Fantasy XVII」,9680,0,夕食後にカートを処理 / シリーズ続編
1240,20:40,伊藤 颯太_853,43,男,工場勤務,千葉県,4830000,Amazon,書籍,成瀬は天下を取りに行く (新潮社),1705,1,夜のリラックス中に / 本屋大賞
1375,22:55,伊藤 颯太_853,43,男,工場勤務,千葉県,4830000,honto,書籍,看護管理2025年4月号,2090,1,夜のリラックス中に / 仕事用
690,11:30,鈴木 大翔,70,男,主婦・主夫,東京都市部,1410000,Yahoo!ショッピング,日用品,レノア 本格消臭 詰替 1320ml,1014,0,用事の合間に / 安心のリピート
700,11:40,鈴木 大翔,70,男,主婦・主夫,東京都市部,1410000,MUJI passport,アパレル,無印良品 縦横ストレッチ 細身パンツ 黒 32inch,3990,0,用事の合間に / 通勤用
890,14:50,山本 拓海_855,18,男,パート,東京都市部,800000,SHEIN,雑貨,SHEIN シルバーチェーンネックレス 3点セット,768,0,勤務中こっそり / Y2Kコーデ
1190,19:50,山本 拓海_855,18,男,パート,東京都市部,800000,SHEIN,アパレル,SHEIN オーバーサイズ Tシャツ 白 L,914,0,夕食後にカートを処理 / 色違いまとめ
1215,20:15,山田 結愛,69,女,パート,東京都市部,1410000,MUJI passport,アパレル,無印良品 縦横ストレッチ 細身パンツ 黒 32inch,3990,0,夕食後にカートを処理 / 通勤用
1330,22:10,山田 結愛,69,女,パート,東京都市部,1410000,MUJI passport,家具,無印良品 体にフィットするソファ 用 カバー,5990,1,夜のリラックス中に / 安心のリピート
465,07:45,前田 智也,33,男,会社員,東京都23区,7500000,メルカリ,アパレル,【美品】UNIQLO x JW Anderson コラボ ニット L,4201,1,通勤中ふと思い出して / コラボ品再入手
480,08:00,前田 智也,33,男,会社員,東京都23区,7500000,楽天市場,食品,台湾カステラ 6個セット,2811,1,通勤中ふと思い出して / 話題スイーツ
1100,18:20,前田 智也,33,男,会社員,東京都23区,7500000,ZOZOTOWN,アパレル,nano universe テーパード パンツ 9号,11000,1,通勤中ふと思い出して / オフィス用
1270,21:10,前田 智也,33,男,会社員,東京都23区,7500000,楽天市場,化粧品,ETUDE ティアアイライナー 限定色,1649,1,夜のリラックス中に / 新作
1370,22:50,前田 智也,33,男,会社員,東京都23区,7500000,ZOZOTOWN,アパレル,nano universe テーパード パンツ 9号,11000,1,寝る前に思い立って / オフィス用
1215,20:15,山本 結愛,79,女,主婦・主夫,茨城県,1100000,Amazon,コーヒー,UCC ザ ブレンド 114 レギュラーコーヒー 360g x 6,4363,0,家族の話題から / 計画通り
1350,22:30,山本 結愛,79,女,主婦・主夫,茨城県,1100000,Amazon,日用品,クイックル ワイパー 立体吸着 ウェット 32枚,943,0,家族の話題から / 安心のリピート
1190,19:50,前田 芽依,69,女,主婦・主夫,東京都市部,1130000,MUJI passport,アパレル,無印良品 オーガニックコットン Vネック 半袖T 白 M,1490,0,夕食後にカートを処理 / 夏定番
1345,22:25,前田 芽依,69,女,主婦・主夫,東京都市部,1130000,MUJI passport,アパレル,無印良品 オーガニックコットン Vネック 半袖T 白 M,1490,0,家族の話題から / 夏定番
1110,18:30,渡辺 達也_860,18,男,大学生,千葉県,800000,MUJI passport,食品,無印良品 素材を生かしたカレー グリーン,350,1,夜のリラックス中に / ストック補充
1320,22:00,渡辺 達也_860,18,男,大学生,千葉県,800000,Uniqlo online,アパレル,ヒートテック クルーネックT 極暖 (グレー M),1990,1,Instagram で広告見て / 冬支度
1175,19:35,加藤 千尋_861,19,女,パート,埼玉県,800000,Yahoo!ショッピング,日用品,除菌洗剤 業務用 4L,3070,0,夕食後にカートを処理 / PayPay祭
1260,21:00,加藤 千尋_861,19,女,パート,埼玉県,800000,ZOZOTOWN,シューズ,CONVERSE All Star OX 黒 25cm,6600,1,夜のリラックス中に / 安心のリピート
485,08:05,橋本 葵,26,女,ITエンジニア,神奈川県,5440000,メチャカリ,アパレル,メチャカリ ベーシックプラン 月額,3278,0,朝の準備中ふと / サブスクで色々試したい
760,12:40,橋本 葵,26,女,ITエンジニア,神奈川県,5440000,Yahoo!ショッピング,日用品,除菌洗剤 業務用 4L,2962,0,ランチ食べながら / PayPay祭
800,13:20,橋本 葵,26,女,ITエンジニア,神奈川県,5440000,ZOZOTOWN,アパレル,SLY オーバーサイズ スウェット M ベージュ,8800,0,仕事の合間に / 韓国っぽい
875,14:35,橋本 葵,26,女,ITエンジニア,神奈川県,5440000,MUJI passport,アパレル,無印良品 縦横ストレッチ 細身パンツ 黒 32inch,3990,0,仕事の合間に / 通勤用
1050,17:30,橋本 葵,26,女,ITエンジニア,神奈川県,5440000,ZOZOTOWN,アパレル,steven alan 別注 ボーダー T ホワイト x ネイビー,7700,0,仕事の合間に / ZOZO特集
1150,19:10,橋本 葵,26,女,ITエンジニア,神奈川県,5440000,honto,電子書籍,hontoポイント 1000円分,1000,0,夕食後にカートを処理 / 次回用ポイント購入
1270,21:10,橋本 葵,26,女,ITエンジニア,神奈川県,5440000,ZOZOTOWN,シューズ,CONVERSE All Star OX 黒 25cm,6600,1,夜のリラックス中に / 定番補充
580,09:40,高橋 結衣_863,72,女,飲食店,東京都市部,1880000,Uniqlo online,アパレル,リネンブレンド オープンカラー シャツ 半袖 (オフホワイト L),3990,0,勤務中こっそり / 週末カジュアル
1185,19:45,高橋 結衣_863,72,女,飲食店,東京都市部,1880000,Yahoo!ショッピング,日用品,除菌洗剤 業務用 4L,3233,0,夕食後にカートを処理 / PayPay祭
1180,19:40,高橋 凛_864,62,女,主婦・主夫,東京都23区,1160000,MUJI passport,家具,無印良品 やわらかフィットソファ 1人掛け 用 カバー,4990,0,夕食後にカートを処理 / 気分転換
1300,21:40,高橋 凛_864,62,女,主婦・主夫,東京都23区,1160000,honto,書籍,夜は短し歩けよ乙女 (角川文庫),770,0,家族の話題から / 再読
605,10:05,山田 颯太,79,男,パート,群馬県,1070000,楽天市場,日用品,コストコ カークランド トイレットペーパー 30ロール,4185,0,勤務中こっそり / まとめ買いお得
1145,19:05,山田 颯太,79,男,パート,群馬県,1070000,MUJI passport,食品,無印良品 不揃いバウム メープル 5袋,1390,0,夕食後にカートを処理 / おやつストック
1180,19:40,渡辺 葵_866,71,女,工場勤務,神奈川県,3880000,Yahoo!ショッピング,日用品,除菌洗剤 業務用 4L,3171,0,夕食後にカートを処理 / PayPay祭
1255,20:55,渡辺 葵_866,71,女,工場勤務,神奈川県,3880000,Uniqlo online,アパレル,感動パンツ ウルトラライト ストレッチ ストレート (ブラック 32inch),3990,1,夜のリラックス中に / 安心のリピート
715,11:55,長谷川 由美,30,女,主婦・主夫,東京都23区,1270000,Yahoo!ショッピング,日用品,除菌洗剤 業務用 4L,2844,0,用事の合間に / PayPay祭
1355,22:35,長谷川 由美,30,女,主婦・主夫,東京都23区,1270000,iHerb,化粧品,Burt's Bees リップ バーム ハニー,517,0,家族の話題から / リピート
980,16:20,岡田 克彦,62,男,ITエンジニア,神奈川県,4430000,MUJI passport,食品,無印良品 素材を生かしたカレー グリーン,350,0,仕事の合間に / ストック補充
1240,20:40,岡田 克彦,62,男,ITエンジニア,神奈川県,4430000,Amazon,日用品,Mr.CLEAN マジックリン キッチン用 400ml,300,1,夜のリラックス中に / 切らしそう
1350,22:30,岡田 克彦,62,男,ITエンジニア,神奈川県,4430000,MUJI passport,食品,無印良品 不揃いバウム メープル 5袋,1390,1,夜のリラックス中に / おやつストック
450,07:30,高橋 拓海_869,50,男,フリーランス,東京都市部,8650000,Uniqlo online,アパレル,リネンブレンド オープンカラー シャツ 半袖 (オフホワイト L),3990,0,朝の準備中ふと / 週末カジュアル
790,13:10,高橋 拓海_869,50,男,フリーランス,東京都市部,8650000,BUYMA,アパレル,【正規品】POLO Ralph Lauren ケーブルニット 紺 M,28584,0,仕事の合間に / 安心のリピート
1095,18:15,高橋 拓海_869,50,男,フリーランス,東京都市部,8650000,Amazon,電子書籍,Kindle ハイキュー!! 文庫版 1-3巻セット,1980,0,夕食後にカートを処理 / 懐かしい
1100,18:20,高橋 拓海_869,50,男,フリーランス,東京都市部,8650000,honto,書籍,看護管理2025年4月号,2090,0,夕食後にカートを処理 / 仕事用
1130,18:50,高橋 拓海_869,50,男,フリーランス,東京都市部,8650000,MUJI passport,食品,無印良品 素材を生かしたカレー グリーン,350,0,夕食後にカートを処理 / 安心のリピート
1205,20:05,高橋 拓海_869,50,男,フリーランス,東京都市部,8650000,楽天市場,化粧品,ETUDE ティアアイライナー 限定色,1331,1,夜のリラックス中に / 安心のリピート
1345,22:25,佐々木 陽翔_870,64,男,公務員,東京都23区,2760000,honto,書籍,看護管理2025年4月号,2090,1,夜のリラックス中に / 仕事用
1390,23:10,佐々木 陽翔_870,64,男,公務員,東京都23区,2760000,MUJI passport,食品,無印良品 不揃いバウム メープル 5袋,1390,1,寝る前に思い立って / おやつストック
445,07:25,高橋 翼,55,男,販売員,茨城県,4030000,Uniqlo online,アパレル,エアリズム コットン クルーネックT 半袖 (ネイビー L),1290,0,朝の準備中ふと / 夏前リピート
1095,18:15,高橋 翼,55,男,販売員,茨城県,4030000,MUJI passport,アパレル,無印良品 オーガニックコットン Vネック 半袖T 白 M,1490,0,勤務中こっそり / 安心のリピート
1205,20:05,高橋 翼,55,男,販売員,茨城県,4030000,Amazon,書籍,ジェイソン流お金の増やし方,1430,0,夕食後にカートを処理 / 投資勉強
1230,20:30,高橋 翼,55,男,販売員,茨城県,4030000,Amazon,食品,KIRIN 自然が磨いた天然水 2L x 9本,1380,1,夜のリラックス中に / 備蓄
1295,21:35,高橋 翼,55,男,販売員,茨城県,4030000,MUJI passport,アパレル,無印良品 オーガニックコットン Vネック 半袖T 白 M,1490,1,夜のリラックス中に / 夏定番
525,08:45,渡辺 莉子_872,48,女,パート,千葉県,2040000,Amazon,日用品,Mr.CLEAN マジックリン キッチン用 400ml,358,0,勤務中こっそり / 切らしそう
740,12:20,渡辺 莉子_872,48,女,パート,千葉県,2040000,Amazon,日用品,Mr.CLEAN マジックリン キッチン用 400ml,338,0,勤務中こっそり / 切らしそう
1320,22:00,渡辺 莉子_872,48,女,パート,千葉県,2040000,MUJI passport,食品,無印良品 不揃いバウム メープル 5袋,1390,1,夜のリラックス中に / おやつストック
1330,22:10,渡辺 莉子_872,48,女,パート,千葉県,2040000,iHerb,化粧品,Burt's Bees リップ バーム ハニー,621,1,夜のリラックス中に / リピート
710,11:50,森 樹_873,69,男,退職,神奈川県,1660000,MUJI passport,日用品,無印良品 アロマオイル ラベンダー 10ml,1190,1,お昼のひと息に / リラックス
1190,19:50,森 樹_873,69,男,退職,神奈川県,1660000,honto,電子書籍,hontoポイント 1000円分,1000,0,夕食後にカートを処理 / 次回用ポイント購入
415,06:55,後藤 颯太_874,23,男,会社員,千葉県,1990000,iHerb,化粧品,Burt's Bees リップ バーム ハニー,511,0,朝の準備中ふと / 計画通り
915,15:15,後藤 颯太_874,23,男,会社員,千葉県,1990000,メルカリ,中古品,【動作確認済】Sony WH-1000XM4 黒 中古,21242,0,勤務中こっそり / 新品より安い
1085,18:05,後藤 颯太_874,23,男,会社員,千葉県,1990000,Uniqlo online,アパレル,ヒートテック クルーネックT 極暖 (グレー M),1990,1,通勤中ふと思い出して / 冬支度
1280,21:20,後藤 颯太_874,23,男,会社員,千葉県,1990000,Amazon,電化製品,ELECOM USB-C ハブ 7-in-1 4K HDMI,5630,1,夜のリラックス中に / 在宅環境
1150,19:10,鈴木 陽菜,60,女,販売員,東京都23区,2470000,楽天市場,食品,北海道産 ホタテ貝柱 1kg 訳あり,8421,0,夕食後にカートを処理 / ポイント10倍
1215,20:15,鈴木 陽菜,60,女,販売員,東京都23区,2470000,Uniqlo online,アパレル,感動パンツ ウルトラライト ストレッチ ストレート (ブラック 32inch),3990,0,夕食後にカートを処理 / 通勤新調
1160,19:20,前田 ハル,27,女,会社員,神奈川県,3960000,MUJI passport,日用品,無印良品 アロマオイル ラベンダー 10ml,1190,0,夕食後にカートを処理 / リラックス
1170,19:30,前田 ハル,27,女,会社員,神奈川県,3960000,ZOZOTOWN,シューズ,New Balance 327 グレー x ホワイト 24cm,12100,0,夕食後にカートを処理 / 安心のリピート
1255,20:55,前田 ハル,27,女,会社員,神奈川県,3960000,MUJI passport,日用品,無印良品 アロマオイル ラベンダー 10ml,1190,1,夜のリラックス中に / リラックス
1265,21:05,前田 ハル,27,女,会社員,神奈川県,3960000,Yodobashi.com,電化製品,シャープ プラズマクラスター イオン発生機 IG-NX15,18800,1,夜のリラックス中に / 安心のリピート
1295,21:35,前田 ハル,27,女,会社員,神奈川県,3960000,Amazon,電子書籍,Kindle ハイキュー!! 文庫版 1-3巻セット,1980,1,夜のリラックス中に / 懐かしい
1145,19:05,山口 杏_877,61,女,会社員,埼玉県,4830000,Yahoo!ショッピング,日用品,レノア 本格消臭 詰替 1320ml,1053,0,夕食後にカートを処理 / PayPayキャンペーン
1235,20:35,山口 杏_877,61,女,会社員,埼玉県,4830000,MUJI passport,家具,無印良品 やわらかフィットソファ 1人掛け 用 カバー,4990,1,夜のリラックス中に / 気分転換
1005,16:45,中村 義男_878,68,男,退職,群馬県,2170000,Uniqlo online,アパレル,ヒートテック クルーネックT 極暖 (グレー M),1990,1,午後のくつろぎ中に / 冬支度
1240,20:40,中村 義男_878,68,男,退職,群馬県,2170000,MUJI passport,日用品,無印良品 化粧水 敏感肌用 高保湿 200ml,690,1,TVショッピング見て / リピート
1095,18:15,橋本 智子_879,60,女,会社員,栃木県,6030000,Uniqlo online,アパレル,エアリズム コットン クルーネックT 半袖 (ネイビー L),1290,1,通勤中ふと思い出して / 夏前リピート
1210,20:10,橋本 智子_879,60,女,会社員,栃木県,6030000,iHerb,サプリ,California Gold ビタミンC 1000mg 240粒,1992,1,夜のリラックス中に / 安心のリピート
855,14:15,山崎 芽依_880,66,女,退職,神奈川県,1570000,MUJI passport,食品,無印良品 素材を生かしたカレー グリーン,350,1,午後のくつろぎ中に / 計画通り
1055,17:35,山崎 芽依_880,66,女,退職,神奈川県,1570000,iHerb,食品,California Gold ナッツミックス 907g,2650,1,午後のくつろぎ中に / 間食用
485,08:05,斎藤 結衣,42,女,主婦・主夫,神奈川県,1470000,iHerb,化粧品,Burt's Bees リップ バーム ハニー,642,0,朝の準備中ふと / 計画通り
920,15:20,斎藤 結衣,42,女,主婦・主夫,神奈川県,1470000,MUJI passport,食品,無印良品 不揃いバウム メープル 5袋,1390,0,子供の世話の合間に / おやつストック
465,07:45,佐々木 理恵,61,女,工場勤務,東京都23区,2090000,Amazon,食品,カルビー フルグラ 800g x 3,2841,0,朝の準備中ふと / 朝食まとめ
1160,19:20,佐々木 理恵,61,女,工場勤務,東京都23区,2090000,MUJI passport,家具,無印良品 体にフィットするソファ 用 カバー,5990,0,夕食後にカートを処理 / 汚れ補充
955,15:55,吉田 悠人,74,男,飲食店,神奈川県,2370000,MUJI passport,食品,無印良品 不揃いバウム メープル 5袋,1390,0,勤務中こっそり / おやつストック
1365,22:45,吉田 悠人,74,男,飲食店,神奈川県,2370000,Amazon,サブスク,Kindle Unlimited 3ヶ月分,2940,1,夜のリラックス中に / 読み放題
505,08:25,佐々木 湊,52,男,会社員,神奈川県,3720000,楽天市場,化粧品,ETUDE ティアアイライナー 限定色,1571,0,勤務中こっそり / 新作
670,11:10,佐々木 湊,52,男,会社員,神奈川県,3720000,楽天市場,食品,北海道産 ホタテ貝柱 1kg 訳あり,7867,0,勤務中こっそり / ポイント10倍
1155,19:15,佐々木 湊,52,男,会社員,神奈川県,3720000,MUJI passport,家具,無印良品 体にフィットするソファ 用 カバー,5990,0,夕食後にカートを処理 / 汚れ補充
1305,21:45,佐々木 湊,52,男,会社員,神奈川県,3720000,Yahoo!ショッピング,日用品,レノア 本格消臭 詰替 1320ml,1078,1,夜のリラックス中に / PayPayキャンペーン
1360,22:40,佐々木 湊,52,男,会社員,神奈川県,3720000,MUJI passport,日用品,無印良品 アロマオイル ラベンダー 10ml,1190,1,寝る前に思い立って / リラックス
460,07:40,中村 ハル,67,女,退職,東京都23区,2020000,Uniqlo online,アパレル,エアリズム コットン クルーネックT 半袖 (ネイビー L),1290,0,朝の準備中ふと / 夏前リピート
1015,16:55,中村 ハル,67,女,退職,東京都23区,2020000,楽天市場,食品,讃岐うどん 半生 太麺 1kg,1450,1,午後のくつろぎ中に / 在庫補充
1205,20:05,岡田 克彦_886,73,男,パート,東京都23区,1090000,Uniqlo online,アパレル,エアリズム コットン クルーネックT 半袖 (ネイビー L),1290,0,夕食後にカートを処理 / 夏前リピート
1220,20:20,岡田 克彦_886,73,男,パート,東京都23区,1090000,Uniqlo online,アパレル,感動パンツ ウルトラライト ストレッチ ストレート (ブラック 32inch),3990,0,夕食後にカートを処理 / 通勤新調
1175,19:35,岡田 綾,69,女,パート,東京都市部,2110000,honto,書籍,看護管理2025年4月号,2090,0,夕食後にカートを処理 / 仕事用
1255,20:55,岡田 綾,69,女,パート,東京都市部,2110000,honto,電子書籍,hontoポイント 1000円分,1000,1,夜のリラックス中に / 次回用ポイント購入
660,11:00,藤田 智子_888,20,女,大学生,埼玉県,800000,メルカリ,アパレル,【美品】UNIQLO x JW Anderson コラボ ニット L,4245,0,勉強の息抜きに / コラボ品再入手
695,11:35,藤田 智子_888,20,女,大学生,埼玉県,800000,メルカリ,ホビー,プラモデル HG ガンダムエアリアル 未組立,1966,0,勉強の息抜きに / 積みプラ追加
885,14:45,佐藤 健太,72,男,主婦・主夫,東京都23区,1670000,MUJI passport,家具,無印良品 体にフィットするソファ 用 カバー,5990,0,ランチ食べながら / 汚れ補充
1250,20:50,佐藤 健太,72,男,主婦・主夫,東京都23区,1670000,Amazon,電子書籍,Kindle 三体III 死神永生 上,1820,0,家族の話題から / 話題のSF
480,08:00,田中 樹,54,男,会社員,神奈川県,7270000,MUJI passport,アパレル,無印良品 オーガニックコットン Vネック 半袖T 白 M,1490,1,通勤中ふと思い出して / 夏定番
1220,20:20,田中 樹,54,男,会社員,神奈川県,7270000,楽天市場,日用品,コストコ カークランド トイレットペーパー 30ロール,4067,1,夜のリラックス中に / まとめ買いお得
1245,20:45,田中 樹,54,男,会社員,神奈川県,7270000,楽天市場,化粧品,資生堂 マキアージュ ドラマティック ジェリー BB,3405,1,夜のリラックス中に / ポイント祭
1285,21:25,田中 樹,54,男,会社員,神奈川県,7270000,Amazon,書籍,Kindle Paperwhite シグニチャー エディション,28980,1,夜のリラックス中に / 読書環境刷新
995,16:35,池田 正樹,77,男,退職,東京都23区,2430000,MUJI passport,家具,無印良品 ポリエステル 綿フランネル こたつ布団,9990,1,午後のくつろぎ中に / 冬支度
1080,18:00,池田 正樹,77,男,退職,東京都23区,2430000,Uniqlo online,アパレル,ヒートテック クルーネックT 極暖 (グレー M),1990,0,夕食後にカートを処理 / 冬支度
390,06:30,清水 陽翔,27,男,会社員,埼玉県,2540000,MUJI passport,アパレル,無印良品 オーガニックコットン Vネック 半袖T 白 M,1490,0,朝の準備中ふと / 夏定番
1305,21:45,清水 陽翔,27,男,会社員,埼玉県,2540000,楽天市場,日用品,コストコ カークランド トイレットペーパー 30ロール,4191,1,夜のリラックス中に / まとめ買いお得
1310,21:50,清水 陽翔,27,男,会社員,埼玉県,2540000,ZOZOTOWN,シューズ,New Balance 327 グレー x ホワイト 24cm,12100,1,夜のリラックス中に / 新色気になって
1335,22:15,清水 陽翔,27,男,会社員,埼玉県,2540000,ZOZOTOWN,シューズ,CONVERSE All Star OX 黒 25cm,6600,1,夜のリラックス中に / 定番補充
495,08:15,吉田 大翔,74,男,退職,神奈川県,1680000,Uniqlo online,アパレル,ヒートテック クルーネックT 極暖 (グレー M),1990,1,朝のゆっくり時間に / 冬支度
575,09:35,吉田 大翔,74,男,退職,神奈川県,1680000,メルカリ,ホビー,ポケモンカード SV6a スカーレットex 1BOX,7484,1,朝のゆっくり時間に / 再販分
1020,17:00,前田 樹,66,男,退職,神奈川県,4490000,Uniqlo online,アパレル,ヒートテック クルーネックT 極暖 (グレー M),1990,1,午後のくつろぎ中に / 冬支度
1095,18:15,前田 樹,66,男,退職,神奈川県,4490000,Amazon,書籍,世界一流エンジニアの思考法 (文春新書),990,0,夕食後にカートを処理 / 話題本
1105,18:25,森 達也,47,男,ITエンジニア,東京都23区,8410000,MUJI passport,アパレル,無印良品 縦横ストレッチ 細身パンツ 黒 32inch,3990,0,夕食後にカートを処理 / 通勤用
1120,18:40,森 達也,47,男,ITエンジニア,東京都23区,8410000,Amazon,食品,カゴメ 野菜一日これ一本 200ml x 24本,2634,0,夕食後にカートを処理 / 安心のリピート
1195,19:55,森 達也,47,男,ITエンジニア,東京都23区,8410000,Yahoo!ショッピング,日用品,除菌洗剤 業務用 4L,3050,1,夜のリラックス中に / PayPay祭
1220,20:20,森 達也,47,男,ITエンジニア,東京都23区,8410000,MUJI passport,食品,無印良品 不揃いバウム メープル 5袋,1390,1,夜のリラックス中に / おやつストック
1265,21:05,森 達也,47,男,ITエンジニア,東京都23区,8410000,Yahoo!ショッピング,日用品,レノア 本格消臭 詰替 1320ml,891,1,夜のリラックス中に / 安心のリピート
1270,21:10,森 達也,47,男,ITエンジニア,東京都23区,8410000,Amazon,コーヒー,猿田彦珈琲 大吉ブレンド ドリップバッグ 10個,2041,1,夜のリラックス中に / 気分転換
955,15:55,岡田 由美,79,女,退職,東京都23区,2730000,Amazon,食品,カゴメ 野菜一日これ一本 200ml x 24本,2761,1,午後のくつろぎ中に / 朝の野菜
1015,16:55,岡田 由美,79,女,退職,東京都23区,2730000,Uniqlo online,アパレル,感動パンツ ウルトラライト ストレッチ ストレート (ブラック 32inch),3990,1,午後のくつろぎ中に / 通勤新調
450,07:30,加藤 美穂_897,30,女,会社員,栃木県,4110000,MUJI passport,アパレル,無印良品 オーガニックコットン Vネック 半袖T 白 M,1490,1,通勤中ふと思い出して / 安心のリピート
565,09:25,加藤 美穂_897,30,女,会社員,栃木県,4110000,メルカリ,中古品,【動作確認済】Sony WH-1000XM4 黒 中古,19983,0,勤務中こっそり / 新品より安い
1020,17:00,加藤 美穂_897,30,女,会社員,栃木県,4110000,honto,電子書籍,hontoポイント 1000円分,1000,0,勤務中こっそり / 次回用ポイント購入
1185,19:45,加藤 美穂_897,30,女,会社員,栃木県,4110000,iHerb,化粧品,The Ordinary ナイアシンアミド 10% 30ml,1040,0,夕食後にカートを処理 / 安心のリピート
1380,23:00,加藤 美穂_897,30,女,会社員,栃木県,4110000,メルカリ,中古品,【動作確認済】Sony WH-1000XM4 黒 中古,19018,1,寝る前に思い立って / 新品より安い
460,07:40,橋本 葵_898,58,女,教員,茨城県,3360000,Yahoo!ショッピング,日用品,除菌洗剤 業務用 4L,3005,1,通勤中ふと思い出して / PayPay祭
490,08:10,橋本 葵_898,58,女,教員,茨城県,3360000,Amazon,サブスク,Kindle Unlimited 3ヶ月分,2940,1,通勤中ふと思い出して / 読み放題
650,10:50,橋本 葵_898,58,女,教員,茨城県,3360000,honto,書籍,THE THREE-BODY PROBLEM (English),2980,0,勤務中こっそり / 原書チャレンジ
660,11:00,橋本 葵_898,58,女,教員,茨城県,3360000,Yahoo!ショッピング,日用品,除菌洗剤 業務用 4L,3027,0,勤務中こっそり / PayPay祭
1315,21:55,橋本 葵_898,58,女,教員,茨城県,3360000,Yahoo!ショッピング,日用品,レノア 本格消臭 詰替 1320ml,1051,1,夜のリラックス中に / PayPayキャンペーン
1235,20:35,小林 由美_899,65,女,主婦・主夫,神奈川県,800000,MUJI passport,食品,無印良品 不揃いバウム メープル 5袋,1390,0,家族の話題から / おやつストック
1240,20:40,小林 由美_899,65,女,主婦・主夫,神奈川県,800000,Yahoo!ショッピング,日用品,レノア 本格消臭 詰替 1320ml,962,0,家族の話題から / PayPayキャンペーン
1165,19:25,清水 理恵,53,女,会社員,東京都23区,5750000,メルカリ,中古品,【動作確認済】Sony WH-1000XM4 黒 中古,22566,0,夕食後にカートを処理 / 新品より安い
1195,19:55,清水 理恵,53,女,会社員,東京都23区,5750000,MUJI passport,家具,無印良品 やわらかフィットソファ 1人掛け 用 カバー,4990,0,夕食後にカートを処理 / 気分転換
1205,20:05,清水 理恵,53,女,会社員,東京都23区,5750000,MUJI passport,家具,無印良品 やわらかフィットソファ 1人掛け 用 カバー,4990,1,夜のリラックス中に / 気分転換
1355,22:35,清水 理恵,53,女,会社員,東京都23区,5750000,MUJI passport,アパレル,無印良品 縦横ストレッチ 細身パンツ 黒 32inch,3990,1,寝る前に思い立って / 通勤用
1375,22:55,清水 理恵,53,女,会社員,東京都23区,5750000,Amazon,コーヒー,STARBUCKS ハウス ブレンド ホール 250g,1451,1,寝る前に思い立って / 切らした
475,07:55,山田 凛,79,女,工場勤務,東京都23区,2060000,MUJI passport,アパレル,無印良品 オーガニックコットン Vネック 半袖T 白 M,1490,0,朝の準備中ふと / 安心のリピート
1355,22:35,山田 凛,79,女,工場勤務,東京都23区,2060000,MUJI passport,日用品,無印良品 ポリプロピレン収納ケース 引出式M,1490,1,夜のリラックス中に / 計画通り
535,08:55,林 美咲_902,70,女,退職,東京都23区,2510000,Yahoo!ショッピング,日用品,除菌洗剤 業務用 4L,3032,1,朝のゆっくり時間に / PayPay祭
805,13:25,林 美咲_902,70,女,退職,東京都23区,2510000,Yahoo!ショッピング,日用品,除菌洗剤 業務用 4L,3279,1,お昼のひと息に / PayPay祭
1220,20:20,林 美咲_902,70,女,退職,東京都23区,2510000,Yahoo!ショッピング,日用品,レノア 本格消臭 詰替 1320ml,997,1,TVショッピング見て / PayPayキャンペーン
625,10:25,岡田 拓海_903,22,男,大学生,東京都23区,800000,SHEIN,雑貨,SHEIN スマホケース クリア iPhone15,402,0,勉強の息抜きに / 可愛いケース欲しい
750,12:30,岡田 拓海_903,22,男,大学生,東京都23区,800000,Uniqlo online,アパレル,感動パンツ ウルトラライト ストレッチ ストレート (ブラック 32inch),3990,0,勉強の息抜きに / 通勤新調
1175,19:35,石川 彩花_904,46,女,販売員,東京都23区,2680000,iHerb,食品,California Gold ナッツミックス 907g,2798,0,夕食後にカートを処理 / 間食用
1205,20:05,石川 彩花_904,46,女,販売員,東京都23区,2680000,Amazon,コーヒー,Blue Bottle Coffee ベラ ドノヴァン 200g,2098,0,夕食後にカートを処理 / リピート
1280,21:20,石川 彩花_904,46,女,販売員,東京都23区,2680000,Amazon,食品,KIRIN 自然が磨いた天然水 2L x 9本,1380,1,夜のリラックス中に / 備蓄
1315,21:55,石川 彩花_904,46,女,販売員,東京都23区,2680000,Yahoo!ショッピング,日用品,除菌洗剤 業務用 4L,3214,1,夜のリラックス中に / PayPay祭
470,07:50,井上 樹,54,男,会社員,茨城県,6390000,honto,書籍,夜は短し歩けよ乙女 (角川文庫),770,1,通勤中ふと思い出して / 再読
885,14:45,井上 樹,54,男,会社員,茨城県,6390000,Amazon,コーヒー,Blue Bottle Coffee ベラ ドノヴァン 200g,1971,0,勤務中こっそり / リピート
1180,19:40,井上 樹,54,男,会社員,茨城県,6390000,MUJI passport,食品,無印良品 素材を生かしたカレー グリーン,350,0,夕食後にカートを処理 / ストック補充
1250,20:50,井上 樹,54,男,会社員,茨城県,6390000,MUJI passport,食品,無印良品 不揃いバウム メープル 5袋,1390,1,夜のリラックス中に / おやつストック
1385,23:05,井上 樹,54,男,会社員,茨城県,6390000,MUJI passport,アパレル,無印良品 オーガニックコットン Vネック 半袖T 白 M,1490,1,寝る前に思い立って / 夏定番
1125,18:45,吉田 雅人_906,19,男,大学生,東京都23区,800000,楽天市場,化粧品,資生堂 マキアージュ ドラマティック ジェリー BB,3508,1,夜のリラックス中に / ポイント祭
1315,21:55,吉田 雅人_906,19,男,大学生,東京都23区,800000,Amazon,日用品,ファブリーズ 衣類消臭スプレー 370ml x 2,1088,1,Instagram で広告見て / 切らした
1155,19:15,山崎 彩_907,26,女,飲食店,東京都23区,2830000,Amazon,電子書籍,Kindle 三体III 死神永生 上,1820,0,夕食後にカートを処理 / 話題のSF
1200,20:00,山崎 彩_907,26,女,飲食店,東京都23区,2830000,MUJI passport,アパレル,無印良品 縦横ストレッチ 細身パンツ 黒 32inch,3990,0,夕食後にカートを処理 / 通勤用
1320,22:00,山崎 彩_907,26,女,飲食店,東京都23区,2830000,MUJI passport,アパレル,無印良品 オーガニックコットン Vネック 半袖T 白 M,1490,1,夜のリラックス中に / 夏定番
1325,22:05,山崎 彩_907,26,女,飲食店,東京都23区,2830000,Amazon,電子書籍,Kindle ハイキュー!! 文庫版 1-3巻セット,1980,1,夜のリラックス中に / 懐かしい
1015,16:55,伊藤 浩二_908,79,男,退職,千葉県,1650000,Uniqlo online,アパレル,ヒートテック クルーネックT 極暖 (グレー M),1990,1,午後のくつろぎ中に / 冬支度
855,14:15,林 葵,73,女,退職,神奈川県,1630000,Yahoo!ショッピング,日用品,レノア 本格消臭 詰替 1320ml,882,1,午後のくつろぎ中に / 安心のリピート
1155,19:15,林 葵,73,女,退職,神奈川県,1630000,MUJI passport,家具,無印良品 やわらかフィットソファ 1人掛け 用 カバー,4990,0,夕食後にカートを処理 / 気分転換
935,15:35,山本 美穂_910,20,女,大学生,神奈川県,800000,Uniqlo online,アパレル,感動パンツ ウルトラライト ストレッチ ストレート (ブラック 32inch),3990,0,勉強の息抜きに / 通勤新調
1140,19:00,山本 美穂_910,20,女,大学生,神奈川県,800000,ZOZOTOWN,アパレル,steven alan 別注 ボーダー T ホワイト x ネイビー,7700,0,夕食後にカートを処理 / ZOZO特集
495,08:15,山崎 樹,75,男,退職,茨城県,2270000,MUJI passport,家具,無印良品 やわらかフィットソファ 1人掛け 用 カバー,4990,1,朝のゆっくり時間に / 気分転換
560,09:20,山崎 樹,75,男,退職,茨城県,2270000,Yahoo!ショッピング,日用品,レノア 本格消臭 詰替 1320ml,916,1,朝のゆっくり時間に / PayPayキャンペーン
450,07:30,藤田 節子_912,27,女,会社員,埼玉県,5530000,楽天市場,食品,北海道産 ホタテ貝柱 1kg 訳あり,8413,1,通勤中ふと思い出して / 安心のリピート
470,07:50,藤田 節子_912,27,女,会社員,埼玉県,5530000,ZOZOTOWN,シューズ,New Balance 327 グレー x ホワイト 24cm,12100,1,通勤中ふと思い出して / 新色気になって
1120,18:40,藤田 節子_912,27,女,会社員,埼玉県,5530000,Uniqlo online,アパレル,リネンブレンド オープンカラー シャツ 半袖 (オフホワイト L),3990,1,通勤中ふと思い出して / 週末カジュアル
1180,19:40,藤田 節子_912,27,女,会社員,埼玉県,5530000,Yahoo!ショッピング,日用品,除菌洗剤 業務用 4L,3272,0,夕食後にカートを処理 / PayPay祭
1220,20:20,藤田 節子_912,27,女,会社員,埼玉県,5530000,MUJI passport,食品,無印良品 不揃いバウム メープル 5袋,1390,1,夜のリラックス中に / おやつストック
1305,21:45,藤田 節子_912,27,女,会社員,埼玉県,5530000,MUJI passport,日用品,無印良品 ポリプロピレン収納ケース 引出式M,1490,1,夜のリラックス中に / 安心のリピート
1165,19:25,藤田 誠,53,男,工場勤務,埼玉県,6360000,楽天市場,食品,北海道産 ホタテ貝柱 1kg 訳あり,7251,0,夕食後にカートを処理 / 計画通り
1185,19:45,藤田 誠,53,男,工場勤務,埼玉県,6360000,Amazon,電化製品,Anker 737 Power Bank 24000mAh 140W,21443,0,夕食後にカートを処理 / 計画通り
1295,21:35,藤田 誠,53,男,工場勤務,埼玉県,6360000,Yahoo!ショッピング,日用品,除菌洗剤 業務用 4L,3253,1,夜のリラックス中に / PayPay祭
1355,22:35,藤田 誠,53,男,工場勤務,埼玉県,6360000,楽天市場,食品,台湾カステラ 6個セット,2969,1,夜のリラックス中に / 話題スイーツ
1360,22:40,藤田 誠,53,男,工場勤務,埼玉県,6360000,Uniqlo online,アパレル,リネンブレンド オープンカラー シャツ 半袖 (オフホワイト L),3990,1,夜のリラックス中に / 週末カジュアル
1370,22:50,藤田 誠,53,男,工場勤務,埼玉県,6360000,Uniqlo online,アパレル,ヒートテック クルーネックT 極暖 (グレー M),1990,1,夜のリラックス中に / 計画通り
485,08:05,池田 雅人_914,30,男,ITエンジニア,神奈川県,8180000,Amazon,電化製品,Logicool MX Master 3S ワイヤレスマウス,15716,0,朝の準備中ふと / 新調
745,12:25,池田 雅人_914,30,男,ITエンジニア,神奈川県,8180000,楽天市場,食品,讃岐うどん 半生 太麺 1kg,1389,0,ランチ食べながら / 在庫補充
780,13:00,池田 雅人_914,30,男,ITエンジニア,神奈川県,8180000,iHerb,食品,California Gold ナッツミックス 907g,2608,0,仕事の合間に / 間食用
890,14:50,池田 雅人_914,30,男,ITエンジニア,神奈川県,8180000,MUJI passport,食品,無印良品 不揃いバウム メープル 5袋,1390,0,仕事の合間に / おやつストック
1130,18:50,池田 雅人_914,30,男,ITエンジニア,神奈川県,8180000,BUYMA,ブランド品,【関税送料込】Hermès Twilly スカーフ 復刻柄,24336,0,夕食後にカートを処理 / 安心のリピート
1320,22:00,池田 雅人_914,30,男,ITエンジニア,神奈川県,8180000,MUJI passport,食品,無印良品 不揃いバウム メープル 5袋,1390,1,夜のリラックス中に / おやつストック
1360,22:40,池田 雅人_914,30,男,ITエンジニア,神奈川県,8180000,MUJI passport,アパレル,無印良品 オーガニックコットン Vネック 半袖T 白 M,1490,1,夜のリラックス中に / 夏定番
1125,18:45,前田 貴志,41,男,会社員,神奈川県,10380000,honto,書籍,看護管理2025年4月号,2090,0,夕食後にカートを処理 / 仕事用
1245,20:45,前田 貴志,41,男,会社員,神奈川県,10380000,Amazon,電化製品,ELECOM USB-C ハブ 7-in-1 4K HDMI,5506,1,夜のリラックス中に / 在宅環境
1330,22:10,前田 貴志,41,男,会社員,神奈川県,10380000,BUYMA,アパレル,【関税送料込】MM6 Maison Margiela ジャパニーズバッグ S,39482,1,夜のリラックス中に / 海外限定色
1335,22:15,前田 貴志,41,男,会社員,神奈川県,10380000,Uniqlo online,アパレル,エアリズム コットン クルーネックT 半袖 (ネイビー L),1290,1,夜のリラックス中に / 夏前リピート
1385,23:05,前田 貴志,41,男,会社員,神奈川県,10380000,honto,電子書籍,hontoポイント 1000円分,1000,1,寝る前に思い立って / 次回用ポイント購入
1400,23:20,前田 貴志,41,男,会社員,神奈川県,10380000,メルカリ,アパレル,MUJI 90s ヴィンテージ チノパン 31inch,3645,1,寝る前に思い立って / 古着趣味
735,12:15,前田 健太,21,男,大学生,埼玉県,800000,Yodobashi.com,ゲーム,PS5 ソフト 「Final Fantasy XVII」,9680,0,勉強の息抜きに / シリーズ続編
795,13:15,前田 健太,21,男,大学生,埼玉県,800000,Amazon,サブスク,Kindle Unlimited 3ヶ月分,2940,0,勉強の息抜きに / 読み放題
1245,20:45,伊藤 翼_917,65,男,飲食店,東京都23区,3140000,Uniqlo online,アパレル,感動パンツ ウルトラライト ストレッチ ストレート (ブラック 32inch),3990,1,夜のリラックス中に / 通勤新調
1290,21:30,伊藤 翼_917,65,男,飲食店,東京都23区,3140000,MUJI passport,日用品,無印良品 ポリプロピレン収納ケース 引出式M,1490,1,夜のリラックス中に / 整理用
910,15:10,森 結衣,61,女,主婦・主夫,東京都市部,1160000,MUJI passport,アパレル,無印良品 縦横ストレッチ 細身パンツ 黒 32inch,3990,0,子供の世話の合間に / 通勤用
915,15:15,森 結衣,61,女,主婦・主夫,東京都市部,1160000,Amazon,日用品,LION クリニカ アドバンテージ ハミガキ 130g x 3,1011,0,子供の世話の合間に / まとめ買い
525,08:45,田中 拓海,39,男,パート,東京都23区,1290000,楽天市場,日用品,除菌できるウェットティッシュ 100枚 x 8パック,1505,0,勤務中こっそり / 安心のリピート
1230,20:30,田中 拓海,39,男,パート,東京都23区,1290000,MUJI passport,日用品,無印良品 アロマオイル ラベンダー 10ml,1190,1,夜のリラックス中に / 安心のリピート
360,06:00,鈴木 陽菜_920,42,女,主婦・主夫,埼玉県,2050000,Amazon,電子書籍,Kindle 進撃の巨人 最終34巻,538,0,朝の準備中ふと / シリーズ完結
535,08:55,鈴木 陽菜_920,42,女,主婦・主夫,埼玉県,2050000,Amazon,日用品,クイックル ワイパー 立体吸着 ウェット 32枚,978,0,家事中スマホで / リピート
1095,18:15,鈴木 陽菜_920,42,女,主婦・主夫,埼玉県,2050000,楽天市場,日用品,コストコ カークランド トイレットペーパー 30ロール,4166,0,夕食後にカートを処理 / まとめ買いお得
1185,19:45,鈴木 陽菜_920,42,女,主婦・主夫,埼玉県,2050000,Uniqlo online,アパレル,リネンブレンド オープンカラー シャツ 半袖 (オフホワイト L),3990,0,夕食後にカートを処理 / 安心のリピート
555,09:15,岡田 桜,71,女,退職,埼玉県,1080000,Yahoo!ショッピング,日用品,除菌洗剤 業務用 4L,2930,1,朝のゆっくり時間に / PayPay祭
1305,21:45,岡田 桜,71,女,退職,埼玉県,1080000,Uniqlo online,アパレル,感動パンツ ウルトラライト ストレッチ ストレート (ブラック 32inch),3990,1,TVショッピング見て / 通勤新調
745,12:25,佐藤 結衣_922,37,女,会社員,東京都23区,5190000,MUJI passport,アパレル,無印良品 縦横ストレッチ 細身パンツ 黒 32inch,3990,0,ランチ食べながら / 安心のリピート
775,12:55,佐藤 結衣_922,37,女,会社員,東京都23区,5190000,Uniqlo online,アパレル,エアリズム コットン クルーネックT 半袖 (ネイビー L),1290,0,ランチ食べながら / 夏前リピート
815,13:35,佐藤 結衣_922,37,女,会社員,東京都23区,5190000,Oisix,食品,Oisix おうちレストラン 旬の野菜セット,3980,0,勤務中こっそり / 週末まとめ
1060,17:40,佐藤 結衣_922,37,女,会社員,東京都23区,5190000,楽天市場,化粧品,資生堂 マキアージュ ドラマティック ジェリー BB,3341,0,勤務中こっそり / ポイント祭
1205,20:05,佐藤 結衣_922,37,女,会社員,東京都23区,5190000,Amazon,電化製品,Logicool MX Master 3S ワイヤレスマウス,15824,1,夜のリラックス中に / 新調
1305,21:45,佐藤 結衣_922,37,女,会社員,東京都23区,5190000,Oisix,食品,Oisix おうちレストラン 旬の野菜セット,3980,1,夜のリラックス中に / 週末まとめ
1245,20:45,佐藤 京子,19,女,大学生,東京都23区,800000,MUJI passport,アパレル,無印良品 オーガニックコットン Vネック 半袖T 白 M,1490,1,Instagram で広告見て / 夏定番
1275,21:15,佐藤 京子,19,女,大学生,東京都23区,800000,ZOZOTOWN,シューズ,CONVERSE All Star OX 黒 25cm,6600,1,Instagram で広告見て / 定番補充
795,13:15,林 悦子,22,女,パート,埼玉県,800000,メルカリ,中古品,【動作確認済】Sony WH-1000XM4 黒 中古,21223,0,ランチ食べながら / 新品より安い
1340,22:20,林 悦子,22,女,パート,埼玉県,800000,ZOZOTOWN,アパレル,steven alan 別注 ボーダー T ホワイト x ネイビー,7700,1,夜のリラックス中に / ZOZO特集
450,07:30,岡田 颯太,78,男,パート,神奈川県,3390000,honto,書籍,夜は短し歩けよ乙女 (角川文庫),770,0,朝の準備中ふと / 再読
1310,21:50,岡田 颯太,78,男,パート,神奈川県,3390000,MUJI passport,食品,無印良品 素材を生かしたカレー グリーン,350,1,夜のリラックス中に / ストック補充
815,13:35,佐藤 凛_926,29,女,公務員,千葉県,4040000,Uniqlo online,アパレル,リネンブレンド オープンカラー シャツ 半袖 (オフホワイト L),3990,0,勤務中こっそり / 週末カジュアル
840,14:00,佐藤 凛_926,29,女,公務員,千葉県,4040000,Uniqlo online,アパレル,感動パンツ ウルトラライト ストレッチ ストレート (ブラック 32inch),3990,0,勤務中こっそり / 通勤新調
950,15:50,佐藤 凛_926,29,女,公務員,千葉県,4040000,ZOZOTOWN,アパレル,nano universe テーパード パンツ 9号,11000,0,勤務中こっそり / オフィス用
1095,18:15,佐藤 凛_926,29,女,公務員,千葉県,4040000,iHerb,化粧品,The Ordinary ナイアシンアミド 10% 30ml,1120,1,通勤中ふと思い出して / 話題のスキンケア
1365,22:45,佐藤 凛_926,29,女,公務員,千葉県,4040000,Uniqlo online,アパレル,リネンブレンド オープンカラー シャツ 半袖 (オフホワイト L),3990,1,寝る前に思い立って / 週末カジュアル
700,11:40,石川 節子_927,39,女,会社員,神奈川県,4160000,MUJI passport,日用品,無印良品 ポリプロピレン収納ケース 引出式M,1490,0,勤務中こっそり / 整理用
795,13:15,石川 節子_927,39,女,会社員,神奈川県,4160000,Amazon,電子書籍,Kindle 進撃の巨人 最終34巻,538,0,勤務中こっそり / シリーズ完結
1195,19:55,石川 節子_927,39,女,会社員,神奈川県,4160000,楽天市場,日用品,コストコ カークランド トイレットペーパー 30ロール,3593,0,夕食後にカートを処理 / 安心のリピート
1310,21:50,石川 節子_927,39,女,会社員,神奈川県,4160000,楽天市場,日用品,コストコ カークランド トイレットペーパー 30ロール,3841,1,夜のリラックス中に / まとめ買いお得
1395,23:15,石川 節子_927,39,女,会社員,神奈川県,4160000,Amazon,電子書籍,Kindle 進撃の巨人 最終34巻,538,1,寝る前に思い立って / シリーズ完結
480,08:00,長谷川 智子_928,74,女,工場勤務,神奈川県,3540000,iHerb,サプリ,Solgar 鉄分 25mg 90粒,1519,0,朝の準備中ふと / 貧血対策
485,08:05,長谷川 智子_928,74,女,工場勤務,神奈川県,3540000,Amazon,サブスク,Kindle Unlimited 3ヶ月分,2940,0,朝の準備中ふと / 読み放題
835,13:55,斎藤 陽菜,30,女,飲食店,東京都23区,3590000,ZOZOTOWN,アパレル,SLY オーバーサイズ スウェット M ベージュ,8800,0,ランチ食べながら / 韓国っぽい
1180,19:40,斎藤 陽菜,30,女,飲食店,東京都23区,3590000,MUJI passport,食品,無印良品 不揃いバウム メープル 5袋,1390,0,夕食後にカートを処理 / おやつストック
1210,20:10,斎藤 陽菜,30,女,飲食店,東京都23区,3590000,ZOZOTOWN,アパレル,SLY オーバーサイズ スウェット M ベージュ,8800,0,夕食後にカートを処理 / 韓国っぽい
1280,21:20,斎藤 陽菜,30,女,飲食店,東京都23区,3590000,メルカリ,中古品,【動作確認済】Sony WH-1000XM4 黒 中古,22677,1,夜のリラックス中に / 新品より安い
1290,21:30,斎藤 陽菜,30,女,飲食店,東京都23区,3590000,楽天市場,日用品,コストコ カークランド トイレットペーパー 30ロール,3868,1,夜のリラックス中に / まとめ買いお得
405,06:45,渡辺 貴志_930,32,男,会社員,神奈川県,6680000,MUJI passport,食品,無印良品 不揃いバウム メープル 5袋,1390,0,朝の準備中ふと / 安心のリピート
1160,19:20,渡辺 貴志_930,32,男,会社員,神奈川県,6680000,Yodobashi.com,電化製品,シャープ プラズマクラスター イオン発生機 IG-NX15,18800,0,夕食後にカートを処理 / 花粉対策
1170,19:30,渡辺 貴志_930,32,男,会社員,神奈川県,6680000,Yodobashi.com,ゲーム,PS5 ソフト 「Final Fantasy XVII」,9680,0,夕食後にカートを処理 / シリーズ続編
1280,21:20,渡辺 貴志_930,32,男,会社員,神奈川県,6680000,ZOZOTOWN,シューズ,CONVERSE All Star OX 黒 25cm,6600,1,夜のリラックス中に / 定番補充
1325,22:05,渡辺 貴志_930,32,男,会社員,神奈川県,6680000,ZOZOTOWN,アパレル,steven alan 別注 ボーダー T ホワイト x ネイビー,7700,1,夜のリラックス中に / ZOZO特集
1345,22:25,渡辺 貴志_930,32,男,会社員,神奈川県,6680000,MUJI passport,食品,無印良品 素材を生かしたカレー グリーン,350,1,夜のリラックス中に / ストック補充
430,07:10,山崎 結衣,43,女,教員,東京都市部,8970000,MUJI passport,家具,無印良品 ポリエステル 綿フランネル こたつ布団,9990,0,朝の準備中ふと / 冬支度
720,12:00,山崎 結衣,43,女,教員,東京都市部,8970000,楽天市場,化粧品,資生堂 マキアージュ ドラマティック ジェリー BB,3730,0,ランチ食べながら / ポイント祭
1145,19:05,山崎 結衣,43,女,教員,東京都市部,8970000,Uniqlo online,アパレル,感動パンツ ウルトラライト ストレッチ ストレート (ブラック 32inch),3990,0,夕食後にカートを処理 / 通勤新調
1170,19:30,山崎 結衣,43,女,教員,東京都市部,8970000,iHerb,食品,California Gold ナッツミックス 907g,2693,0,夕食後にカートを処理 / 安心のリピート
1375,22:55,山崎 結衣,43,女,教員,東京都市部,8970000,メルカリ,アパレル,MUJI 90s ヴィンテージ チノパン 31inch,2812,1,寝る前に思い立って / 安心のリピート
1380,23:00,山崎 結衣,43,女,教員,東京都市部,8970000,Amazon,電子書籍,Kindle 三体III 死神永生 上,1820,1,寝る前に思い立って / 話題のSF
725,12:05,林 彩花_932,71,女,主婦・主夫,千葉県,1700000,honto,電子書籍,hontoポイント 1000円分,1000,0,用事の合間に / 安心のリピート
1140,19:00,林 彩花_932,71,女,主婦・主夫,千葉県,1700000,Yahoo!ショッピング,日用品,レノア 本格消臭 詰替 1320ml,975,0,夕食後にカートを処理 / PayPayキャンペーン
1330,22:10,林 彩花_932,71,女,主婦・主夫,千葉県,1700000,楽天市場,食品,台湾カステラ 6個セット,2600,0,家族の話題から / 話題スイーツ
1125,18:45,高橋 克彦,56,男,パート,神奈川県,1190000,メルカリ,アパレル,MUJI 90s ヴィンテージ チノパン 31inch,3868,0,勤務中こっそり / 古着趣味
1155,19:15,高橋 克彦,56,男,パート,神奈川県,1190000,MUJI passport,食品,無印良品 素材を生かしたカレー グリーン,350,0,夕食後にカートを処理 / 安心のリピート
520,08:40,井上 誠,67,男,退職,埼玉県,1750000,Amazon,電化製品,Anker PowerLine III USB-C ケーブル 1.8m,1290,1,朝のゆっくり時間に / ケーブル断線
570,09:30,井上 誠,67,男,退職,埼玉県,1750000,Yahoo!ショッピング,日用品,レノア 本格消臭 詰替 1320ml,1009,1,朝のゆっくり時間に / PayPayキャンペーン
720,12:00,佐々木 正樹_935,64,男,会社員,東京都23区,2080000,Amazon,書籍,世界一流エンジニアの思考法 (文春新書),990,0,ランチ食べながら / 話題本
1215,20:15,佐々木 正樹_935,64,男,会社員,東京都23区,2080000,Amazon,日用品,LION クリニカ アドバンテージ ハミガキ 130g x 3,1003,1,夜のリラックス中に / まとめ買い
1090,18:10,木村 結衣_936,56,女,会社員,茨城県,6050000,MUJI passport,家具,無印良品 やわらかフィットソファ 1人掛け 用 カバー,4990,1,通勤中ふと思い出して / 気分転換
1095,18:15,木村 結衣_936,56,女,会社員,茨城県,6050000,Uniqlo online,アパレル,ヒートテック クルーネックT 極暖 (グレー M),1990,1,通勤中ふと思い出して / 冬支度
1205,20:05,木村 結衣_936,56,女,会社員,茨城県,6050000,Amazon,コーヒー,STARBUCKS ハウス ブレンド ホール 250g,1442,1,夜のリラックス中に / 切らした
1255,20:55,木村 結衣_936,56,女,会社員,茨城県,6050000,Amazon,日用品,アタック ZERO 抗菌プラス 詰替 720g,427,1,夜のリラックス中に / ストック切れ
1295,21:35,木村 結衣_936,56,女,会社員,茨城県,6050000,Uniqlo online,アパレル,リネンブレンド オープンカラー シャツ 半袖 (オフホワイト L),3990,1,夜のリラックス中に / 週末カジュアル
390,06:30,佐藤 颯太,24,男,会社員,東京都23区,3700000,Amazon,コーヒー,UCC ザ ブレンド 114 レギュラーコーヒー 360g x 6,4864,0,朝の準備中ふと / 在宅用ストック
1115,18:35,佐藤 颯太,24,男,会社員,東京都23区,3700000,MUJI passport,アパレル,無印良品 縦横ストレッチ 細身パンツ 黒 32inch,3990,1,通勤中ふと思い出して / 通勤用
1180,19:40,佐藤 颯太,24,男,会社員,東京都23区,3700000,iHerb,食品,California Gold ナッツミックス 907g,2562,0,夕食後にカートを処理 / 間食用
1210,20:10,佐藤 颯太,24,男,会社員,東京都23区,3700000,Yahoo!ショッピング,日用品,除菌洗剤 業務用 4L,3208,1,夜のリラックス中に / PayPay祭
1335,22:15,佐藤 颯太,24,男,会社員,東京都23区,3700000,MUJI passport,アパレル,無印良品 オーガニックコットン Vネック 半袖T 白 M,1490,1,夜のリラックス中に / 夏定番
835,13:55,清水 克彦_938,36,男,工場勤務,群馬県,4790000,MUJI passport,アパレル,無印良品 縦横ストレッチ 細身パンツ 黒 32inch,3990,0,ランチ食べながら / 安心のリピート
945,15:45,清水 克彦_938,36,男,工場勤務,群馬県,4790000,MUJI passport,アパレル,無印良品 縦横ストレッチ 細身パンツ 黒 32inch,3990,0,勤務中こっそり / 通勤用
1155,19:15,清水 克彦_938,36,男,工場勤務,群馬県,4790000,Amazon,食品,カルビー フルグラ 800g x 3,2622,0,夕食後にカートを処理 / 朝食まとめ
1205,20:05,清水 克彦_938,36,男,工場勤務,群馬県,4790000,MUJI passport,日用品,無印良品 化粧水 敏感肌用 高保湿 200ml,690,0,夕食後にカートを処理 / 安心のリピート
1305,21:45,清水 克彦_938,36,男,工場勤務,群馬県,4790000,Amazon,サブスク,Amazon Prime 年会費 (1年),5900,1,夜のリラックス中に / 年次自動更新
460,07:40,渡辺 智子,25,女,販売員,東京都23区,2030000,MUJI passport,日用品,無印良品 化粧水 敏感肌用 高保湿 200ml,690,0,朝の準備中ふと / リピート
1140,19:00,渡辺 智子,25,女,販売員,東京都23区,2030000,ZOZOTOWN,アパレル,SLY オーバーサイズ スウェット M ベージュ,8800,0,夕食後にカートを処理 / 韓国っぽい
1295,21:35,渡辺 智子,25,女,販売員,東京都23区,2030000,楽天市場,食品,台湾カステラ 6個セット,2574,1,夜のリラックス中に / 話題スイーツ
1335,22:15,渡辺 智子,25,女,販売員,東京都23区,2030000,Uniqlo online,アパレル,ヒートテック クルーネックT 極暖 (グレー M),1990,1,夜のリラックス中に / 冬支度
1160,19:20,長谷川 結衣,58,女,会社員,東京都23区,5130000,Uniqlo online,アパレル,感動パンツ ウルトラライト ストレッチ ストレート (ブラック 32inch),3990,0,夕食後にカートを処理 / 通勤新調
1175,19:35,長谷川 結衣,58,女,会社員,東京都23区,5130000,Uniqlo online,アパレル,ヒートテック クルーネックT 極暖 (グレー M),1990,0,夕食後にカートを処理 / 冬支度
1380,23:00,長谷川 結衣,58,女,会社員,東京都23区,5130000,Amazon,電化製品,ELECOM USB-C ハブ 7-in-1 4K HDMI,5324,1,寝る前に思い立って / 在宅環境
1400,23:20,長谷川 結衣,58,女,会社員,東京都23区,5130000,MUJI passport,家具,無印良品 ポリエステル 綿フランネル こたつ布団,9990,1,寝る前に思い立って / 冬支度
1115,18:35,石川 貴志_941,63,男,公務員,神奈川県,4860000,Amazon,書籍,世界一流エンジニアの思考法 (文春新書),990,1,通勤中ふと思い出して / 話題本
1260,21:00,石川 貴志_941,63,男,公務員,神奈川県,4860000,Amazon,サブスク,Kindle Unlimited 3ヶ月分,2940,1,夜のリラックス中に / 読み放題
845,14:05,後藤 浩二_942,65,男,主婦・主夫,東京都23区,1820000,MUJI passport,家具,無印良品 やわらかフィットソファ 1人掛け 用 カバー,4990,0,ランチ食べながら / 安心のリピート
1090,18:10,後藤 浩二_942,65,男,主婦・主夫,東京都23区,1820000,Uniqlo online,アパレル,リネンブレンド オープンカラー シャツ 半袖 (オフホワイト L),3990,0,夕食後にカートを処理 / 安心のリピート
995,16:35,森 正樹,30,男,会社員,群馬県,6430000,iHerb,食品,California Gold ナッツミックス 907g,2593,0,勤務中こっそり / 間食用
1145,19:05,森 正樹,30,男,会社員,群馬県,6430000,ZOZOTOWN,アパレル,BEAMS HEART リネン ジャケット 7号,14300,0,夕食後にカートを処理 / 安心のリピート
1155,19:15,森 正樹,30,男,会社員,群馬県,6430000,ZOZOTOWN,アパレル,nano universe テーパード パンツ 9号,11000,0,夕食後にカートを処理 / オフィス用
1185,19:45,森 正樹,30,男,会社員,群馬県,6430000,Amazon,日用品,ピジョン 親子で使える泡シャンプー 詰替 350ml,744,0,夕食後にカートを処理 / 安心のリピート
1260,21:00,森 正樹,30,男,会社員,群馬県,6430000,honto,電子書籍,hontoポイント 1000円分,1000,1,夜のリラックス中に / 次回用ポイント購入
1270,21:10,森 正樹,30,男,会社員,群馬県,6430000,Uniqlo online,アパレル,感動パンツ ウルトラライト ストレッチ ストレート (ブラック 32inch),3990,1,夜のリラックス中に / 通勤新調
455,07:35,藤田 雅人,41,男,会社員,東京都市部,6940000,honto,書籍,夜は短し歩けよ乙女 (角川文庫),770,1,通勤中ふと思い出して / 再読
870,14:30,藤田 雅人,41,男,会社員,東京都市部,6940000,honto,書籍,看護管理2025年4月号,2090,0,勤務中こっそり / 仕事用
1095,18:15,藤田 雅人,41,男,会社員,東京都市部,6940000,Uniqlo online,アパレル,ヒートテック クルーネックT 極暖 (グレー M),1990,1,通勤中ふと思い出して / 冬支度
1240,20:40,藤田 雅人,41,男,会社員,東京都市部,6940000,Amazon,日用品,ファブリーズ 衣類消臭スプレー 370ml x 2,1051,1,夜のリラックス中に / 切らした
1400,23:20,藤田 雅人,41,男,会社員,東京都市部,6940000,MUJI passport,食品,無印良品 素材を生かしたカレー グリーン,350,1,寝る前に思い立って / ストック補充
490,08:10,中村 蓮,31,男,ITエンジニア,神奈川県,8660000,ZOZOTOWN,シューズ,New Balance 327 グレー x ホワイト 24cm,12100,0,朝の準備中ふと / 安心のリピート
700,11:40,中村 蓮,31,男,ITエンジニア,神奈川県,8660000,Apple,電化製品,MagSafe充電器 (1m),5980,0,仕事の合間に / 安心のリピート
745,12:25,中村 蓮,31,男,ITエンジニア,神奈川県,8660000,楽天市場,食品,台湾カステラ 6個セット,2816,0,ランチ食べながら / 話題スイーツ
870,14:30,中村 蓮,31,男,ITエンジニア,神奈川県,8660000,iHerb,食品,California Gold ナッツミックス 907g,2714,0,仕事の合間に / 間食用
875,14:35,中村 蓮,31,男,ITエンジニア,神奈川県,8660000,メルカリ,ホビー,【美品】鬼滅の刃 全巻セット 1-23巻,10158,0,仕事の合間に / 一気読み用
1185,19:45,中村 蓮,31,男,ITエンジニア,神奈川県,8660000,BUYMA,ブランド品,【関税送料込】Hermès Twilly スカーフ 復刻柄,26335,1,夜のリラックス中に / ギフト用
1190,19:50,中村 蓮,31,男,ITエンジニア,神奈川県,8660000,iHerb,化粧品,CeraVe フェイシャル モイスチャライザー 89ml,2408,1,夜のリラックス中に / 安心のリピート
480,08:00,田中 彩,53,女,看護師,茨城県,5600000,Amazon,サブスク,Kindle Unlimited 3ヶ月分,2940,1,通勤中ふと思い出して / 読み放題
525,08:45,田中 彩,53,女,看護師,茨城県,5600000,Yahoo!ショッピング,日用品,レノア 本格消臭 詰替 1320ml,1027,0,勤務中こっそり / PayPayキャンペーン
1165,19:25,田中 彩,53,女,看護師,茨城県,5600000,Yahoo!ショッピング,日用品,除菌洗剤 業務用 4L,3112,0,夕食後にカートを処理 / PayPay祭
1175,19:35,田中 彩,53,女,看護師,茨城県,5600000,honto,書籍,THE THREE-BODY PROBLEM (English),2980,0,夕食後にカートを処理 / 原書チャレンジ
1265,21:05,田中 彩,53,女,看護師,茨城県,5600000,Uniqlo online,アパレル,ヒートテック クルーネックT 極暖 (グレー M),1990,1,夜のリラックス中に / 冬支度
1115,18:35,斎藤 翼_947,28,男,会社員,千葉県,2020000,Amazon,電化製品,Anker PowerLine III USB-C ケーブル 1.8m,1290,1,通勤中ふと思い出して / ケーブル断線
1160,19:20,斎藤 翼_947,28,男,会社員,千葉県,2020000,Uniqlo online,アパレル,エアリズム コットン クルーネックT 半袖 (ネイビー L),1290,0,夕食後にカートを処理 / 夏前リピート
1350,22:30,斎藤 翼_947,28,男,会社員,千葉県,2020000,Uniqlo online,アパレル,リネンブレンド オープンカラー シャツ 半袖 (オフホワイト L),3990,1,寝る前に思い立って / 週末カジュアル
1365,22:45,斎藤 翼_947,28,男,会社員,千葉県,2020000,楽天市場,日用品,コストコ カークランド トイレットペーパー 30ロール,3880,1,寝る前に思い立って / まとめ買いお得
820,13:40,渡辺 蓮,59,男,会社員,千葉県,4640000,Amazon,書籍,成瀬は天下を取りに行く (新潮社),1705,0,勤務中こっそり / 本屋大賞
1160,19:20,渡辺 蓮,59,男,会社員,千葉県,4640000,Uniqlo online,アパレル,ヒートテック クルーネックT 極暖 (グレー M),1990,0,夕食後にカートを処理 / 安心のリピート
1250,20:50,渡辺 蓮,59,男,会社員,千葉県,4640000,Yahoo!ショッピング,日用品,除菌洗剤 業務用 4L,2725,1,夜のリラックス中に / PayPay祭
1395,23:15,渡辺 蓮,59,男,会社員,千葉県,4640000,Amazon,書籍,達人プログラマー 第2版 (オーム社),3520,1,寝る前に思い立って / 計画通り
465,07:45,加藤 凛_949,63,女,ITエンジニア,東京都23区,8230000,メルカリ,本,【美品】コンサル一年目が学ぶこと,822,0,朝の準備中ふと / 後輩から推薦
1235,20:35,加藤 凛_949,63,女,ITエンジニア,東京都23区,8230000,Amazon,電子書籍,Kindle 進撃の巨人 最終34巻,538,1,夜のリラックス中に / 安心のリピート
1180,19:40,渡辺 翔,52,男,工場勤務,東京都23区,3800000,Uniqlo online,アパレル,リネンブレンド オープンカラー シャツ 半袖 (オフホワイト L),3990,0,夕食後にカートを処理 / 安心のリピート
1210,20:10,渡辺 翔,52,男,工場勤務,東京都23区,3800000,Uniqlo online,アパレル,ヒートテック クルーネックT 極暖 (グレー M),1990,0,夕食後にカートを処理 / 安心のリピート
1320,22:00,渡辺 翔,52,男,工場勤務,東京都23区,3800000,MUJI passport,家具,無印良品 体にフィットするソファ 用 カバー,5990,1,夜のリラックス中に / 計画通り
585,09:45,森 心春_951,34,女,看護師,神奈川県,2400000,Uniqlo online,アパレル,リネンブレンド オープンカラー シャツ 半袖 (オフホワイト L),3990,0,勤務中こっそり / 週末カジュアル
795,13:15,森 心春_951,34,女,看護師,神奈川県,2400000,MUJI passport,アパレル,無印良品 オーガニックコットン Vネック 半袖T 白 M,1490,0,勤務中こっそり / 夏定番
1105,18:25,森 心春_951,34,女,看護師,神奈川県,2400000,Uniqlo online,アパレル,ヒートテック クルーネックT 極暖 (グレー M),1990,1,通勤中ふと思い出して / 冬支度
1160,19:20,森 心春_951,34,女,看護師,神奈川県,2400000,Yahoo!ショッピング,日用品,レノア 本格消臭 詰替 1320ml,912,0,夕食後にカートを処理 / PayPayキャンペーン
1130,18:50,岡田 由美_952,32,女,主婦・主夫,東京都23区,1470000,ZOZOTOWN,アパレル,SLY オーバーサイズ スウェット M ベージュ,8800,0,夕食後にカートを処理 / 韓国っぽい
1240,20:40,岡田 由美_952,32,女,主婦・主夫,東京都23区,1470000,MUJI passport,日用品,無印良品 アロマオイル ラベンダー 10ml,1190,0,家族の話題から / リラックス
490,08:10,渡辺 結衣,21,女,パート,神奈川県,800000,Amazon,電化製品,Anker PowerLine III USB-C ケーブル 1.8m,1290,0,朝の準備中ふと / 安心のリピート
1285,21:25,渡辺 結衣,21,女,パート,神奈川県,800000,楽天市場,化粧品,KOSE 雪肌精 化粧水 200ml,2974,1,夜のリラックス中に / リピート
1135,18:55,伊藤 結愛,61,女,会社員,茨城県,5750000,Apple,電化製品,MagSafe充電器 (1m),5980,0,夕食後にカートを処理 / 正規品で揃える
1375,22:55,伊藤 結愛,61,女,会社員,茨城県,5750000,Apple,サブスク,Apple One 個人プラン 1ヶ月,1200,1,寝る前に思い立って / 自動更新
990,16:30,前田 節子,19,女,パート,群馬県,1020000,ZOZOTOWN,アパレル,SLY オーバーサイズ スウェット M ベージュ,8800,0,勤務中こっそり / 韓国っぽい
1310,21:50,前田 節子,19,女,パート,群馬県,1020000,Uniqlo online,アパレル,リネンブレンド オープンカラー シャツ 半袖 (オフホワイト L),3990,1,夜のリラックス中に / 週末カジュアル
430,07:10,岡田 由美_956,21,女,パート,千葉県,800000,SHEIN,アパレル,SHEIN リブニットトップ ピンク Sサイズ,1016,0,朝の準備中ふと / 計画通り
1125,18:45,岡田 由美_956,21,女,パート,千葉県,800000,Amazon,電子書籍,Kindle 三体III 死神永生 上,1820,0,勤務中こっそり / 話題のSF
470,07:50,佐々木 由美,41,女,主婦・主夫,神奈川県,3170000,Uniqlo online,アパレル,ヒートテック クルーネックT 極暖 (グレー M),1990,0,朝の準備中ふと / 冬支度
645,10:45,佐々木 由美,41,女,主婦・主夫,神奈川県,3170000,Oisix,食品,Oisix おうちレストラン 旬の野菜セット,3980,0,家事中スマホで / 週末まとめ
695,11:35,佐々木 由美,41,女,主婦・主夫,神奈川県,3170000,メルカリ,ホビー,ポケモンカード SV6a スカーレットex 1BOX,8565,0,用事の合間に / 再販分
1215,20:15,佐々木 由美,41,女,主婦・主夫,神奈川県,3170000,楽天市場,化粧品,KOSE 雪肌精 化粧水 200ml,3231,0,家族の話題から / リピート
1290,21:30,佐々木 由美,41,女,主婦・主夫,神奈川県,3170000,MUJI passport,家具,無印良品 体にフィットするソファ 用 カバー,5990,0,家族の話題から / 汚れ補充
430,07:10,山田 雅人_958,29,男,販売員,群馬県,3320000,iHerb,化粧品,CeraVe フェイシャル モイスチャライザー 89ml,2290,0,朝の準備中ふと / 海外定番
540,09:00,山田 雅人_958,29,男,販売員,群馬県,3320000,Uniqlo online,アパレル,リネンブレンド オープンカラー シャツ 半袖 (オフホワイト L),3990,0,勤務中こっそり / 週末カジュアル
835,13:55,山田 雅人_958,29,男,販売員,群馬県,3320000,Amazon,日用品,ファブリーズ 衣類消臭スプレー 370ml x 2,1041,0,ランチ食べながら / 計画通り
945,15:45,山田 雅人_958,29,男,販売員,群馬県,3320000,ZOZOTOWN,シューズ,CONVERSE All Star OX 黒 25cm,6600,0,勤務中こっそり / 計画通り
1340,22:20,山田 雅人_958,29,男,販売員,群馬県,3320000,Amazon,電子書籍,Kindle ハイキュー!! 文庫版 1-3巻セット,1980,1,夜のリラックス中に / 懐かしい
485,08:05,後藤 智也_959,41,男,会社員,埼玉県,6380000,Yahoo!ショッピング,日用品,除菌洗剤 業務用 4L,3005,1,通勤中ふと思い出して / PayPay祭
590,09:50,後藤 智也_959,41,男,会社員,埼玉県,6380000,honto,電子書籍,hontoポイント 1000円分,1000,0,勤務中こっそり / 次回用ポイント購入
760,12:40,後藤 智也_959,41,男,会社員,埼玉県,6380000,MUJI passport,食品,無印良品 不揃いバウム メープル 5袋,1390,0,ランチ食べながら / おやつストック
980,16:20,後藤 智也_959,41,男,会社員,埼玉県,6380000,MUJI passport,日用品,無印良品 アロマオイル ラベンダー 10ml,1190,0,勤務中こっそり / リラックス
1120,18:40,後藤 智也_959,41,男,会社員,埼玉県,6380000,メルカリ,中古品,【動作確認済】Sony WH-1000XM4 黒 中古,19498,1,通勤中ふと思い出して / 新品より安い
625,10:25,加藤 大翔,72,男,飲食店,群馬県,2710000,楽天市場,日用品,除菌できるウェットティッシュ 100枚 x 8パック,1695,0,勤務中こっそり / ポイント10倍
1160,19:20,加藤 大翔,72,男,飲食店,群馬県,2710000,楽天市場,化粧品,資生堂 マキアージュ ドラマティック ジェリー BB,3501,0,夕食後にカートを処理 / 計画通り
470,07:50,中村 拓海,36,男,会社員,東京都市部,8990000,MUJI passport,家具,無印良品 体にフィットするソファ 用 カバー,5990,1,通勤中ふと思い出して / 汚れ補充
690,11:30,中村 拓海,36,男,会社員,東京都市部,8990000,Yahoo!ショッピング,日用品,除菌洗剤 業務用 4L,3126,0,勤務中こっそり / PayPay祭
1100,18:20,中村 拓海,36,男,会社員,東京都市部,8990000,Apple,電化製品,AirPods Pro (第2世代 USB-C),39800,1,通勤中ふと思い出して / 前のが壊れた
1150,19:10,中村 拓海,36,男,会社員,東京都市部,8990000,Uniqlo online,アパレル,エアリズム コットン クルーネックT 半袖 (ネイビー L),1290,0,夕食後にカートを処理 / 安心のリピート
1165,19:25,中村 拓海,36,男,会社員,東京都市部,8990000,MUJI passport,アパレル,無印良品 オーガニックコットン Vネック 半袖T 白 M,1490,0,夕食後にカートを処理 / 夏定番
1180,19:40,中村 拓海,36,男,会社員,東京都市部,8990000,Amazon,電化製品,ELECOM USB-C ハブ 7-in-1 4K HDMI,5286,0,夕食後にカートを処理 / 安心のリピート
1355,22:35,中村 拓海,36,男,会社員,東京都市部,8990000,Amazon,食品,KIRIN 自然が磨いた天然水 2L x 9本,1380,1,寝る前に思い立って / 備蓄
1405,23:25,中村 拓海,36,男,会社員,東京都市部,8990000,honto,電子書籍,hontoポイント 1000円分,1000,1,寝る前に思い立って / 次回用ポイント購入
505,08:25,前田 智也_962,69,男,退職,東京都23区,1500000,MUJI passport,食品,無印良品 不揃いバウム メープル 5袋,1390,1,朝のゆっくり時間に / おやつストック
955,15:55,前田 智也_962,69,男,退職,東京都23区,1500000,honto,電子書籍,hontoポイント 1000円分,1000,1,午後のくつろぎ中に / 次回用ポイント購入
540,09:00,井上 美穂,36,女,会社員,千葉県,4560000,MUJI passport,家具,無印良品 体にフィットするソファ 用 カバー,5990,0,勤務中こっそり / 汚れ補充
1115,18:35,井上 美穂,36,女,会社員,千葉県,4560000,Yodobashi.com,ゲーム,PS5 ソフト 「Final Fantasy XVII」,9680,1,通勤中ふと思い出して / 安心のリピート
1250,20:50,井上 美穂,36,女,会社員,千葉県,4560000,Yodobashi.com,ゲーム,PS5 ソフト 「Final Fantasy XVII」,9680,1,夜のリラックス中に / シリーズ続編
1260,21:00,井上 美穂,36,女,会社員,千葉県,4560000,Yahoo!ショッピング,日用品,レノア 本格消臭 詰替 1320ml,1015,1,夜のリラックス中に / PayPayキャンペーン
1265,21:05,井上 美穂,36,女,会社員,千葉県,4560000,MUJI passport,家具,無印良品 体にフィットするソファ 用 カバー,5990,1,夜のリラックス中に / 汚れ補充
470,07:50,田中 理恵,44,女,会社員,神奈川県,6530000,Amazon,電子書籍,Kindle ハイキュー!! 文庫版 1-3巻セット,1980,1,通勤中ふと思い出して / 懐かしい
515,08:35,田中 理恵,44,女,会社員,神奈川県,6530000,Amazon,日用品,クイックル ワイパー 立体吸着 ウェット 32枚,1136,0,勤務中こっそり / リピート
1150,19:10,田中 理恵,44,女,会社員,神奈川県,6530000,Uniqlo online,アパレル,ヒートテック クルーネックT 極暖 (グレー M),1990,0,夕食後にカートを処理 / 安心のリピート
1205,20:05,田中 理恵,44,女,会社員,神奈川県,6530000,iHerb,食品,California Gold ナッツミックス 907g,2562,1,夜のリラックス中に / 間食用
1290,21:30,田中 理恵,44,女,会社員,神奈川県,6530000,楽天市場,日用品,コストコ カークランド トイレットペーパー 30ロール,3939,1,夜のリラックス中に / まとめ買いお得
1090,18:10,橋本 智也,58,男,会社員,栃木県,8510000,楽天市場,化粧品,ETUDE ティアアイライナー 限定色,1488,1,通勤中ふと思い出して / 新作
1120,18:40,橋本 智也,58,男,会社員,栃木県,8510000,MUJI passport,日用品,無印良品 アロマオイル ラベンダー 10ml,1190,1,通勤中ふと思い出して / リラックス
1325,22:05,橋本 智也,58,男,会社員,栃木県,8510000,Yahoo!ショッピング,日用品,除菌洗剤 業務用 4L,3239,1,夜のリラックス中に / PayPay祭
1335,22:15,橋本 智也,58,男,会社員,栃木県,8510000,MUJI passport,家具,無印良品 やわらかフィットソファ 1人掛け 用 カバー,4990,1,夜のリラックス中に / 気分転換
1385,23:05,橋本 智也,58,男,会社員,栃木県,8510000,Amazon,電子書籍,Kindle 進撃の巨人 最終34巻,538,1,寝る前に思い立って / シリーズ完結
1155,19:15,松本 理恵_966,41,女,公務員,千葉県,5730000,iHerb,サプリ,California Gold ビタミンC 1000mg 240粒,2270,0,夕食後にカートを処理 / 風邪予防
1200,20:00,松本 理恵_966,41,女,公務員,千葉県,5730000,Yodobashi.com,ゲーム,PS5 ソフト 「Final Fantasy XVII」,9680,1,夜のリラックス中に / シリーズ続編
1210,20:10,松本 理恵_966,41,女,公務員,千葉県,5730000,楽天市場,食品,北海道産 ホタテ貝柱 1kg 訳あり,7755,1,夜のリラックス中に / ポイント10倍
1220,20:20,松本 理恵_966,41,女,公務員,千葉県,5730000,MUJI passport,食品,無印良品 不揃いバウム メープル 5袋,1390,1,夜のリラックス中に / おやつストック
1255,20:55,松本 理恵_966,41,女,公務員,千葉県,5730000,MUJI passport,家具,無印良品 体にフィットするソファ 用 カバー,5990,1,夜のリラックス中に / 汚れ補充
1400,23:20,松本 理恵_966,41,女,公務員,千葉県,5730000,Yodobashi.com,ゲーム,Nintendo Switch 2 ソフト 「マリオカートワールド」,9980,1,寝る前に思い立って / 発売日購入
440,07:20,石川 節子_967,30,女,会社員,千葉県,2650000,メルカリ,中古品,【動作確認済】Sony WH-1000XM4 黒 中古,18933,0,朝の準備中ふと / 新品より安い
1080,18:00,石川 節子_967,30,女,会社員,千葉県,2650000,ZOZOTOWN,アパレル,steven alan 別注 ボーダー T ホワイト x ネイビー,7700,1,通勤中ふと思い出して / ZOZO特集
1130,18:50,石川 節子_967,30,女,会社員,千葉県,2650000,メチャカリ,アパレル,メチャカリ ベーシックプラン 月額,3278,0,夕食後にカートを処理 / サブスクで色々試したい
1185,19:45,石川 節子_967,30,女,会社員,千葉県,2650000,Amazon,電化製品,Anker PowerLine III USB-C ケーブル 1.8m,1290,0,夕食後にカートを処理 / ケーブル断線
885,14:45,鈴木 京子,72,女,パート,茨城県,1270000,Amazon,コーヒー,UCC ザ ブレンド 114 レギュラーコーヒー 360g x 6,4858,0,勤務中こっそり / 安心のリピート
1305,21:45,鈴木 京子,72,女,パート,茨城県,1270000,Yahoo!ショッピング,日用品,レノア 本格消臭 詰替 1320ml,916,1,夜のリラックス中に / PayPayキャンペーン
480,08:00,後藤 綾,43,女,販売員,神奈川県,2990000,楽天市場,日用品,除菌できるウェットティッシュ 100枚 x 8パック,1777,0,朝の準備中ふと / ポイント10倍
1120,18:40,後藤 綾,43,女,販売員,神奈川県,2990000,Amazon,サブスク,Kindle Unlimited 3ヶ月分,2940,0,勤務中こっそり / 読み放題
1150,19:10,後藤 綾,43,女,販売員,神奈川県,2990000,Uniqlo online,アパレル,感動パンツ ウルトラライト ストレッチ ストレート (ブラック 32inch),3990,0,夕食後にカートを処理 / 通勤新調
1290,21:30,後藤 綾,43,女,販売員,神奈川県,2990000,Yahoo!ショッピング,日用品,除菌洗剤 業務用 4L,2739,1,夜のリラックス中に / PayPay祭
480,08:00,斎藤 健太,32,男,会社員,埼玉県,5840000,楽天市場,日用品,除菌できるウェットティッシュ 100枚 x 8パック,1755,1,通勤中ふと思い出して / ポイント10倍
625,10:25,斎藤 健太,32,男,会社員,埼玉県,5840000,ZOZOTOWN,シューズ,New Balance 327 グレー x ホワイト 24cm,12100,0,勤務中こっそり / 新色気になって
1090,18:10,斎藤 健太,32,男,会社員,埼玉県,5840000,Yodobashi.com,電化製品,シャープ プラズマクラスター イオン発生機 IG-NX15,18800,1,通勤中ふと思い出して / 花粉対策
1200,20:00,斎藤 健太,32,男,会社員,埼玉県,5840000,Amazon,電化製品,Logicool MX Master 3S ワイヤレスマウス,16504,1,夜のリラックス中に / 新調
1255,20:55,斎藤 健太,32,男,会社員,埼玉県,5840000,楽天市場,食品,台湾カステラ 6個セット,2483,1,夜のリラックス中に / 話題スイーツ
1285,21:25,斎藤 健太,32,男,会社員,埼玉県,5840000,Amazon,電子書籍,Kindle ハイキュー!! 文庫版 1-3巻セット,1980,1,夜のリラックス中に / 懐かしい
1350,22:30,斎藤 健太,32,男,会社員,埼玉県,5840000,ZOZOTOWN,シューズ,CONVERSE All Star OX 黒 25cm,6600,1,寝る前に思い立って / 定番補充
1065,17:45,藤田 蓮,54,男,会社員,千葉県,6740000,Amazon,日用品,エリエール 消臭+ トイレットペーパー 12ロール ダブル,661,0,勤務中こっそり / ストック切れ
1110,18:30,藤田 蓮,54,男,会社員,千葉県,6740000,Yahoo!ショッピング,日用品,除菌洗剤 業務用 4L,3139,1,通勤中ふと思い出して / PayPay祭
1265,21:05,藤田 蓮,54,男,会社員,千葉県,6740000,honto,書籍,夜は短し歩けよ乙女 (角川文庫),770,1,夜のリラックス中に / 再読
1350,22:30,藤田 蓮,54,男,会社員,千葉県,6740000,楽天市場,日用品,コストコ カークランド トイレットペーパー 30ロール,3957,1,寝る前に思い立って / 安心のリピート
610,10:10,斎藤 芽依_972,19,女,大学生,東京都23区,800000,ZOZOTOWN,アパレル,steven alan 別注 ボーダー T ホワイト x ネイビー,7700,0,勉強の息抜きに / ZOZO特集
1175,19:35,斎藤 芽依_972,19,女,大学生,東京都23区,800000,Amazon,コーヒー,猿田彦珈琲 大吉ブレンド ドリップバッグ 10個,1893,0,夕食後にカートを処理 / 気分転換
835,13:55,佐藤 貴志,43,男,飲食店,神奈川県,4050000,honto,書籍,THE THREE-BODY PROBLEM (English),2980,0,ランチ食べながら / 原書チャレンジ
1150,19:10,佐藤 貴志,43,男,飲食店,神奈川県,4050000,メルカリ,中古品,【動作確認済】Sony WH-1000XM4 黒 中古,19329,0,夕食後にカートを処理 / 新品より安い
1180,19:40,佐藤 貴志,43,男,飲食店,神奈川県,4050000,MUJI passport,家具,無印良品 体にフィットするソファ 用 カバー,5990,0,夕食後にカートを処理 / 汚れ補充
1190,19:50,佐藤 貴志,43,男,飲食店,神奈川県,4050000,Uniqlo online,アパレル,ヒートテック クルーネックT 極暖 (グレー M),1990,0,夕食後にカートを処理 / 冬支度
1290,21:30,佐藤 貴志,43,男,飲食店,神奈川県,4050000,Amazon,サブスク,Amazon Prime 年会費 (1年),5900,1,夜のリラックス中に / 年次自動更新
870,14:30,渡辺 桜,26,女,会社員,神奈川県,4110000,ZOZOTOWN,アパレル,steven alan 別注 ボーダー T ホワイト x ネイビー,7700,0,勤務中こっそり / ZOZO特集
1150,19:10,渡辺 桜,26,女,会社員,神奈川県,4110000,Amazon,電子書籍,Kindle 三体III 死神永生 上,1820,0,夕食後にカートを処理 / 話題のSF
1190,19:50,渡辺 桜,26,女,会社員,神奈川県,4110000,メルカリ,ホビー,ポケモンカード SV6a スカーレットex 1BOX,6879,0,夕食後にカートを処理 / 再販分
1210,20:10,渡辺 桜,26,女,会社員,神奈川県,4110000,ZOZOTOWN,アパレル,nano universe テーパード パンツ 9号,11000,1,夜のリラックス中に / オフィス用
1315,21:55,渡辺 桜,26,女,会社員,神奈川県,4110000,Uniqlo online,アパレル,エアリズム コットン クルーネックT 半袖 (ネイビー L),1290,1,夜のリラックス中に / 夏前リピート
615,10:15,小林 彩花_975,58,女,販売員,神奈川県,3820000,Uniqlo online,アパレル,感動パンツ ウルトラライト ストレッチ ストレート (ブラック 32inch),3990,0,勤務中こっそり / 通勤新調
665,11:05,小林 彩花_975,58,女,販売員,神奈川県,3820000,Amazon,電子書籍,Kindle ハイキュー!! 文庫版 1-3巻セット,1980,0,勤務中こっそり / 懐かしい
1250,20:50,小林 彩花_975,58,女,販売員,神奈川県,3820000,MUJI passport,日用品,無印良品 化粧水 敏感肌用 高保湿 200ml,690,1,夜のリラックス中に / リピート
1265,21:05,小林 彩花_975,58,女,販売員,神奈川県,3820000,Yahoo!ショッピング,日用品,レノア 本格消臭 詰替 1320ml,995,1,夜のリラックス中に / PayPayキャンペーン
1315,21:55,小林 彩花_975,58,女,販売員,神奈川県,3820000,honto,書籍,THE THREE-BODY PROBLEM (English),2980,1,夜のリラックス中に / 原書チャレンジ
750,12:30,伊藤 芽依,28,女,飲食店,東京都23区,3260000,メルカリ,ホビー,ポケモンカード SV6a スカーレットex 1BOX,7210,0,勤務中こっそり / 再販分
1010,16:50,伊藤 芽依,28,女,飲食店,東京都23区,3260000,MUJI passport,家具,無印良品 体にフィットするソファ 用 カバー,5990,0,勤務中こっそり / 汚れ補充
1205,20:05,伊藤 芽依,28,女,飲食店,東京都23区,3260000,iHerb,サプリ,California Gold ビタミンC 1000mg 240粒,2467,0,夕食後にカートを処理 / 風邪予防
1225,20:25,伊藤 芽依,28,女,飲食店,東京都23区,3260000,MUJI passport,日用品,無印良品 化粧水 敏感肌用 高保湿 200ml,690,0,夕食後にカートを処理 / リピート
1235,20:35,伊藤 芽依,28,女,飲食店,東京都23区,3260000,Yodobashi.com,電化製品,シャープ プラズマクラスター イオン発生機 IG-NX15,18800,1,夜のリラックス中に / 安心のリピート
1060,17:40,橋本 心春_977,20,女,パート,東京都市部,960000,Amazon,書籍,ジェイソン流お金の増やし方,1430,0,勤務中こっそり / 投資勉強
1150,19:10,橋本 心春_977,20,女,パート,東京都市部,960000,ZOZOTOWN,シューズ,CONVERSE All Star OX 黒 25cm,6600,0,夕食後にカートを処理 / 定番補充
415,06:55,林 陽翔_978,42,男,主婦・主夫,東京都市部,1970000,honto,書籍,夜は短し歩けよ乙女 (角川文庫),770,0,朝の準備中ふと / 計画通り
1180,19:40,林 陽翔_978,42,男,主婦・主夫,東京都市部,1970000,Uniqlo online,アパレル,エアリズム コットン クルーネックT 半袖 (ネイビー L),1290,0,夕食後にカートを処理 / 夏前リピート
1280,21:20,林 陽翔_978,42,男,主婦・主夫,東京都市部,1970000,Yodobashi.com,ゲーム,PS5 ソフト 「Final Fantasy XVII」,9680,0,家族の話題から / 計画通り
1375,22:55,林 陽翔_978,42,男,主婦・主夫,東京都市部,1970000,MUJI passport,食品,無印良品 不揃いバウム メープル 5袋,1390,0,家族の話題から / おやつストック
685,11:25,後藤 雄太,78,男,工場勤務,東京都23区,4290000,Amazon,電子書籍,Kindle ハイキュー!! 文庫版 1-3巻セット,1980,0,勤務中こっそり / 懐かしい
790,13:10,後藤 雄太,78,男,工場勤務,東京都23区,4290000,楽天市場,食品,台湾カステラ 6個セット,2583,0,ランチ食べながら / 話題スイーツ
1185,19:45,藤田 葵,67,女,パート,神奈川県,1840000,MUJI passport,家具,無印良品 やわらかフィットソファ 1人掛け 用 カバー,4990,0,夕食後にカートを処理 / 気分転換
1200,20:00,藤田 葵,67,女,パート,神奈川県,1840000,Yahoo!ショッピング,日用品,レノア 本格消臭 詰替 1320ml,972,0,夕食後にカートを処理 / 計画通り
430,07:10,松本 莉子,38,女,教員,東京都市部,6360000,Uniqlo online,アパレル,エアリズム コットン クルーネックT 半袖 (ネイビー L),1290,0,朝の準備中ふと / 夏前リピート
545,09:05,松本 莉子,38,女,教員,東京都市部,6360000,Uniqlo online,アパレル,リネンブレンド オープンカラー シャツ 半袖 (オフホワイト L),3990,0,勤務中こっそり / 週末カジュアル
1205,20:05,松本 莉子,38,女,教員,東京都市部,6360000,Yahoo!ショッピング,日用品,レノア 本格消臭 詰替 1320ml,1025,1,夜のリラックス中に / 安心のリピート
1240,20:40,松本 莉子,38,女,教員,東京都市部,6360000,Uniqlo online,アパレル,エアリズム コットン クルーネックT 半袖 (ネイビー L),1290,1,夜のリラックス中に / 夏前リピート
1265,21:05,松本 莉子,38,女,教員,東京都市部,6360000,Uniqlo online,アパレル,エアリズム コットン クルーネックT 半袖 (ネイビー L),1290,1,夜のリラックス中に / 夏前リピート
1345,22:25,松本 莉子,38,女,教員,東京都市部,6360000,MUJI passport,日用品,無印良品 アロマオイル ラベンダー 10ml,1190,1,夜のリラックス中に / リラックス
880,14:40,木村 拓海,26,男,フリーランス,東京都市部,2230000,ZOZOTOWN,アパレル,nano universe テーパード パンツ 9号,11000,0,仕事の合間に / オフィス用
1095,18:15,木村 拓海,26,男,フリーランス,東京都市部,2230000,MUJI passport,アパレル,無印良品 縦横ストレッチ 細身パンツ 黒 32inch,3990,0,夕食後にカートを処理 / 通勤用
1130,18:50,木村 拓海,26,男,フリーランス,東京都市部,2230000,MUJI passport,日用品,無印良品 化粧水 敏感肌用 高保湿 200ml,690,0,夕食後にカートを処理 / リピート
1235,20:35,木村 拓海,26,男,フリーランス,東京都市部,2230000,Amazon,電化製品,ELECOM USB-C ハブ 7-in-1 4K HDMI,6409,1,夜のリラックス中に / 在宅環境
470,07:50,渡辺 美咲,64,女,販売員,神奈川県,4290000,Amazon,サブスク,Amazon Prime 年会費 (1年),5900,0,朝の準備中ふと / 計画通り
1145,19:05,渡辺 美咲,64,女,販売員,神奈川県,4290000,iHerb,化粧品,CeraVe フェイシャル モイスチャライザー 89ml,2308,0,夕食後にカートを処理 / 計画通り
455,07:35,岡田 陽菜_984,64,女,デザイナー,東京都23区,2700000,楽天市場,食品,讃岐うどん 半生 太麺 1kg,1466,0,朝の準備中ふと / 在庫補充
595,09:55,岡田 陽菜_984,64,女,デザイナー,東京都23区,2700000,Amazon,コーヒー,UCC ザ ブレンド 114 レギュラーコーヒー 360g x 6,4919,0,仕事の合間に / 在宅用ストック
1030,17:10,山口 麻衣_985,66,女,退職,神奈川県,3460000,Amazon,サブスク,Kindle Unlimited 3ヶ月分,2940,1,午後のくつろぎ中に / 計画通り
1230,20:30,山口 麻衣_985,66,女,退職,神奈川県,3460000,Uniqlo online,アパレル,感動パンツ ウルトラライト ストレッチ ストレート (ブラック 32inch),3990,1,TVショッピング見て / 通勤新調
1145,19:05,山口 千尋_986,51,女,会社員,東京都市部,5830000,楽天市場,食品,讃岐うどん 半生 太麺 1kg,1380,0,夕食後にカートを処理 / 在庫補充
1205,20:05,山口 千尋_986,51,女,会社員,東京都市部,5830000,Amazon,書籍,ジェイソン流お金の増やし方,1430,1,夜のリラックス中に / 投資勉強
1325,22:05,山口 千尋_986,51,女,会社員,東京都市部,5830000,楽天市場,日用品,コストコ カークランド トイレットペーパー 30ロール,4146,1,夜のリラックス中に / まとめ買いお得
1350,22:30,山口 千尋_986,51,女,会社員,東京都市部,5830000,Amazon,書籍,世界一流エンジニアの思考法 (文春新書),990,1,寝る前に思い立って / 話題本
1395,23:15,山口 千尋_986,51,女,会社員,東京都市部,5830000,Uniqlo online,アパレル,リネンブレンド オープンカラー シャツ 半袖 (オフホワイト L),3990,1,寝る前に思い立って / 週末カジュアル
440,07:20,橋本 凛,51,女,会社員,埼玉県,5290000,honto,書籍,THE THREE-BODY PROBLEM (English),2980,0,朝の準備中ふと / 安心のリピート
645,10:45,橋本 凛,51,女,会社員,埼玉県,5290000,メルカリ,アパレル,MUJI 90s ヴィンテージ チノパン 31inch,3352,0,勤務中こっそり / 古着趣味
1350,22:30,橋本 凛,51,女,会社員,埼玉県,5290000,MUJI passport,家具,無印良品 体にフィットするソファ 用 カバー,5990,1,寝る前に思い立って / 安心のリピート
1405,23:25,橋本 凛,51,女,会社員,埼玉県,5290000,MUJI passport,家具,無印良品 やわらかフィットソファ 1人掛け 用 カバー,4990,1,寝る前に思い立って / 気分転換
710,11:50,斎藤 杏,42,女,ITエンジニア,埼玉県,6150000,Oisix,食品,Kit Oisix 牛肉と野菜のチンジャオロース 2人前,1580,0,仕事の合間に / 今夜の献立
1145,19:05,斎藤 杏,42,女,ITエンジニア,埼玉県,6150000,iHerb,化粧品,Burt's Bees リップ バーム ハニー,599,0,夕食後にカートを処理 / リピート
1195,19:55,斎藤 杏,42,女,ITエンジニア,埼玉県,6150000,MUJI passport,食品,無印良品 素材を生かしたカレー グリーン,350,1,夜のリラックス中に / ストック補充
1215,20:15,斎藤 杏,42,女,ITエンジニア,埼玉県,6150000,Amazon,サブスク,Amazon Prime 年会費 (1年),5900,1,夜のリラックス中に / 年次自動更新
1280,21:20,斎藤 杏,42,女,ITエンジニア,埼玉県,6150000,楽天市場,日用品,除菌できるウェットティッシュ 100枚 x 8パック,1532,1,夜のリラックス中に / ポイント10倍
1350,22:30,斎藤 杏,42,女,ITエンジニア,埼玉県,6150000,Uniqlo online,アパレル,感動パンツ ウルトラライト ストレッチ ストレート (ブラック 32inch),3990,1,夜のリラックス中に / 通勤新調
1000,16:40,松本 結衣_989,22,女,大学生,東京都市部,800000,メチャカリ,アパレル,メチャカリ ベーシックプラン 月額,3278,1,午後のくつろぎ中に / サブスクで色々試したい
1420,23:40,松本 結衣_989,22,女,大学生,東京都市部,800000,Yahoo!ショッピング,日用品,レノア 本格消臭 詰替 1320ml,1074,1,Instagram で広告見て / PayPayキャンペーン
480,08:00,松本 綾_990,37,女,会社員,東京都23区,7270000,BUYMA,アパレル,【正規品】POLO Ralph Lauren ケーブルニット 紺 M,25182,1,通勤中ふと思い出して / クラシック
520,08:40,松本 綾_990,37,女,会社員,東京都23区,7270000,楽天市場,化粧品,ETUDE ティアアイライナー 限定色,1517,0,勤務中こっそり / 新作
730,12:10,松本 綾_990,37,女,会社員,東京都23区,7270000,Amazon,電子書籍,Kindle 進撃の巨人 最終34巻,538,0,ランチ食べながら / シリーズ完結
1145,19:05,松本 綾_990,37,女,会社員,東京都23区,7270000,BUYMA,アパレル,【正規品】POLO Ralph Lauren ケーブルニット 紺 M,27076,0,夕食後にカートを処理 / クラシック
1270,21:10,松本 綾_990,37,女,会社員,東京都23区,7270000,Oisix,食品,Oisix おうちレストラン 旬の野菜セット,3980,1,夜のリラックス中に / 週末まとめ
1300,21:40,松本 綾_990,37,女,会社員,東京都23区,7270000,楽天市場,化粧品,資生堂 マキアージュ ドラマティック ジェリー BB,3611,1,夜のリラックス中に / ポイント祭
930,15:30,長谷川 彩花_991,72,女,主婦・主夫,東京都23区,820000,Yahoo!ショッピング,日用品,レノア 本格消臭 詰替 1320ml,1053,0,子供の世話の合間に / PayPayキャンペーン
1130,18:50,長谷川 彩花_991,72,女,主婦・主夫,東京都23区,820000,Uniqlo online,アパレル,リネンブレンド オープンカラー シャツ 半袖 (オフホワイト L),3990,0,夕食後にカートを処理 / 週末カジュアル
400,06:40,加藤 結衣_992,56,女,公務員,神奈川県,3480000,Yahoo!ショッピング,日用品,レノア 本格消臭 詰替 1320ml,932,0,朝の準備中ふと / PayPayキャンペーン
785,13:05,加藤 結衣_992,56,女,公務員,神奈川県,3480000,Yahoo!ショッピング,日用品,レノア 本格消臭 詰替 1320ml,961,0,勤務中こっそり / PayPayキャンペーン
1370,22:50,加藤 結衣_992,56,女,公務員,神奈川県,3480000,Uniqlo online,アパレル,エアリズム コットン クルーネックT 半袖 (ネイビー L),1290,1,寝る前に思い立って / 夏前リピート
1400,23:20,加藤 結衣_992,56,女,公務員,神奈川県,3480000,Yahoo!ショッピング,日用品,レノア 本格消臭 詰替 1320ml,1070,1,寝る前に思い立って / PayPayキャンペーン
935,15:35,中村 美穂_993,36,女,会社員,神奈川県,4390000,MUJI passport,日用品,無印良品 アロマオイル ラベンダー 10ml,1190,0,勤務中こっそり / リラックス
1210,20:10,中村 美穂_993,36,女,会社員,神奈川県,4390000,メルカリ,ホビー,【美品】鬼滅の刃 全巻セット 1-23巻,12041,1,夜のリラックス中に / 一気読み用
1240,20:40,中村 美穂_993,36,女,会社員,神奈川県,4390000,Uniqlo online,アパレル,リネンブレンド オープンカラー シャツ 半袖 (オフホワイト L),3990,1,夜のリラックス中に / 週末カジュアル
1285,21:25,中村 美穂_993,36,女,会社員,神奈川県,4390000,Yodobashi.com,電化製品,シャープ プラズマクラスター イオン発生機 IG-NX15,18800,1,夜のリラックス中に / 花粉対策
1360,22:40,中村 美穂_993,36,女,会社員,神奈川県,4390000,メルカリ,アパレル,【美品】UNIQLO x JW Anderson コラボ ニット L,4466,1,寝る前に思い立って / コラボ品再入手
480,08:00,岡田 京子,62,女,会社員,東京都市部,2790000,Amazon,日用品,LION クリニカ アドバンテージ ハミガキ 130g x 3,1102,1,通勤中ふと思い出して / まとめ買い
720,12:00,岡田 京子,62,女,会社員,東京都市部,2790000,honto,書籍,夜は短し歩けよ乙女 (角川文庫),770,0,ランチ食べながら / 再読
495,08:15,斎藤 麻衣_995,41,女,主婦・主夫,東京都23区,2890000,楽天市場,食品,讃岐うどん 半生 太麺 1kg,1404,0,朝の準備中ふと / 在庫補充
905,15:05,斎藤 麻衣_995,41,女,主婦・主夫,東京都23区,2890000,Uniqlo online,アパレル,リネンブレンド オープンカラー シャツ 半袖 (オフホワイト L),3990,0,子供の世話の合間に / 週末カジュアル
1130,18:50,斎藤 麻衣_995,41,女,主婦・主夫,東京都23区,2890000,honto,電子書籍,hontoポイント 1000円分,1000,0,夕食後にカートを処理 / 次回用ポイント購入
1340,22:20,斎藤 麻衣_995,41,女,主婦・主夫,東京都23区,2890000,Uniqlo online,アパレル,ヒートテック クルーネックT 極暖 (グレー M),1990,0,家族の話題から / 冬支度
935,15:35,山口 樹,20,男,大学生,埼玉県,800000,メルカリ,中古品,【動作確認済】Sony WH-1000XM4 黒 中古,20379,0,勉強の息抜きに / 新品より安い
1425,23:45,山口 樹,20,男,大学生,埼玉県,800000,MUJI passport,食品,無印良品 素材を生かしたカレー グリーン,350,1,Instagram で広告見て / ストック補充
1115,18:35,佐藤 誠,64,男,会社員,埼玉県,2670000,楽天市場,日用品,コストコ カークランド トイレットペーパー 30ロール,3882,1,通勤中ふと思い出して / まとめ買いお得
1270,21:10,佐藤 誠,64,男,会社員,埼玉県,2670000,MUJI passport,日用品,無印良品 アロマオイル ラベンダー 10ml,1190,1,夜のリラックス中に / リラックス
405,06:45,鈴木 雅人,51,男,会社員,千葉県,4350000,honto,書籍,THE THREE-BODY PROBLEM (English),2980,0,朝の準備中ふと / 原書チャレンジ
730,12:10,鈴木 雅人,51,男,会社員,千葉県,4350000,Amazon,サブスク,Kindle Unlimited 3ヶ月分,2940,0,ランチ食べながら / 読み放題
900,15:00,鈴木 雅人,51,男,会社員,千葉県,4350000,Yahoo!ショッピング,日用品,レノア 本格消臭 詰替 1320ml,1008,0,勤務中こっそり / PayPayキャンペーン
1095,18:15,鈴木 雅人,51,男,会社員,千葉県,4350000,honto,書籍,夜は短し歩けよ乙女 (角川文庫),770,1,通勤中ふと思い出して / 再読
1240,20:40,鈴木 雅人,51,男,会社員,千葉県,4350000,MUJI passport,アパレル,無印良品 縦横ストレッチ 細身パンツ 黒 32inch,3990,1,夜のリラックス中に / 通勤用
1215,20:15,林 理恵,61,女,主婦・主夫,千葉県,1490000,MUJI passport,家具,無印良品 体にフィットするソファ 用 カバー,5990,0,家族の話題から / 安心のリピート
1350,22:30,林 理恵,61,女,主婦・主夫,千葉県,1490000,Amazon,電化製品,Anker PowerLine III USB-C ケーブル 1.8m,1290,0,家族の話題から / 安心のリピート
